age,heart_rate,respiratory_rate,oxygen_saturation,consciousness,bleeding,injury_severity,breathing_difficulty,chest_pain,emergency_type,accident_type,severity
77,140,21,91,1,0,0,0,0,stroke,NONE,HIGH
47,52,20,95,0,1,0,1,0,respiratory,NONE,MEDIUM
83,127,22,90,0,0,1,0,0,accident,FALL,HIGH
67,144,31,86,1,1,1,1,1,cardiac,NONE,CRITICAL
59,125,24,90,1,0,1,1,0,accident,FALL,HIGH
43,108,20,94,0,1,0,1,0,accident,FALL,MEDIUM
49,87,15,97,0,0,0,0,0,respiratory,NONE,LOW
55,150,28,84,2,0,0,1,0,cardiac,NONE,CRITICAL
40,106,17,95,0,1,0,1,0,fire,FIRE,MEDIUM
12,106,16,93,0,0,0,0,0,other,NONE,MEDIUM
24,110,20,93,1,0,0,0,0,respiratory,NONE,MEDIUM
60,133,22,90,0,2,2,1,0,fire,FIRE,HIGH
14,118,20,95,0,0,2,1,0,accident,ROAD,MEDIUM
96,57,24,93,0,0,1,1,1,cardiac,NONE,MEDIUM
1,130,21,90,3,0,2,0,0,accident,INDUSTRIAL,HIGH
58,144,26,86,3,1,0,0,1,cardiac,NONE,CRITICAL
29,132,24,88,1,0,1,1,1,respiratory,NONE,HIGH
20,35,25,91,0,0,0,1,1,accident,ROAD,HIGH
47,104,18,94,0,0,0,0,0,fire,FIRE,MEDIUM
40,124,25,88,3,1,0,0,0,cardiac,NONE,HIGH
68,26,25,88,0,0,0,1,1,cardiac,NONE,HIGH
75,126,28,91,2,0,0,1,0,other,OTHER,HIGH
55,129,20,91,3,2,1,0,1,accident,ROAD,HIGH
41,119,15,94,0,0,0,0,0,respiratory,NONE,MEDIUM
45,106,18,95,0,0,2,0,0,trauma,INDUSTRIAL,MEDIUM
62,130,26,91,2,0,0,1,0,stroke,NONE,HIGH
46,127,25,89,2,1,1,0,1,cardiac,NONE,HIGH
36,93,15,97,0,0,0,0,0,accident,ROAD,LOW
34,132,27,91,0,3,0,0,1,accident,INDUSTRIAL,HIGH
12,25,30,86,2,2,3,1,1,fire,FIRE,CRITICAL
62,41,25,88,0,0,1,1,0,fire,FIRE,HIGH
8,114,19,94,0,0,0,0,0,respiratory,NONE,MEDIUM
33,114,20,90,0,3,2,0,0,trauma,FALL,MEDIUM
34,89,18,94,0,0,0,0,0,other,NONE,LOW
29,108,19,94,0,0,1,0,0,accident,FALL,MEDIUM
21,154,29,83,1,1,0,1,1,other,NONE,CRITICAL
53,96,10,96,0,1,0,0,0,accident,FALL,LOW
48,107,25,95,1,0,0,0,0,respiratory,NONE,MEDIUM
63,25,31,86,3,0,0,0,1,cardiac,NONE,CRITICAL
35,126,17,94,1,1,1,0,0,trauma,ROAD,MEDIUM
32,30,23,91,3,1,3,1,1,fire,FIRE,HIGH
49,134,26,91,0,2,2,1,0,trauma,ROAD,HIGH
91,103,15,97,0,0,0,0,0,other,NONE,LOW
33,72,12,97,0,0,0,0,0,other,OTHER,LOW
64,137,24,90,0,1,0,0,0,respiratory,NONE,HIGH
26,130,25,87,2,1,3,0,1,trauma,FALL,HIGH
35,40,18,94,0,0,0,0,0,other,OTHER,MEDIUM
42,91,15,96,0,0,0,1,0,cardiac,NONE,LOW
55,123,27,87,1,0,0,0,1,cardiac,NONE,HIGH
51,75,16,96,0,0,0,1,0,fire,FIRE,LOW
59,91,15,96,0,0,0,0,0,other,NONE,LOW
75,133,26,90,0,0,0,1,1,stroke,NONE,HIGH
67,134,24,91,1,2,0,0,0,fire,FIRE,HIGH
36,123,22,89,0,0,1,0,1,other,OTHER,HIGH
47,134,27,91,2,0,3,0,0,trauma,ROAD,HIGH
30,25,24,83,3,2,3,1,0,accident,INDUSTRIAL,HIGH
60,145,37,84,3,0,0,1,1,cardiac,NONE,CRITICAL
53,117,20,95,0,0,0,0,0,fire,FIRE,MEDIUM
54,121,15,95,0,3,0,0,0,accident,INDUSTRIAL,MEDIUM
32,107,23,94,0,0,1,0,0,trauma,OTHER,MEDIUM
35,77,13,96,0,0,0,0,0,other,OTHER,LOW
2,52,20,94,0,0,0,0,0,respiratory,NONE,MEDIUM
63,145,30,84,1,2,3,1,0,accident,ROAD,CRITICAL
71,132,22,89,2,1,1,0,1,stroke,NONE,HIGH
80,75,16,97,0,0,0,0,0,cardiac,NONE,LOW
9,25,30,85,3,0,1,1,0,respiratory,NONE,CRITICAL
43,105,18,94,0,0,0,0,0,fire,FIRE,MEDIUM
69,119,17,93,0,0,0,0,0,accident,FALL,MEDIUM
33,122,24,90,1,1,3,0,0,trauma,FALL,HIGH
42,112,19,94,0,3,1,0,0,trauma,ROAD,MEDIUM
69,114,18,95,0,2,1,0,0,trauma,ROAD,MEDIUM
96,117,21,95,0,0,2,0,0,accident,ROAD,MEDIUM
44,133,28,91,1,0,0,1,0,respiratory,NONE,HIGH
46,150,33,86,2,1,0,1,1,stroke,NONE,CRITICAL
35,58,24,95,0,2,1,0,0,accident,ROAD,MEDIUM
62,143,19,91,1,0,0,1,0,stroke,NONE,HIGH
29,87,16,95,0,0,0,0,0,other,NONE,LOW
76,39,21,88,0,3,1,0,0,trauma,INDUSTRIAL,HIGH
40,89,17,96,0,0,0,0,0,trauma,ROAD,LOW
70,30,23,91,0,2,0,1,1,accident,ROAD,HIGH
26,25,24,82,1,3,3,0,1,accident,ROAD,CRITICAL
42,149,29,85,1,1,0,1,0,respiratory,NONE,CRITICAL
37,131,28,90,1,0,0,1,1,other,NONE,HIGH
56,104,20,93,1,1,2,0,1,fire,FIRE,HIGH
64,104,18,97,0,0,1,0,0,trauma,INDUSTRIAL,LOW
67,136,22,89,2,0,1,0,0,stroke,NONE,HIGH
33,53,18,94,0,0,0,0,0,respiratory,NONE,MEDIUM
40,124,26,91,0,0,1,1,0,accident,ROAD,HIGH
53,88,14,97,0,0,2,0,0,other,OTHER,LOW
14,25,34,85,3,1,2,1,0,accident,FALL,CRITICAL
57,156,29,85,3,2,1,1,0,fire,FIRE,CRITICAL
29,43,25,94,0,2,0,1,1,other,OTHER,MEDIUM
53,147,28,82,3,1,3,1,0,trauma,FALL,CRITICAL
55,130,22,89,1,2,2,0,1,accident,ROAD,HIGH
70,147,28,85,3,3,3,1,0,accident,ROAD,CRITICAL
36,141,20,91,0,1,3,1,0,trauma,FALL,HIGH
62,114,19,93,0,0,0,0,0,cardiac,NONE,MEDIUM
58,123,20,91,0,0,0,0,1,cardiac,NONE,MEDIUM
88,159,26,81,3,0,0,1,0,stroke,NONE,CRITICAL
80,149,25,84,3,3,2,1,1,trauma,OTHER,CRITICAL
25,53,20,94,0,0,0,0,0,other,NONE,MEDIUM
30,124,25,91,1,0,0,0,1,cardiac,NONE,HIGH
26,137,18,90,0,0,0,0,0,respiratory,NONE,HIGH
46,100,13,97,0,0,0,0,0,other,NONE,LOW
46,122,24,90,0,0,1,1,1,other,OTHER,HIGH
66,125,24,94,1,0,0,1,0,stroke,NONE,MEDIUM
40,117,21,91,0,0,1,0,0,fire,FIRE,MEDIUM
51,88,12,97,0,0,0,0,0,other,OTHER,LOW
44,89,14,97,0,0,0,0,0,other,NONE,LOW
34,131,23,89,0,2,2,0,1,trauma,FALL,HIGH
48,107,12,97,0,0,0,0,0,other,OTHER,LOW
60,127,18,90,0,3,0,1,1,respiratory,NONE,HIGH
63,25,28,86,3,2,2,1,0,accident,INDUSTRIAL,CRITICAL
46,94,14,96,0,0,0,0,0,other,OTHER,LOW
16,92,13,96,0,0,0,0,0,trauma,OTHER,LOW
14,132,25,89,1,1,3,0,0,trauma,OTHER,HIGH
7,76,15,94,0,0,0,0,0,accident,ROAD,LOW
42,108,20,95,0,1,0,0,0,trauma,ROAD,MEDIUM
50,161,31,84,3,3,0,1,0,other,OTHER,CRITICAL
22,122,26,89,1,0,0,1,0,respiratory,NONE,HIGH
53,54,20,93,0,1,1,0,0,trauma,INDUSTRIAL,HIGH
45,109,18,93,1,0,0,0,0,other,NONE,MEDIUM
64,144,26,86,2,0,0,1,1,cardiac,NONE,CRITICAL
31,109,23,94,0,1,0,0,0,respiratory,NONE,MEDIUM
51,115,12,94,0,0,0,1,0,other,OTHER,MEDIUM
28,112,22,92,0,1,0,0,0,respiratory,NONE,MEDIUM
37,133,19,91,0,0,0,1,1,cardiac,NONE,HIGH
49,113,22,93,0,0,1,1,1,cardiac,NONE,MEDIUM
38,111,19,94,0,1,1,1,0,accident,ROAD,MEDIUM
63,149,28,86,2,2,0,0,1,cardiac,NONE,CRITICAL
84,25,30,86,2,3,2,1,0,trauma,OTHER,CRITICAL
50,111,20,95,0,0,0,0,0,accident,ROAD,MEDIUM
53,77,18,97,0,0,0,0,0,other,NONE,LOW
75,143,26,85,1,0,1,0,0,cardiac,NONE,CRITICAL
11,124,25,91,0,1,2,1,1,fire,FIRE,HIGH
14,104,15,93,0,0,0,0,0,accident,ROAD,MEDIUM
27,106,22,95,0,0,0,1,0,respiratory,NONE,MEDIUM
6,111,19,94,0,0,0,0,0,other,OTHER,MEDIUM
57,123,25,90,0,0,0,1,1,cardiac,NONE,HIGH
70,123,30,91,2,0,0,0,1,cardiac,NONE,HIGH
48,92,14,96,0,0,0,0,0,other,NONE,LOW
47,92,14,97,0,1,0,0,0,other,OTHER,LOW
28,132,23,89,1,0,0,1,0,other,NONE,HIGH
20,86,16,97,0,0,0,0,0,trauma,INDUSTRIAL,LOW
40,111,19,95,0,2,2,0,0,accident,ROAD,MEDIUM
23,78,16,96,0,0,0,0,0,respiratory,NONE,LOW
52,106,21,93,0,1,0,0,0,accident,ROAD,MEDIUM
12,108,18,92,0,0,0,0,0,other,NONE,MEDIUM
16,106,23,94,1,0,0,1,0,respiratory,NONE,MEDIUM
53,32,26,90,0,1,0,0,0,stroke,NONE,HIGH
68,145,31,82,1,0,0,0,1,cardiac,NONE,CRITICAL
25,25,28,84,2,3,1,1,0,accident,INDUSTRIAL,CRITICAL
99,126,27,89,0,0,0,0,1,cardiac,NONE,HIGH
9,25,28,86,1,1,3,1,0,fire,FIRE,CRITICAL
55,92,16,97,0,0,0,0,0,accident,FALL,LOW
33,165,33,84,1,2,1,1,0,fire,FIRE,CRITICAL
38,129,20,91,2,2,1,1,0,fire,FIRE,HIGH
36,91,15,96,0,1,0,0,0,trauma,OTHER,LOW
22,119,16,93,0,0,0,0,0,other,OTHER,MEDIUM
31,50,25,94,0,0,0,1,0,respiratory,NONE,MEDIUM
42,151,29,86,2,1,0,1,0,stroke,NONE,CRITICAL
73,90,16,96,0,0,0,0,0,cardiac,NONE,LOW
25,48,22,95,1,3,2,1,0,accident,ROAD,MEDIUM
60,94,19,97,0,0,0,0,0,cardiac,NONE,LOW
29,147,30,84,0,3,1,1,0,trauma,OTHER,CRITICAL
40,109,16,95,0,0,1,0,1,accident,ROAD,MEDIUM
29,109,21,95,0,0,0,0,1,respiratory,NONE,MEDIUM
48,149,29,85,1,0,1,0,0,other,NONE,CRITICAL
20,29,28,91,2,1,0,0,0,stroke,NONE,HIGH
91,87,17,96,0,0,0,0,0,cardiac,NONE,LOW
60,155,30,85,3,3,3,1,0,trauma,ROAD,CRITICAL
7,109,19,92,0,1,2,0,0,accident,INDUSTRIAL,MEDIUM
67,111,20,95,1,3,1,0,0,trauma,INDUSTRIAL,MEDIUM
43,143,33,85,3,0,1,1,0,cardiac,NONE,CRITICAL
49,110,19,92,0,0,1,1,0,trauma,FALL,MEDIUM
57,136,25,88,1,0,0,0,1,cardiac,NONE,HIGH
66,98,13,97,0,0,0,0,0,respiratory,NONE,LOW
18,67,17,97,0,1,0,0,1,other,NONE,LOW
63,123,27,90,1,0,0,0,1,cardiac,NONE,HIGH
37,154,33,85,3,0,0,1,1,cardiac,NONE,CRITICAL
31,71,17,97,0,0,0,0,0,fire,FIRE,LOW
26,91,18,97,0,0,0,0,0,trauma,OTHER,LOW
31,127,23,91,1,0,1,1,0,trauma,INDUSTRIAL,HIGH
53,123,22,91,1,0,0,0,1,cardiac,NONE,HIGH
57,94,16,94,0,0,0,1,0,respiratory,NONE,LOW
40,47,22,94,0,0,0,0,1,respiratory,NONE,MEDIUM
78,164,27,84,2,2,3,0,0,accident,INDUSTRIAL,CRITICAL
60,29,27,91,2,0,0,1,0,respiratory,NONE,HIGH
18,109,24,95,0,1,0,0,1,trauma,FALL,MEDIUM
23,125,26,90,2,1,2,1,1,accident,FALL,HIGH
38,143,27,85,2,0,1,0,0,stroke,NONE,CRITICAL
78,142,25,88,1,1,1,0,0,trauma,OTHER,HIGH
68,125,22,90,0,1,0,0,1,cardiac,NONE,HIGH
65,89,16,97,0,0,2,0,0,trauma,ROAD,LOW
51,40,29,89,0,1,0,1,0,respiratory,NONE,HIGH
61,86,15,97,0,1,0,0,0,trauma,INDUSTRIAL,LOW
36,98,15,97,0,0,0,0,0,other,NONE,LOW
16,111,19,93,0,0,1,1,0,respiratory,NONE,MEDIUM
99,108,20,93,0,0,0,0,0,cardiac,NONE,MEDIUM
70,25,29,86,3,1,1,0,1,other,NONE,CRITICAL
65,130,23,91,0,0,1,1,1,fire,FIRE,HIGH
31,90,15,96,0,0,1,0,0,trauma,FALL,LOW
23,144,25,85,2,2,1,1,1,accident,ROAD,CRITICAL
44,25,32,85,0,0,0,1,0,cardiac,NONE,CRITICAL
20,25,32,86,3,1,1,1,1,fire,FIRE,CRITICAL
24,89,16,96,0,0,2,0,0,accident,INDUSTRIAL,LOW
29,67,19,97,0,0,1,1,0,accident,ROAD,LOW
60,144,30,84,2,0,0,1,1,cardiac,NONE,CRITICAL
51,148,30,84,2,3,3,1,0,accident,INDUSTRIAL,CRITICAL
13,93,15,95,0,0,2,0,0,trauma,ROAD,LOW
29,125,27,91,1,1,1,1,0,fire,FIRE,HIGH
14,124,23,92,0,0,0,1,0,respiratory,NONE,MEDIUM
36,25,28,83,0,2,1,1,1,cardiac,NONE,CRITICAL
45,107,18,93,0,0,2,0,0,accident,ROAD,LOW
55,132,25,89,1,0,0,0,0,cardiac,NONE,HIGH
54,32,26,88,0,0,0,0,0,stroke,NONE,HIGH
35,126,21,91,0,0,1,0,1,cardiac,NONE,HIGH
51,94,18,92,0,0,0,0,0,respiratory,NONE,LOW
43,112,20,94,1,0,0,0,1,respiratory,NONE,MEDIUM
41,144,29,86,0,0,0,1,1,respiratory,NONE,CRITICAL
33,27,26,89,1,0,1,0,0,accident,FALL,HIGH
28,151,29,86,2,0,3,0,1,trauma,INDUSTRIAL,CRITICAL
40,36,23,90,1,3,3,1,0,fire,FIRE,HIGH
52,112,19,92,1,0,0,0,0,respiratory,NONE,MEDIUM
33,126,24,88,1,3,3,1,0,fire,FIRE,HIGH
48,139,26,89,3,0,1,0,1,respiratory,NONE,HIGH
62,56,22,94,0,0,0,0,0,respiratory,NONE,MEDIUM
21,93,16,95,0,0,0,0,0,trauma,ROAD,LOW
34,109,17,94,0,1,2,0,0,trauma,OTHER,MEDIUM
45,124,21,90,0,0,1,0,1,respiratory,NONE,HIGH
88,133,24,89,1,1,1,1,0,stroke,NONE,HIGH
34,143,29,85,1,0,0,1,1,other,NONE,CRITICAL
71,154,30,85,3,3,2,1,0,trauma,ROAD,CRITICAL
59,88,17,96,0,0,0,0,0,other,NONE,LOW
72,111,22,94,0,0,0,0,0,cardiac,NONE,MEDIUM
53,105,20,94,0,1,0,0,0,trauma,OTHER,MEDIUM
32,108,19,92,0,0,0,0,0,trauma,INDUSTRIAL,MEDIUM
56,92,14,96,0,0,1,0,0,trauma,FALL,LOW
47,112,23,95,1,3,2,0,0,accident,FALL,MEDIUM
31,143,27,86,2,1,1,1,1,stroke,NONE,CRITICAL
78,104,20,94,0,0,0,0,0,other,OTHER,MEDIUM
72,109,15,93,0,0,0,0,1,cardiac,NONE,MEDIUM
31,124,21,91,1,0,2,0,0,trauma,ROAD,HIGH
39,149,27,85,0,0,0,1,0,other,OTHER,CRITICAL
42,112,22,94,0,0,0,0,0,respiratory,NONE,MEDIUM
45,107,21,94,0,2,1,0,0,accident,ROAD,MEDIUM
53,107,16,93,0,0,0,0,0,other,NONE,MEDIUM
36,126,20,91,1,1,1,0,0,trauma,ROAD,HIGH
51,94,14,97,0,0,0,0,0,respiratory,NONE,LOW
33,25,28,85,3,3,3,1,1,accident,ROAD,CRITICAL
29,132,22,91,2,2,1,0,0,accident,FALL,HIGH
83,149,33,85,2,3,2,1,0,accident,ROAD,CRITICAL
25,89,16,94,0,1,0,0,0,accident,ROAD,LOW
48,25,30,86,2,0,2,1,0,trauma,FALL,CRITICAL
46,93,16,96,0,0,0,0,0,respiratory,NONE,LOW
8,102,14,97,0,0,0,1,0,accident,FALL,LOW
10,144,23,89,1,0,1,1,0,accident,ROAD,HIGH
40,111,16,92,0,0,3,0,0,trauma,FALL,MEDIUM
23,115,20,93,0,1,2,0,0,trauma,ROAD,MEDIUM
60,149,32,84,2,3,1,1,1,fire,FIRE,CRITICAL
46,93,18,97,0,0,0,0,0,other,NONE,LOW
46,107,18,94,0,0,2,1,0,fire,FIRE,MEDIUM
34,126,22,89,1,3,3,0,0,trauma,ROAD,HIGH
53,144,26,85,3,0,0,1,1,respiratory,NONE,CRITICAL
37,109,20,95,0,0,0,0,0,other,OTHER,MEDIUM
54,105,21,93,0,0,0,1,0,respiratory,NONE,MEDIUM
36,105,24,93,0,1,2,0,0,trauma,FALL,MEDIUM
24,90,18,93,0,0,0,1,0,fire,FIRE,LOW
36,76,14,94,0,0,0,0,0,other,NONE,LOW
51,109,23,93,0,0,1,0,0,accident,ROAD,MEDIUM
34,113,23,94,0,0,1,0,0,accident,ROAD,MEDIUM
58,145,33,83,2,1,0,0,1,cardiac,NONE,CRITICAL
67,56,17,93,0,2,2,0,0,accident,ROAD,MEDIUM
44,152,28,85,2,1,0,1,1,stroke,NONE,CRITICAL
25,151,31,85,0,3,3,0,1,accident,ROAD,HIGH
33,107,21,95,0,0,3,0,0,trauma,INDUSTRIAL,MEDIUM
48,110,22,93,1,1,0,1,1,accident,ROAD,MEDIUM
45,111,21,95,0,0,0,1,0,stroke,NONE,MEDIUM
24,120,23,92,0,0,1,1,0,other,NONE,MEDIUM
63,115,17,94,0,0,1,0,0,respiratory,NONE,MEDIUM
56,126,28,90,0,0,0,1,0,respiratory,NONE,HIGH
49,128,28,91,0,3,1,1,1,accident,ROAD,HIGH
41,60,20,94,0,1,1,1,1,accident,ROAD,MEDIUM
73,159,26,83,1,0,0,1,0,cardiac,NONE,CRITICAL
38,109,21,93,1,1,0,1,0,accident,ROAD,MEDIUM
33,104,17,97,0,0,1,0,0,other,NONE,LOW
17,130,18,89,2,1,1,1,0,respiratory,NONE,HIGH
72,154,26,84,2,0,1,1,1,other,NONE,CRITICAL
65,124,24,88,0,1,2,1,0,accident,INDUSTRIAL,HIGH
12,131,26,91,0,2,0,1,0,fire,FIRE,HIGH
54,99,14,97,0,0,0,0,1,cardiac,NONE,LOW
40,124,21,91,2,1,0,0,0,accident,FALL,CRITICAL
40,38,18,94,0,0,1,0,0,trauma,INDUSTRIAL,MEDIUM
44,108,21,95,0,0,0,0,0,other,OTHER,MEDIUM
46,108,15,95,0,0,1,1,0,accident,ROAD,MEDIUM
44,124,24,89,1,0,1,0,1,cardiac,NONE,HIGH
46,87,19,95,0,0,0,0,0,other,OTHER,LOW
47,75,13,96,0,0,0,0,0,accident,ROAD,LOW
65,111,22,94,0,1,0,0,0,accident,INDUSTRIAL,MEDIUM
53,89,15,97,0,0,0,0,0,other,NONE,LOW
73,134,25,91,2,1,3,0,0,accident,ROAD,HIGH
31,118,21,94,0,0,0,0,0,respiratory,NONE,MEDIUM
55,104,21,95,0,1,0,0,0,accident,INDUSTRIAL,MEDIUM
29,129,17,90,0,0,0,0,0,respiratory,NONE,MEDIUM
78,33,20,89,0,0,0,1,0,stroke,NONE,HIGH
70,52,20,95,1,0,0,0,0,trauma,INDUSTRIAL,MEDIUM
38,105,18,93,0,0,1,0,0,trauma,INDUSTRIAL,MEDIUM
24,123,23,90,0,0,1,1,1,other,OTHER,HIGH
50,36,21,89,1,0,0,0,0,stroke,NONE,HIGH
38,86,18,97,0,0,0,0,0,other,OTHER,LOW
49,114,18,94,0,0,1,1,1,accident,ROAD,MEDIUM
63,114,21,94,0,0,0,0,0,respiratory,NONE,MEDIUM
56,144,29,86,3,1,3,1,0,accident,INDUSTRIAL,CRITICAL
29,130,21,92,0,0,2,0,0,trauma,ROAD,MEDIUM
57,130,21,91,2,0,0,0,1,cardiac,NONE,HIGH
52,114,18,97,0,0,0,0,0,other,NONE,LOW
48,104,22,94,0,0,0,1,0,respiratory,NONE,MEDIUM
61,25,29,91,0,1,0,0,0,stroke,NONE,HIGH
35,139,21,88,1,1,1,0,1,trauma,FALL,HIGH
61,112,22,94,0,0,0,0,1,cardiac,NONE,MEDIUM
27,106,16,94,0,0,0,0,0,respiratory,NONE,MEDIUM
16,98,13,96,0,0,0,0,0,accident,ROAD,LOW
56,107,21,92,0,0,0,0,0,stroke,NONE,MEDIUM
74,125,23,88,2,0,0,1,1,cardiac,NONE,MEDIUM
47,97,16,94,0,0,0,0,0,other,NONE,LOW
84,145,33,84,2,1,0,1,1,cardiac,NONE,CRITICAL
30,71,16,94,0,0,0,0,0,accident,INDUSTRIAL,LOW
81,59,18,96,0,0,0,0,0,other,OTHER,LOW
33,144,25,84,3,0,0,1,0,respiratory,NONE,CRITICAL
46,111,16,95,1,2,0,0,0,accident,ROAD,MEDIUM
45,137,25,90,0,0,1,0,0,trauma,ROAD,HIGH
30,94,14,96,0,2,1,0,0,accident,FALL,LOW
60,92,14,95,0,0,0,0,0,accident,ROAD,LOW
42,104,23,94,0,0,0,1,0,stroke,NONE,MEDIUM
41,111,18,95,0,2,1,0,0,trauma,INDUSTRIAL,MEDIUM
70,150,27,84,1,0,1,1,1,cardiac,NONE,CRITICAL
50,122,25,91,0,0,0,1,1,other,NONE,HIGH
41,70,15,97,0,0,0,0,0,respiratory,NONE,LOW
36,128,24,89,1,0,0,0,0,respiratory,NONE,HIGH
62,154,28,85,2,0,1,1,1,cardiac,NONE,CRITICAL
25,98,20,97,0,0,0,0,0,other,NONE,LOW
10,76,14,96,0,0,0,0,0,other,NONE,LOW
81,161,32,83,2,3,2,1,0,trauma,FALL,CRITICAL
51,150,29,84,0,1,3,0,1,accident,ROAD,CRITICAL
77,146,30,85,0,1,0,1,1,cardiac,NONE,CRITICAL
48,106,21,94,1,0,0,0,0,trauma,OTHER,MEDIUM
57,129,26,90,0,1,0,0,0,other,NONE,HIGH
70,97,17,95,0,1,0,0,0,fire,FIRE,LOW
22,149,31,84,1,1,0,1,1,cardiac,NONE,CRITICAL
42,107,21,93,0,0,0,1,0,cardiac,NONE,MEDIUM
91,122,26,91,3,0,0,1,1,cardiac,NONE,HIGH
50,78,19,96,0,1,0,0,0,other,NONE,LOW
24,127,25,91,0,0,1,1,0,trauma,FALL,HIGH
66,160,29,85,3,0,0,1,0,stroke,NONE,HIGH
61,123,23,91,1,0,0,1,0,cardiac,NONE,HIGH
46,92,16,96,0,0,0,0,0,other,NONE,LOW
27,100,19,95,0,0,0,0,0,trauma,FALL,LOW
52,115,16,93,0,0,2,0,0,trauma,FALL,LOW
66,130,27,89,1,1,1,0,0,trauma,OTHER,HIGH
64,143,20,91,1,0,0,1,0,cardiac,NONE,HIGH
13,104,23,94,0,2,0,0,0,accident,ROAD,MEDIUM
87,130,25,91,1,1,0,0,1,cardiac,NONE,HIGH
49,124,21,90,1,0,0,0,0,other,OTHER,HIGH
78,33,22,91,1,0,0,0,1,respiratory,NONE,HIGH
30,68,14,97,0,0,0,0,0,respiratory,NONE,LOW
88,128,23,91,1,0,0,1,1,cardiac,NONE,HIGH
34,106,19,95,0,0,0,0,0,stroke,NONE,MEDIUM
51,143,30,85,3,2,0,1,1,trauma,FALL,CRITICAL
28,101,22,97,0,0,1,0,0,trauma,OTHER,LOW
9,25,29,85,2,0,2,1,0,respiratory,NONE,CRITICAL
20,144,31,85,1,3,3,0,0,accident,ROAD,CRITICAL
69,146,29,86,1,1,2,1,0,accident,ROAD,CRITICAL
53,104,20,93,0,0,0,0,0,other,OTHER,MEDIUM
54,132,19,89,0,3,2,1,0,trauma,INDUSTRIAL,HIGH
35,113,20,94,0,0,0,0,1,other,OTHER,MEDIUM
30,89,17,96,0,0,0,0,0,respiratory,NONE,LOW
52,120,19,95,0,0,0,0,0,accident,INDUSTRIAL,MEDIUM
52,113,21,93,0,0,1,1,0,respiratory,NONE,MEDIUM
40,69,17,97,0,0,0,1,0,other,OTHER,LOW
13,104,23,95,0,0,0,1,0,trauma,ROAD,MEDIUM
53,112,15,92,0,0,0,0,1,fire,FIRE,MEDIUM
23,57,11,91,0,0,1,1,0,trauma,FALL,MEDIUM
64,104,23,90,0,0,0,0,0,other,OTHER,MEDIUM
61,127,22,90,3,1,0,1,1,cardiac,NONE,HIGH
31,110,23,94,0,0,0,1,0,accident,INDUSTRIAL,MEDIUM
58,108,21,95,0,0,1,1,0,trauma,FALL,MEDIUM
32,96,17,97,0,0,2,0,0,fire,FIRE,LOW
50,111,22,92,0,0,2,0,0,trauma,ROAD,MEDIUM
63,115,23,93,0,1,0,0,0,trauma,ROAD,MEDIUM
89,60,17,93,0,0,0,0,0,other,OTHER,MEDIUM
56,145,34,84,1,1,0,0,0,accident,ROAD,CRITICAL
49,57,20,95,0,0,1,0,0,accident,ROAD,MEDIUM
37,89,16,97,0,0,0,0,0,accident,FALL,LOW
80,58,21,94,0,0,0,1,0,cardiac,NONE,MEDIUM
3,54,13,93,0,1,0,0,0,accident,ROAD,MEDIUM
71,87,14,96,0,0,0,0,0,cardiac,NONE,LOW
46,123,28,91,1,0,1,1,1,cardiac,NONE,HIGH
92,87,18,93,0,0,0,0,1,cardiac,NONE,LOW
34,99,17,95,0,0,0,0,0,other,OTHER,LOW
34,146,25,85,0,0,2,1,0,stroke,NONE,CRITICAL
37,134,25,91,1,3,1,0,0,trauma,INDUSTRIAL,HIGH
83,134,21,90,0,0,1,1,0,accident,INDUSTRIAL,HIGH
53,51,19,93,0,0,0,0,0,other,NONE,MEDIUM
75,114,18,93,0,0,0,0,1,cardiac,NONE,MEDIUM
33,142,25,90,0,0,0,0,0,cardiac,NONE,HIGH
33,90,19,96,0,0,0,0,0,trauma,ROAD,LOW
35,30,22,91,0,0,0,0,0,other,NONE,HIGH
53,95,18,97,0,0,0,0,0,stroke,NONE,LOW
65,29,26,91,1,1,3,0,0,stroke,NONE,HIGH
88,145,27,85,0,1,0,0,1,cardiac,NONE,CRITICAL
27,90,20,97,0,0,0,0,0,other,NONE,LOW
45,107,18,95,0,0,0,0,0,other,NONE,MEDIUM
45,157,28,86,3,2,3,1,1,fire,FIRE,CRITICAL
83,128,27,90,0,0,0,0,1,cardiac,NONE,HIGH
34,149,29,85,2,1,1,1,0,fire,FIRE,CRITICAL
19,50,20,94,0,2,1,1,0,accident,ROAD,MEDIUM
59,86,13,96,0,0,0,1,1,respiratory,NONE,LOW
60,125,19,91,1,0,0,0,1,cardiac,NONE,HIGH
52,125,21,89,2,0,0,1,0,other,OTHER,HIGH
42,127,28,90,0,0,1,0,0,respiratory,NONE,HIGH
11,133,24,91,0,0,1,0,0,respiratory,NONE,HIGH
30,55,16,97,0,0,0,1,0,other,NONE,LOW
13,142,28,84,1,3,2,1,0,trauma,ROAD,CRITICAL
56,114,18,93,1,0,1,0,0,accident,FALL,MEDIUM
82,87,14,97,0,0,0,1,0,respiratory,NONE,LOW
50,135,20,91,0,2,2,1,1,trauma,INDUSTRIAL,HIGH
40,124,26,91,1,2,3,1,1,fire,FIRE,MEDIUM
44,135,26,89,1,0,0,1,0,other,NONE,CRITICAL
80,53,24,94,0,0,0,0,1,cardiac,NONE,MEDIUM
69,107,19,94,0,0,0,0,0,accident,ROAD,MEDIUM
55,133,26,91,0,2,0,0,1,fire,FIRE,HIGH
29,76,14,97,1,0,0,0,0,trauma,FALL,LOW
40,123,19,91,2,0,1,1,0,stroke,NONE,HIGH
27,92,14,97,0,0,1,0,0,fire,FIRE,LOW
61,58,23,93,0,0,0,0,0,trauma,ROAD,MEDIUM
17,88,15,95,0,0,0,0,0,other,OTHER,LOW
21,114,19,95,0,0,0,0,1,other,NONE,MEDIUM
31,127,27,90,0,2,2,1,1,trauma,OTHER,HIGH
1,105,21,95,1,0,2,0,1,trauma,INDUSTRIAL,MEDIUM
37,115,22,94,0,1,2,0,0,trauma,OTHER,MEDIUM
41,109,20,95,0,3,0,0,0,fire,FIRE,MEDIUM
29,125,23,91,1,3,1,1,0,trauma,INDUSTRIAL,HIGH
21,35,23,90,1,2,3,1,0,accident,ROAD,HIGH
38,88,17,95,0,0,0,0,0,accident,ROAD,LOW
10,146,28,83,1,0,0,1,0,other,NONE,CRITICAL
40,126,23,90,1,0,0,1,1,cardiac,NONE,CRITICAL
64,88,14,96,0,0,0,0,0,trauma,ROAD,LOW
34,57,19,97,0,0,0,0,0,cardiac,NONE,LOW
76,127,21,89,1,0,1,1,0,respiratory,NONE,HIGH
33,123,22,90,0,3,3,0,0,trauma,OTHER,HIGH
50,104,19,93,0,2,1,0,0,fire,FIRE,MEDIUM
27,135,22,90,0,0,0,0,1,cardiac,NONE,HIGH
9,126,27,91,1,3,2,0,1,trauma,INDUSTRIAL,MEDIUM
28,113,26,93,0,3,1,0,0,accident,ROAD,MEDIUM
47,66,16,94,0,1,0,1,0,accident,ROAD,LOW
99,134,23,91,0,0,0,1,1,cardiac,NONE,HIGH
34,147,29,83,3,2,2,1,0,fire,FIRE,CRITICAL
36,59,17,95,0,2,2,0,0,trauma,OTHER,MEDIUM
19,53,21,93,0,0,0,0,0,respiratory,NONE,MEDIUM
83,112,19,94,0,1,0,1,0,accident,INDUSTRIAL,MEDIUM
25,117,22,95,1,1,2,0,0,accident,ROAD,MEDIUM
86,93,19,96,0,0,0,0,0,cardiac,NONE,LOW
26,39,24,95,0,0,0,1,0,respiratory,NONE,MEDIUM
91,145,33,83,3,0,0,1,1,cardiac,NONE,CRITICAL
16,75,15,97,0,0,0,0,1,other,OTHER,LOW
36,92,12,95,0,0,0,0,0,other,OTHER,LOW
92,129,24,91,2,0,0,0,1,cardiac,NONE,HIGH
36,87,15,97,0,1,1,0,0,trauma,ROAD,LOW
51,76,18,97,1,0,0,0,0,respiratory,NONE,LOW
83,128,23,89,1,2,1,0,1,cardiac,NONE,HIGH
33,107,23,93,1,1,1,0,0,trauma,FALL,MEDIUM
51,25,26,86,3,0,0,1,0,cardiac,NONE,CRITICAL
42,49,20,92,0,0,1,1,0,stroke,NONE,MEDIUM
39,126,22,90,1,0,0,1,0,respiratory,NONE,HIGH
99,116,22,93,0,0,1,0,0,cardiac,NONE,MEDIUM
86,138,26,91,2,0,1,1,0,cardiac,NONE,HIGH
35,123,24,91,0,1,0,1,1,cardiac,NONE,HIGH
53,124,26,90,0,0,1,0,1,cardiac,NONE,HIGH
29,33,26,90,0,0,0,0,1,respiratory,NONE,HIGH
63,32,24,91,0,0,2,1,0,stroke,NONE,HIGH
52,111,20,93,0,0,0,0,0,respiratory,NONE,MEDIUM
63,122,29,91,0,0,1,0,1,trauma,INDUSTRIAL,HIGH
21,151,29,86,1,1,3,1,0,trauma,FALL,CRITICAL
74,126,25,90,2,1,0,0,1,cardiac,NONE,CRITICAL
9,74,20,96,0,0,0,0,0,other,OTHER,LOW
57,123,24,90,1,0,0,1,0,cardiac,NONE,HIGH
56,119,20,95,0,0,0,1,0,stroke,NONE,MEDIUM
69,154,32,85,0,3,0,1,1,fire,FIRE,CRITICAL
15,88,16,96,0,0,0,1,0,accident,FALL,LOW
44,87,15,95,0,0,0,0,0,other,NONE,MEDIUM
67,110,22,93,0,2,0,0,0,trauma,OTHER,MEDIUM
31,123,26,91,0,0,2,1,0,accident,FALL,HIGH
25,124,28,89,1,3,3,0,0,accident,INDUSTRIAL,HIGH
73,106,16,94,0,0,0,0,0,stroke,NONE,MEDIUM
1,77,14,95,0,0,0,0,0,other,OTHER,LOW
40,96,18,95,0,1,1,0,0,trauma,OTHER,LOW
64,146,31,86,2,0,0,0,1,cardiac,NONE,CRITICAL
29,105,20,90,0,1,1,0,0,accident,ROAD,MEDIUM
70,106,19,92,0,0,0,1,0,other,OTHER,MEDIUM
24,93,18,95,0,0,0,0,0,accident,ROAD,LOW
48,108,19,92,0,0,0,0,0,respiratory,NONE,MEDIUM
48,170,30,84,2,2,3,1,1,accident,ROAD,CRITICAL
55,106,24,94,0,0,0,0,0,respiratory,NONE,MEDIUM
45,73,10,96,0,0,0,0,0,other,OTHER,MEDIUM
81,25,32,85,2,1,1,1,1,cardiac,NONE,CRITICAL
54,144,25,84,1,0,1,1,0,cardiac,NONE,CRITICAL
52,110,23,94,0,0,1,1,1,cardiac,NONE,MEDIUM
28,125,27,88,1,0,0,0,1,cardiac,NONE,HIGH
57,129,25,89,1,1,3,1,0,accident,ROAD,HIGH
24,110,18,94,0,0,0,1,0,respiratory,NONE,MEDIUM
50,30,23,90,2,0,0,1,0,stroke,NONE,HIGH
45,124,23,89,1,1,1,0,0,trauma,ROAD,HIGH
42,102,13,96,0,0,0,0,0,accident,ROAD,LOW
38,134,24,91,3,3,3,1,0,trauma,FALL,MEDIUM
21,25,23,90,0,0,0,1,1,cardiac,NONE,HIGH
40,125,25,91,1,1,1,1,1,respiratory,NONE,HIGH
39,91,15,96,0,0,0,1,0,other,OTHER,LOW
36,96,21,97,0,0,0,0,0,respiratory,NONE,LOW
16,150,33,84,0,1,3,0,1,accident,FALL,CRITICAL
54,129,22,93,0,0,0,1,0,fire,FIRE,MEDIUM
75,132,23,88,1,0,1,0,1,cardiac,NONE,HIGH
14,93,18,96,0,0,0,0,0,cardiac,NONE,LOW
32,144,29,86,3,3,3,1,0,fire,FIRE,CRITICAL
50,93,15,96,0,0,2,0,0,other,OTHER,LOW
50,149,26,85,2,1,0,1,0,stroke,NONE,CRITICAL
1,124,24,88,1,1,2,0,0,accident,ROAD,HIGH
62,160,33,85,2,0,0,1,0,cardiac,NONE,CRITICAL
51,88,16,95,0,0,0,0,0,other,OTHER,LOW
7,125,26,91,3,1,2,1,0,accident,ROAD,HIGH
72,158,27,85,1,3,3,1,0,fire,FIRE,CRITICAL
28,140,21,91,2,0,0,1,1,respiratory,NONE,HIGH
58,126,20,91,2,0,0,1,1,cardiac,NONE,HIGH
30,110,22,93,0,0,1,0,0,trauma,INDUSTRIAL,MEDIUM
46,56,20,94,0,0,2,0,0,other,NONE,MEDIUM
51,105,18,93,0,0,1,0,0,accident,ROAD,MEDIUM
49,128,27,89,0,0,0,0,0,other,NONE,HIGH
99,131,27,89,0,0,0,1,1,cardiac,NONE,HIGH
83,110,20,93,0,0,0,1,1,cardiac,NONE,MEDIUM
89,120,22,93,0,1,0,1,1,cardiac,NONE,MEDIUM
18,149,30,84,0,3,2,1,1,trauma,FALL,CRITICAL
54,156,30,84,3,1,0,1,0,fire,FIRE,CRITICAL
69,106,16,95,0,0,0,0,0,stroke,NONE,MEDIUM
17,38,22,90,0,3,2,0,1,accident,ROAD,HIGH
16,114,22,95,0,0,1,0,0,accident,INDUSTRIAL,MEDIUM
69,126,22,89,0,0,1,0,0,stroke,NONE,HIGH
36,96,13,96,0,0,0,0,1,cardiac,NONE,LOW
35,105,21,95,0,0,0,0,0,stroke,NONE,MEDIUM
16,126,28,91,1,0,2,1,0,accident,INDUSTRIAL,HIGH
36,147,27,86,3,2,3,1,1,accident,ROAD,CRITICAL
56,25,30,86,2,1,0,0,1,cardiac,NONE,CRITICAL
44,112,20,95,0,0,2,0,0,trauma,ROAD,MEDIUM
30,98,16,96,0,0,0,0,0,other,OTHER,LOW
3,91,17,97,0,0,0,0,0,respiratory,NONE,LOW
38,77,12,95,0,0,0,0,0,other,OTHER,LOW
23,124,23,90,1,2,2,1,0,trauma,OTHER,HIGH
51,125,22,91,0,0,0,1,0,stroke,NONE,HIGH
78,87,20,96,0,0,0,0,0,respiratory,NONE,LOW
57,146,28,85,3,0,1,1,1,stroke,NONE,CRITICAL
60,93,18,96,0,1,0,0,0,trauma,INDUSTRIAL,LOW
67,142,30,86,1,0,0,1,1,cardiac,NONE,HIGH
18,87,14,95,0,0,0,0,0,other,NONE,LOW
83,113,21,94,0,2,0,0,0,cardiac,NONE,MEDIUM
52,97,16,96,0,0,0,0,0,other,OTHER,LOW
41,87,16,95,0,0,0,1,0,other,OTHER,LOW
49,56,19,93,0,1,0,1,1,accident,FALL,MEDIUM
11,39,21,91,1,3,3,1,1,accident,FALL,HIGH
58,128,26,91,1,0,0,0,1,cardiac,NONE,HIGH
35,155,27,85,2,1,2,1,1,fire,FIRE,CRITICAL
82,126,25,89,3,0,0,0,0,cardiac,NONE,HIGH
4,101,20,94,0,0,2,0,0,trauma,ROAD,LOW
42,123,24,91,0,1,0,0,0,respiratory,NONE,HIGH
76,145,27,82,3,0,2,0,0,other,OTHER,CRITICAL
55,67,16,95,0,0,0,0,0,other,NONE,LOW
25,138,23,88,0,0,0,0,0,trauma,FALL,HIGH
41,153,29,84,1,0,0,1,0,other,OTHER,CRITICAL
35,74,16,96,0,0,0,0,0,other,NONE,MEDIUM
13,87,18,95,0,0,0,0,0,accident,ROAD,LOW
56,108,22,94,0,0,0,0,1,cardiac,NONE,MEDIUM
28,124,25,91,2,0,0,1,0,respiratory,NONE,HIGH
63,163,30,85,3,0,1,1,1,stroke,NONE,CRITICAL
78,147,30,85,3,0,1,1,0,stroke,NONE,CRITICAL
48,146,29,84,3,0,0,1,0,cardiac,NONE,CRITICAL
59,117,16,92,0,1,1,1,1,trauma,FALL,MEDIUM
74,125,20,89,1,0,0,1,0,other,NONE,HIGH
56,107,23,92,0,0,2,0,0,accident,INDUSTRIAL,MEDIUM
15,29,26,91,0,1,0,0,0,respiratory,NONE,HIGH
38,99,13,95,0,0,1,0,0,accident,FALL,LOW
84,164,30,83,3,0,0,1,0,stroke,NONE,CRITICAL
32,122,20,92,0,0,0,0,0,accident,INDUSTRIAL,MEDIUM
45,90,14,97,0,0,0,0,0,accident,ROAD,LOW
97,124,26,89,2,0,1,0,1,cardiac,NONE,HIGH
72,51,15,94,0,1,0,0,0,respiratory,NONE,MEDIUM
36,55,22,93,0,1,1,1,0,trauma,INDUSTRIAL,MEDIUM
72,101,19,95,0,0,0,0,0,trauma,FALL,LOW
33,96,19,96,0,0,0,0,0,respiratory,NONE,LOW
36,57,20,92,0,0,0,1,1,cardiac,NONE,MEDIUM
39,152,33,86,2,0,0,1,1,respiratory,NONE,CRITICAL
17,50,22,90,0,0,0,0,1,cardiac,NONE,MEDIUM
42,77,13,95,1,0,1,0,0,other,OTHER,LOW
32,110,19,94,1,0,0,0,0,other,OTHER,MEDIUM
63,135,27,90,2,0,0,0,0,cardiac,NONE,HIGH
36,173,30,85,2,0,3,1,0,respiratory,NONE,CRITICAL
61,70,18,95,1,0,0,0,0,trauma,OTHER,LOW
30,111,19,94,0,2,1,0,0,accident,FALL,LOW
13,132,23,91,1,2,1,0,1,other,NONE,HIGH
50,112,18,93,0,0,1,0,0,trauma,OTHER,MEDIUM
29,55,22,95,0,0,2,0,0,trauma,INDUSTRIAL,MEDIUM
59,125,27,90,0,2,2,0,0,fire,FIRE,HIGH
28,93,19,95,0,0,0,0,0,other,NONE,LOW
44,125,21,95,0,0,0,0,0,respiratory,NONE,MEDIUM
22,110,19,93,0,0,0,1,0,other,OTHER,MEDIUM
99,132,21,91,1,1,0,0,1,cardiac,NONE,HIGH
49,115,16,91,0,0,0,0,0,stroke,NONE,MEDIUM
35,97,14,95,0,0,0,1,0,respiratory,NONE,LOW
76,144,27,85,3,0,0,0,1,cardiac,NONE,CRITICAL
53,133,24,90,0,3,3,0,1,trauma,FALL,HIGH
34,124,22,88,0,0,0,0,1,other,OTHER,HIGH
19,122,22,91,1,2,1,0,0,trauma,ROAD,HIGH
41,25,28,84,1,3,3,0,1,accident,ROAD,CRITICAL
47,87,15,96,0,0,0,0,0,other,OTHER,LOW
43,110,19,95,0,1,1,0,1,accident,ROAD,MEDIUM
34,125,23,91,1,0,1,1,0,accident,ROAD,HIGH
57,34,25,90,1,0,0,1,1,cardiac,NONE,HIGH
54,92,17,97,0,1,0,0,0,respiratory,NONE,LOW
40,112,19,94,1,2,0,0,0,accident,INDUSTRIAL,MEDIUM
20,88,18,97,0,0,0,0,0,other,OTHER,LOW
14,113,19,93,0,0,1,1,0,respiratory,NONE,MEDIUM
14,91,14,96,0,0,0,0,0,other,NONE,LOW
32,107,24,94,0,0,2,1,0,fire,FIRE,MEDIUM
19,96,14,97,0,0,0,0,0,fire,FIRE,LOW
32,131,22,91,2,1,0,0,1,accident,INDUSTRIAL,HIGH
25,120,20,93,1,0,1,1,0,respiratory,NONE,HIGH
53,123,23,90,3,1,3,0,0,accident,ROAD,HIGH
38,57,17,96,0,0,0,0,0,accident,ROAD,LOW
53,152,36,85,2,0,1,1,0,stroke,NONE,CRITICAL
57,115,22,95,0,0,0,0,1,cardiac,NONE,MEDIUM
33,131,21,90,0,2,2,0,1,accident,ROAD,CRITICAL
94,146,25,86,0,1,0,1,1,cardiac,NONE,CRITICAL
71,30,26,90,2,0,1,1,0,fire,FIRE,HIGH
60,111,16,95,0,0,0,0,0,cardiac,NONE,LOW
30,73,16,97,0,0,0,0,0,respiratory,NONE,LOW
59,109,24,92,0,1,0,0,0,accident,FALL,MEDIUM
39,58,19,94,0,0,0,0,0,other,NONE,MEDIUM
98,109,21,94,0,0,2,1,0,fire,FIRE,MEDIUM
34,91,19,96,0,1,0,0,0,respiratory,NONE,LOW
52,109,21,94,0,2,2,1,0,fire,FIRE,MEDIUM
41,111,15,94,0,1,1,0,0,trauma,FALL,MEDIUM
10,90,15,96,0,1,0,0,0,accident,INDUSTRIAL,LOW
49,64,18,96,0,1,0,0,0,accident,FALL,LOW
58,107,14,94,0,1,0,0,0,accident,ROAD,MEDIUM
7,87,15,97,0,0,0,0,0,other,OTHER,LOW
26,105,20,94,1,0,0,0,1,cardiac,NONE,MEDIUM
11,130,25,89,1,0,0,1,0,other,NONE,HIGH
19,98,14,97,0,0,2,0,0,accident,FALL,LOW
34,25,29,85,2,0,0,0,1,cardiac,NONE,CRITICAL
47,91,17,97,0,0,0,0,0,accident,INDUSTRIAL,LOW
50,105,15,93,0,1,0,0,0,other,NONE,MEDIUM
44,141,25,90,2,0,0,1,1,cardiac,NONE,HIGH
42,122,20,95,0,1,1,0,0,accident,INDUSTRIAL,MEDIUM
65,88,15,96,0,0,0,0,0,accident,ROAD,LOW
99,127,26,90,0,0,0,0,1,cardiac,NONE,HIGH
45,42,26,91,0,0,0,1,0,other,NONE,HIGH
32,146,29,84,2,2,2,0,1,trauma,OTHER,CRITICAL
57,151,32,84,1,0,0,1,0,stroke,NONE,CRITICAL
64,122,26,90,2,3,0,1,0,trauma,ROAD,HIGH
80,145,31,86,1,0,1,1,1,cardiac,NONE,CRITICAL
66,152,29,86,3,0,0,1,0,stroke,NONE,CRITICAL
47,113,18,93,0,0,0,1,0,stroke,NONE,MEDIUM
3,73,16,97,0,0,0,0,0,other,NONE,LOW
47,142,25,90,2,1,1,1,0,accident,ROAD,HIGH
48,156,28,83,2,1,1,1,0,fire,FIRE,CRITICAL
42,57,28,94,0,0,0,0,1,other,OTHER,MEDIUM
54,163,26,86,3,1,1,0,1,cardiac,NONE,CRITICAL
7,127,26,89,1,0,0,1,0,accident,FALL,HIGH
67,129,24,91,1,0,0,1,1,cardiac,NONE,HIGH
55,113,23,94,1,1,0,0,0,other,OTHER,MEDIUM
53,142,28,86,3,0,0,0,1,stroke,NONE,CRITICAL
61,115,19,93,0,0,0,1,0,respiratory,NONE,MEDIUM
25,94,15,97,1,0,0,0,0,other,OTHER,LOW
37,25,29,85,1,0,2,1,1,respiratory,NONE,CRITICAL
71,115,16,95,0,0,0,0,1,cardiac,NONE,MEDIUM
51,146,28,86,1,1,0,1,0,other,NONE,CRITICAL
60,125,24,88,0,0,0,0,0,other,OTHER,HIGH
49,128,23,91,0,0,3,0,0,accident,ROAD,HIGH
66,116,21,94,0,0,0,0,0,other,NONE,MEDIUM
24,92,19,95,0,0,0,0,0,other,OTHER,LOW
27,132,21,90,0,2,2,0,0,accident,ROAD,HIGH
37,109,19,93,0,0,0,1,0,respiratory,NONE,MEDIUM
72,124,22,90,2,1,0,1,1,respiratory,NONE,HIGH
61,25,22,90,1,0,1,1,0,fire,FIRE,HIGH
28,148,30,84,2,0,3,0,0,trauma,INDUSTRIAL,CRITICAL
36,148,30,85,3,2,3,1,1,accident,ROAD,CRITICAL
37,119,19,91,0,0,0,1,1,respiratory,NONE,MEDIUM
64,133,27,91,0,0,0,0,0,stroke,NONE,HIGH
52,120,17,94,0,1,1,0,0,fire,FIRE,MEDIUM
30,76,19,95,0,0,0,0,0,respiratory,NONE,LOW
38,107,21,93,0,0,0,0,0,trauma,OTHER,MEDIUM
46,129,22,88,0,1,2,0,0,trauma,OTHER,CRITICAL
99,127,23,90,0,0,0,0,0,stroke,NONE,HIGH
50,25,25,82,2,0,2,1,0,respiratory,NONE,CRITICAL
42,114,19,92,0,0,0,0,0,accident,ROAD,MEDIUM
45,87,17,97,0,0,0,0,0,accident,ROAD,LOW
73,129,23,90,0,1,0,1,1,cardiac,NONE,HIGH
29,138,21,90,0,1,3,1,0,accident,ROAD,HIGH
71,110,18,93,0,1,1,0,0,fire,FIRE,MEDIUM
71,132,21,91,0,0,0,0,0,stroke,NONE,HIGH
27,125,25,90,2,0,1,0,0,stroke,NONE,HIGH
37,51,21,92,0,0,0,1,0,respiratory,NONE,MEDIUM
45,94,16,97,0,0,0,0,0,other,NONE,LOW
35,135,25,88,2,3,0,0,0,accident,ROAD,HIGH
36,106,15,95,0,0,0,0,1,cardiac,NONE,MEDIUM
54,110,16,94,3,1,1,0,0,trauma,ROAD,MEDIUM
21,131,27,91,2,0,0,0,0,other,NONE,HIGH
49,125,26,89,1,0,0,1,1,other,OTHER,HIGH
1,107,20,96,0,1,0,0,0,accident,ROAD,LOW
18,155,31,85,3,3,1,1,0,accident,INDUSTRIAL,CRITICAL
58,107,22,94,1,0,1,0,0,other,NONE,MEDIUM
7,165,28,83,3,1,3,1,0,trauma,ROAD,CRITICAL
15,125,22,91,1,0,1,0,0,respiratory,NONE,HIGH
67,86,18,97,0,0,0,0,0,cardiac,NONE,LOW
31,106,19,94,0,0,0,0,0,other,OTHER,MEDIUM
46,154,32,82,2,3,3,1,1,trauma,INDUSTRIAL,CRITICAL
75,37,21,91,0,1,2,0,1,cardiac,NONE,HIGH
57,25,25,85,0,1,0,1,1,cardiac,NONE,CRITICAL
40,25,31,85,3,3,3,0,0,accident,ROAD,CRITICAL
76,39,23,91,0,1,0,0,0,accident,ROAD,HIGH
30,60,11,93,0,0,0,0,0,trauma,OTHER,LOW
35,132,22,89,1,2,1,0,1,accident,INDUSTRIAL,HIGH
49,148,23,84,3,0,1,1,1,cardiac,NONE,CRITICAL
77,107,18,94,0,0,0,1,0,respiratory,NONE,MEDIUM
53,110,21,94,0,0,0,1,0,respiratory,NONE,MEDIUM
45,25,29,86,2,0,0,1,0,cardiac,NONE,CRITICAL
29,135,22,90,1,1,1,0,0,other,OTHER,HIGH
29,104,21,93,0,0,0,1,1,other,OTHER,MEDIUM
77,90,13,97,0,0,0,0,1,cardiac,NONE,LOW
47,107,24,94,0,0,0,0,0,other,NONE,MEDIUM
46,128,22,89,0,1,0,0,1,accident,ROAD,HIGH
77,94,16,96,0,0,0,0,0,other,NONE,LOW
23,72,17,97,0,0,0,1,0,respiratory,NONE,LOW
70,106,21,94,0,0,0,0,0,cardiac,NONE,MEDIUM
83,89,16,97,0,0,1,0,0,fire,FIRE,LOW
30,136,24,89,2,1,0,0,0,accident,ROAD,HIGH
41,25,28,85,2,3,1,1,1,accident,INDUSTRIAL,CRITICAL
25,131,18,93,0,0,1,0,0,fire,FIRE,MEDIUM
84,151,26,86,2,0,0,1,1,cardiac,NONE,CRITICAL
31,158,27,85,3,1,0,1,1,stroke,NONE,CRITICAL
17,89,15,97,0,0,0,0,1,cardiac,NONE,LOW
31,92,13,97,0,1,0,0,0,other,OTHER,LOW
64,25,30,84,1,0,2,1,1,accident,INDUSTRIAL,CRITICAL
51,155,33,85,2,0,0,0,0,stroke,NONE,CRITICAL
69,121,16,93,0,0,0,1,0,fire,FIRE,MEDIUM
67,128,17,94,0,0,0,1,0,fire,FIRE,MEDIUM
13,145,20,91,0,0,0,1,1,respiratory,NONE,HIGH
30,110,22,92,0,0,0,0,0,trauma,ROAD,MEDIUM
61,77,17,97,0,0,0,0,1,cardiac,NONE,LOW
39,128,23,89,1,0,0,0,1,stroke,NONE,HIGH
30,110,18,93,0,0,0,0,0,respiratory,NONE,MEDIUM
72,108,17,93,0,0,0,0,1,cardiac,NONE,MEDIUM
67,126,23,90,1,0,0,0,0,stroke,NONE,HIGH
19,87,12,97,0,2,1,0,0,accident,FALL,LOW
13,126,22,90,2,2,1,1,0,accident,ROAD,HIGH
20,31,26,90,0,3,2,1,1,trauma,ROAD,HIGH
16,122,20,88,3,2,2,0,1,fire,FIRE,HIGH
99,25,30,85,3,0,0,1,1,cardiac,NONE,CRITICAL
60,87,20,97,0,0,0,0,1,other,NONE,MEDIUM
77,154,28,86,0,0,0,0,1,cardiac,NONE,CRITICAL
56,132,27,89,0,1,3,0,0,trauma,INDUSTRIAL,HIGH
76,154,32,85,2,0,1,0,0,other,NONE,CRITICAL
85,126,24,90,1,0,1,0,1,cardiac,NONE,CRITICAL
49,127,19,95,0,0,0,0,0,other,OTHER,MEDIUM
56,120,18,92,1,1,1,0,0,accident,INDUSTRIAL,MEDIUM
39,122,21,90,0,3,2,0,1,trauma,FALL,HIGH
46,108,19,95,0,0,1,0,0,accident,INDUSTRIAL,MEDIUM
27,135,24,89,1,3,3,1,0,fire,FIRE,HIGH
27,144,29,86,3,2,2,1,0,fire,FIRE,CRITICAL
68,88,16,97,0,0,0,0,0,other,NONE,LOW
24,109,21,92,0,0,1,1,1,cardiac,NONE,MEDIUM
44,109,24,93,0,0,0,1,0,respiratory,NONE,MEDIUM
11,87,17,97,0,0,0,0,0,other,NONE,LOW
1,105,17,92,0,1,1,0,0,accident,INDUSTRIAL,MEDIUM
71,105,21,92,1,0,1,0,0,accident,ROAD,MEDIUM
49,106,23,93,1,0,0,0,0,other,NONE,MEDIUM
36,54,19,93,0,1,1,0,0,fire,FIRE,MEDIUM
69,135,25,90,0,0,0,0,0,cardiac,NONE,HIGH
34,86,13,96,0,0,0,0,0,other,NONE,LOW
46,106,20,93,1,0,1,0,0,accident,ROAD,MEDIUM
30,70,17,94,0,0,0,0,0,fire,FIRE,LOW
65,129,28,90,1,1,0,1,0,cardiac,NONE,HIGH
40,105,20,95,0,0,0,1,0,respiratory,NONE,MEDIUM
45,108,19,92,0,2,1,0,0,accident,ROAD,MEDIUM
62,112,20,91,0,2,2,0,0,accident,ROAD,MEDIUM
87,105,21,94,0,0,0,1,0,other,NONE,MEDIUM
32,111,20,95,1,1,0,0,1,accident,ROAD,MEDIUM
54,127,23,90,3,2,1,0,0,accident,ROAD,HIGH
24,90,16,96,0,0,0,0,0,other,OTHER,LOW
33,107,22,94,0,0,0,1,0,other,OTHER,MEDIUM
77,158,31,83,0,0,0,1,1,cardiac,NONE,CRITICAL
37,111,19,94,0,1,2,0,0,accident,ROAD,MEDIUM
33,148,32,86,3,0,0,1,0,stroke,NONE,CRITICAL
40,132,25,90,2,0,0,1,0,respiratory,NONE,HIGH
72,153,24,86,1,0,0,1,1,respiratory,NONE,CRITICAL
43,59,27,92,0,1,2,1,0,fire,FIRE,MEDIUM
39,152,25,85,3,1,3,1,0,accident,FALL,CRITICAL
32,64,17,97,0,0,1,0,0,accident,ROAD,LOW
39,124,24,91,0,1,1,0,0,trauma,ROAD,HIGH
28,149,30,85,3,0,0,1,1,cardiac,NONE,CRITICAL
42,88,11,96,0,1,2,0,1,accident,FALL,LOW
37,139,27,91,1,1,0,0,0,respiratory,NONE,HIGH
45,143,31,83,1,1,0,1,1,respiratory,NONE,CRITICAL
52,64,18,97,0,1,1,1,0,fire,FIRE,LOW
31,100,16,97,0,1,1,0,0,trauma,OTHER,LOW
42,90,15,97,0,0,0,0,0,accident,FALL,LOW
37,130,22,91,2,0,0,0,1,respiratory,NONE,HIGH
67,94,15,95,0,0,1,0,0,accident,ROAD,LOW
29,25,23,91,0,0,0,0,0,respiratory,NONE,HIGH
64,134,19,89,0,0,0,1,0,cardiac,NONE,HIGH
41,161,30,85,3,2,2,1,0,trauma,INDUSTRIAL,CRITICAL
31,143,33,84,2,3,3,0,0,trauma,OTHER,CRITICAL
24,103,17,96,0,1,0,0,0,fire,FIRE,LOW
88,117,22,92,0,0,0,0,1,cardiac,NONE,MEDIUM
15,108,20,95,0,0,1,0,1,trauma,FALL,MEDIUM
36,132,26,89,0,0,0,1,1,cardiac,NONE,HIGH
35,110,20,94,0,0,0,0,0,fire,FIRE,MEDIUM
25,62,14,95,0,0,0,0,0,other,NONE,LOW
56,124,22,91,2,0,1,1,0,respiratory,NONE,HIGH
49,110,20,95,0,0,0,0,1,trauma,OTHER,LOW
76,92,17,96,0,0,2,0,0,accident,INDUSTRIAL,LOW
45,150,27,86,3,2,3,1,1,fire,FIRE,CRITICAL
76,133,24,90,0,0,0,0,1,stroke,NONE,HIGH
18,107,17,95,0,1,1,0,0,accident,FALL,MEDIUM
55,122,26,91,1,0,0,0,1,cardiac,NONE,HIGH
74,130,20,91,2,1,3,0,1,accident,FALL,HIGH
49,135,25,88,0,1,0,1,1,accident,ROAD,HIGH
3,125,22,89,0,0,0,0,1,cardiac,NONE,HIGH
32,143,29,85,0,3,3,1,1,fire,FIRE,CRITICAL
35,100,15,97,0,0,0,0,0,other,OTHER,LOW
82,134,23,90,2,0,0,0,1,other,NONE,HIGH
33,111,19,95,0,0,0,1,1,cardiac,NONE,MEDIUM
55,143,33,85,3,0,1,1,1,cardiac,NONE,CRITICAL
52,130,29,91,0,2,3,0,0,trauma,OTHER,HIGH
26,104,17,94,1,0,0,0,0,respiratory,NONE,MEDIUM
34,125,30,91,0,0,3,1,0,trauma,FALL,HIGH
28,116,19,93,1,0,0,0,0,stroke,NONE,MEDIUM
40,131,21,90,0,3,2,0,0,accident,ROAD,HIGH
43,148,26,85,1,3,1,1,0,trauma,OTHER,CRITICAL
79,60,19,94,0,0,3,0,0,accident,ROAD,MEDIUM
68,39,22,91,0,1,0,0,0,trauma,ROAD,HIGH
17,104,21,94,0,0,0,1,0,other,NONE,MEDIUM
63,160,33,85,2,3,3,1,0,accident,FALL,CRITICAL
71,38,20,89,2,1,0,1,1,stroke,NONE,HIGH
34,127,24,91,1,2,3,0,0,accident,ROAD,HIGH
51,72,14,96,0,0,0,0,0,respiratory,NONE,LOW
8,106,20,94,1,0,2,1,0,accident,INDUSTRIAL,MEDIUM
39,51,15,92,1,1,0,1,0,accident,ROAD,MEDIUM
21,66,20,97,0,0,0,0,0,other,NONE,LOW
68,105,19,94,0,1,1,0,0,accident,FALL,MEDIUM
71,109,22,94,0,1,2,1,0,fire,FIRE,MEDIUM
27,113,23,94,0,1,0,0,0,trauma,OTHER,MEDIUM
1,55,21,93,0,1,1,0,0,accident,ROAD,MEDIUM
31,129,25,90,0,0,0,1,0,respiratory,NONE,HIGH
31,129,26,91,2,0,0,1,0,stroke,NONE,HIGH
33,114,21,94,0,0,0,0,0,other,NONE,MEDIUM
47,123,27,90,1,0,2,1,0,trauma,FALL,HIGH
65,52,20,94,1,0,1,1,1,cardiac,NONE,MEDIUM
25,105,17,93,0,0,0,1,0,respiratory,NONE,MEDIUM
88,111,19,91,0,0,0,0,1,other,NONE,MEDIUM
38,101,16,96,0,0,1,1,0,accident,FALL,MEDIUM
30,124,29,91,1,0,0,1,1,other,OTHER,HIGH
68,124,19,95,0,0,0,0,0,other,NONE,MEDIUM
52,122,23,94,0,1,0,0,0,accident,INDUSTRIAL,MEDIUM
51,106,18,92,1,0,2,1,0,respiratory,NONE,MEDIUM
50,128,19,94,0,0,0,1,0,respiratory,NONE,MEDIUM
54,96,15,95,0,0,0,0,0,other,NONE,LOW
34,132,21,87,0,0,0,0,1,respiratory,NONE,HIGH
62,123,27,90,0,0,0,1,0,respiratory,NONE,HIGH
71,57,18,94,0,0,0,0,1,accident,INDUSTRIAL,MEDIUM
89,37,24,90,0,1,0,0,1,cardiac,NONE,HIGH
25,95,12,96,0,0,0,0,0,other,OTHER,LOW
54,34,25,89,1,2,0,0,1,trauma,INDUSTRIAL,HIGH
82,144,30,85,0,2,0,0,0,stroke,NONE,CRITICAL
25,91,19,97,0,0,1,0,0,accident,ROAD,LOW
55,134,25,89,0,2,3,1,0,trauma,OTHER,HIGH
85,127,17,90,0,0,0,1,0,stroke,NONE,MEDIUM
59,93,11,95,0,0,0,0,1,other,NONE,LOW
99,25,26,90,2,2,1,1,1,trauma,INDUSTRIAL,HIGH
14,89,21,97,0,1,0,0,0,accident,ROAD,LOW
94,122,17,92,0,1,0,0,1,cardiac,NONE,MEDIUM
39,141,26,90,2,1,1,1,0,trauma,ROAD,HIGH
19,111,20,93,0,0,0,0,0,accident,ROAD,MEDIUM
27,25,24,85,0,2,3,1,1,accident,ROAD,CRITICAL
17,140,22,88,1,0,1,1,1,cardiac,NONE,HIGH
35,129,24,90,1,0,0,0,0,other,OTHER,HIGH
31,137,26,88,1,0,2,1,0,trauma,FALL,HIGH
40,142,26,91,1,2,1,0,0,trauma,INDUSTRIAL,HIGH
69,136,25,91,1,1,1,1,0,accident,FALL,HIGH
33,53,19,95,0,0,2,0,0,trauma,OTHER,MEDIUM
51,107,15,94,0,0,0,0,0,other,OTHER,MEDIUM
74,75,13,96,0,0,0,0,0,respiratory,NONE,LOW
1,136,24,89,1,2,1,0,0,trauma,ROAD,HIGH
60,92,15,96,0,0,0,0,0,other,OTHER,LOW
28,108,25,93,0,0,0,0,0,respiratory,NONE,MEDIUM
44,105,20,93,0,0,0,0,0,other,OTHER,MEDIUM
38,39,23,90,1,1,1,0,0,fire,FIRE,HIGH
24,104,18,91,0,1,0,0,0,trauma,ROAD,MEDIUM
59,124,26,90,3,1,0,0,0,trauma,OTHER,CRITICAL
49,150,31,86,1,1,1,1,0,respiratory,NONE,CRITICAL
61,92,14,97,0,0,0,0,0,other,OTHER,LOW
36,112,18,95,0,1,0,0,1,other,OTHER,MEDIUM
82,125,19,89,2,0,0,0,0,cardiac,NONE,HIGH
37,111,16,94,0,0,0,0,0,other,NONE,MEDIUM
31,105,25,92,0,0,1,0,0,fire,FIRE,MEDIUM
82,89,19,96,0,0,0,0,0,other,NONE,LOW
54,109,21,93,0,0,0,1,0,accident,ROAD,MEDIUM
19,123,25,89,2,0,0,1,1,cardiac,NONE,HIGH
48,134,25,91,0,0,0,1,0,respiratory,NONE,HIGH
39,88,18,97,0,0,3,0,0,trauma,OTHER,LOW
27,161,31,85,1,2,2,1,0,fire,FIRE,CRITICAL
51,147,33,84,3,2,3,0,1,trauma,ROAD,CRITICAL
48,116,25,94,0,2,0,0,0,accident,INDUSTRIAL,MEDIUM
77,141,23,89,1,2,3,0,1,trauma,FALL,HIGH
17,145,28,85,2,3,2,1,0,fire,FIRE,CRITICAL
26,105,18,93,0,0,0,0,0,accident,ROAD,MEDIUM
62,117,18,96,0,0,0,0,0,other,NONE,LOW
46,97,18,94,0,0,0,0,0,accident,FALL,LOW
51,86,22,96,0,0,0,1,0,fire,FIRE,LOW
68,147,30,85,3,3,3,1,1,trauma,FALL,CRITICAL
11,90,16,97,0,0,0,0,0,other,NONE,LOW
53,149,30,83,0,0,1,0,1,cardiac,NONE,CRITICAL
47,126,19,91,1,1,2,1,1,fire,FIRE,CRITICAL
53,107,17,94,0,0,0,0,1,accident,ROAD,MEDIUM
44,124,22,90,1,1,0,1,1,other,NONE,HIGH
62,146,30,86,2,0,0,1,1,cardiac,NONE,CRITICAL
51,135,25,91,1,0,0,1,0,respiratory,NONE,HIGH
1,105,19,93,0,0,1,0,0,other,OTHER,MEDIUM
66,104,23,94,0,2,1,0,0,trauma,FALL,MEDIUM
8,58,23,93,0,2,1,0,0,accident,INDUSTRIAL,MEDIUM
40,26,20,89,2,2,2,1,1,accident,ROAD,HIGH
28,126,23,91,0,2,0,1,1,trauma,ROAD,HIGH
74,37,24,91,1,0,0,1,0,stroke,NONE,HIGH
1,123,23,91,1,2,3,1,0,accident,ROAD,HIGH
37,112,19,93,0,0,0,1,0,other,OTHER,MEDIUM
37,147,26,84,3,3,2,1,1,trauma,INDUSTRIAL,CRITICAL
11,125,21,91,0,0,2,0,0,respiratory,NONE,HIGH
72,112,14,92,0,0,1,1,0,accident,ROAD,MEDIUM
54,127,22,91,1,2,1,0,1,cardiac,NONE,HIGH
76,129,21,91,1,0,0,0,1,respiratory,NONE,HIGH
84,49,16,94,0,0,0,0,0,cardiac,NONE,MEDIUM
46,129,28,90,2,3,3,0,1,accident,ROAD,HIGH
79,138,20,90,1,1,3,1,0,trauma,OTHER,HIGH
94,92,18,97,0,0,0,0,0,other,OTHER,LOW
76,147,24,85,3,1,1,1,0,stroke,NONE,CRITICAL
34,143,31,85,2,2,3,1,0,trauma,OTHER,CRITICAL
10,89,14,97,0,0,0,0,0,other,NONE,LOW
68,143,32,84,3,0,0,0,0,stroke,NONE,CRITICAL
61,126,24,91,0,0,0,0,1,cardiac,NONE,HIGH
43,32,24,90,1,1,3,0,0,accident,FALL,HIGH
56,117,18,95,0,2,1,1,0,accident,INDUSTRIAL,MEDIUM
25,25,28,91,0,1,3,1,0,accident,ROAD,HIGH
54,104,19,92,0,0,0,1,0,respiratory,NONE,MEDIUM
51,143,32,84,1,0,3,1,1,trauma,OTHER,CRITICAL
21,113,19,93,0,0,0,0,1,cardiac,NONE,MEDIUM
49,60,19,95,0,0,3,1,0,fire,FIRE,MEDIUM
37,77,15,95,0,0,0,0,0,respiratory,NONE,LOW
27,92,21,96,0,0,0,0,0,other,OTHER,LOW
79,125,24,91,1,0,2,0,0,trauma,ROAD,HIGH
86,37,22,90,1,0,0,0,1,stroke,NONE,HIGH
32,110,21,93,0,0,1,1,0,accident,ROAD,MEDIUM
66,157,25,85,2,0,0,1,0,stroke,NONE,CRITICAL
29,131,21,90,1,0,2,0,0,fire,FIRE,MEDIUM
42,147,34,83,3,1,3,1,0,fire,FIRE,CRITICAL
15,113,21,95,0,0,0,0,0,accident,INDUSTRIAL,MEDIUM
77,59,19,97,0,0,0,0,0,other,NONE,LOW
43,131,22,89,0,1,2,0,1,trauma,FALL,HIGH
31,96,20,95,0,0,0,0,0,other,OTHER,LOW
56,91,19,97,0,0,0,1,0,other,OTHER,MEDIUM
57,138,27,91,0,1,2,0,1,accident,ROAD,HIGH
38,107,21,91,0,0,0,1,0,respiratory,NONE,MEDIUM
40,96,20,97,0,0,0,0,0,stroke,NONE,LOW
22,90,16,95,0,0,0,0,0,respiratory,NONE,LOW
29,56,20,94,0,0,0,0,0,accident,FALL,MEDIUM
28,52,18,94,1,2,2,0,0,accident,INDUSTRIAL,MEDIUM
27,87,14,96,0,0,0,0,0,accident,ROAD,LOW
45,25,25,84,3,2,0,1,1,accident,INDUSTRIAL,CRITICAL
14,41,30,89,0,2,3,0,0,trauma,OTHER,HIGH
27,107,20,95,0,1,1,0,0,trauma,INDUSTRIAL,MEDIUM
36,122,24,90,2,1,2,0,0,accident,ROAD,HIGH
43,125,26,90,1,0,0,1,0,cardiac,NONE,HIGH
57,117,21,93,0,0,0,0,0,cardiac,NONE,MEDIUM
75,129,26,91,1,0,1,0,0,accident,INDUSTRIAL,HIGH
35,133,29,89,0,1,1,1,1,accident,ROAD,HIGH
35,112,13,92,0,0,0,1,0,other,NONE,MEDIUM
29,36,22,91,0,1,2,1,1,fire,FIRE,MEDIUM
14,149,28,85,3,2,3,1,1,accident,FALL,CRITICAL
67,110,20,93,1,1,0,0,1,trauma,INDUSTRIAL,MEDIUM
55,56,21,94,0,0,1,1,0,fire,FIRE,MEDIUM
60,117,21,93,0,1,0,1,0,respiratory,NONE,MEDIUM
1,25,27,84,3,1,2,1,1,trauma,ROAD,CRITICAL
37,112,21,95,0,3,1,0,0,accident,INDUSTRIAL,MEDIUM
35,120,20,93,1,0,0,0,1,other,NONE,MEDIUM
22,112,19,93,0,0,0,1,0,other,NONE,MEDIUM
44,87,15,97,0,1,0,0,0,accident,ROAD,LOW
54,55,19,97,0,0,1,0,0,accident,ROAD,LOW
90,110,18,94,0,1,0,0,1,cardiac,NONE,MEDIUM
28,93,14,96,0,0,0,0,0,other,NONE,LOW
47,107,22,94,0,2,1,0,0,trauma,ROAD,MEDIUM
20,110,25,92,0,1,2,0,0,accident,ROAD,MEDIUM
68,162,27,84,3,2,3,1,0,accident,ROAD,CRITICAL
59,98,17,97,0,0,0,0,0,fire,FIRE,LOW
76,89,15,95,0,0,0,0,0,accident,ROAD,LOW
34,105,21,92,0,1,0,0,0,accident,ROAD,MEDIUM
80,93,17,97,0,0,0,0,0,stroke,NONE,LOW
32,119,20,94,0,0,0,0,0,respiratory,NONE,MEDIUM
39,25,23,85,3,1,1,1,0,stroke,NONE,CRITICAL
30,51,19,91,0,1,0,0,1,trauma,ROAD,MEDIUM
38,99,17,96,0,0,0,0,1,other,NONE,LOW
33,122,27,89,1,0,1,1,0,other,NONE,HIGH
55,96,22,97,0,0,0,0,1,cardiac,NONE,LOW
50,145,28,85,3,0,0,1,0,other,OTHER,CRITICAL
52,106,22,94,0,0,0,0,0,accident,ROAD,MEDIUM
37,89,16,95,0,0,1,0,0,other,NONE,LOW
29,144,28,82,1,0,3,1,0,accident,INDUSTRIAL,CRITICAL
51,96,15,95,0,1,0,1,0,fire,FIRE,LOW
70,57,24,94,0,2,1,0,0,trauma,OTHER,MEDIUM
18,95,13,97,0,0,2,0,0,fire,FIRE,LOW
69,146,24,84,1,3,3,1,0,accident,INDUSTRIAL,CRITICAL
89,155,28,85,3,0,0,0,1,cardiac,NONE,CRITICAL
57,67,16,96,0,0,0,0,0,other,NONE,LOW
15,111,20,94,0,0,2,0,0,accident,ROAD,MEDIUM
2,39,24,90,0,3,1,0,0,accident,INDUSTRIAL,HIGH
52,96,17,96,0,0,0,0,1,cardiac,NONE,MEDIUM
63,114,18,93,0,0,0,0,1,cardiac,NONE,MEDIUM
30,137,26,91,0,0,0,1,0,stroke,NONE,HIGH
39,104,17,93,0,0,0,1,0,respiratory,NONE,MEDIUM
57,130,22,91,1,2,3,1,1,fire,FIRE,HIGH
67,113,17,94,0,0,0,0,1,other,OTHER,MEDIUM
70,89,12,95,0,1,0,0,0,other,OTHER,LOW
99,111,19,93,1,0,0,0,0,cardiac,NONE,MEDIUM
58,148,31,83,3,0,0,1,1,cardiac,NONE,CRITICAL
58,93,17,97,0,0,0,0,0,other,NONE,LOW
45,104,16,96,0,0,0,0,0,accident,ROAD,LOW
27,86,15,95,0,0,0,0,0,accident,FALL,LOW
46,146,30,84,0,1,3,1,0,fire,FIRE,CRITICAL
36,91,15,97,0,0,0,0,0,other,NONE,LOW
57,47,24,93,0,0,0,1,0,other,OTHER,MEDIUM
22,105,19,92,0,0,0,1,1,respiratory,NONE,MEDIUM
37,125,27,91,0,3,3,1,1,trauma,ROAD,HIGH
72,147,24,85,3,0,0,1,0,stroke,NONE,CRITICAL
30,133,24,91,1,0,0,0,0,fire,FIRE,HIGH
51,123,25,89,1,2,1,0,1,respiratory,NONE,HIGH
14,112,18,96,0,0,0,0,0,other,OTHER,LOW
75,155,32,85,1,0,2,0,0,cardiac,NONE,CRITICAL
28,72,20,94,1,0,0,0,0,other,NONE,LOW
9,89,14,94,0,0,0,1,0,fire,FIRE,LOW
60,110,20,94,0,0,0,0,1,cardiac,NONE,MEDIUM
35,110,21,94,0,0,1,0,0,other,NONE,MEDIUM
53,165,29,84,2,0,0,1,0,cardiac,NONE,CRITICAL
88,122,18,91,1,0,0,1,0,stroke,NONE,HIGH
46,90,16,94,0,0,0,0,0,other,NONE,LOW
40,144,28,86,2,0,1,1,1,cardiac,NONE,CRITICAL
41,101,20,94,0,0,0,0,0,cardiac,NONE,LOW
1,135,23,91,1,1,1,0,1,other,NONE,HIGH
58,126,26,91,1,0,0,1,0,stroke,NONE,HIGH
61,57,25,94,0,0,2,0,0,trauma,ROAD,MEDIUM
29,112,22,93,0,0,0,1,0,respiratory,NONE,MEDIUM
32,64,18,97,0,0,0,0,0,fire,FIRE,LOW
85,154,30,86,3,1,0,0,1,cardiac,NONE,CRITICAL
65,113,15,93,0,0,0,1,0,other,NONE,MEDIUM
66,143,33,85,1,0,1,1,1,cardiac,NONE,CRITICAL
52,118,15,93,0,0,0,0,1,cardiac,NONE,MEDIUM
37,47,16,94,0,0,2,1,0,accident,ROAD,MEDIUM
15,115,21,95,0,0,0,0,1,cardiac,NONE,MEDIUM
8,135,27,91,0,0,2,0,0,trauma,FALL,HIGH
58,150,30,85,2,0,0,1,0,respiratory,NONE,CRITICAL
5,34,30,90,2,1,2,1,0,accident,ROAD,HIGH
61,60,15,93,0,0,0,0,1,cardiac,NONE,MEDIUM
66,105,17,94,0,1,1,0,0,trauma,FALL,MEDIUM
33,77,18,97,1,0,0,0,0,accident,ROAD,LOW
16,131,30,90,0,3,2,0,0,trauma,INDUSTRIAL,HIGH
67,27,23,88,3,0,0,0,0,cardiac,NONE,HIGH
33,99,14,96,0,0,0,0,0,other,OTHER,LOW
27,25,28,85,1,1,2,1,0,accident,ROAD,CRITICAL
45,56,19,95,0,0,0,0,0,respiratory,NONE,MEDIUM
45,42,26,89,1,0,0,0,0,stroke,NONE,HIGH
62,123,27,90,1,1,0,1,0,other,NONE,HIGH
16,125,29,91,1,0,2,0,0,trauma,INDUSTRIAL,HIGH
43,144,28,85,1,0,1,1,0,other,OTHER,CRITICAL
75,88,18,96,0,0,0,0,1,cardiac,NONE,LOW
56,112,20,94,0,0,0,1,0,respiratory,NONE,MEDIUM
62,104,22,94,0,0,1,0,1,other,OTHER,MEDIUM
23,127,24,90,2,1,2,1,0,accident,FALL,HIGH
26,56,21,94,0,2,0,0,1,accident,ROAD,MEDIUM
26,100,16,95,0,0,0,0,0,other,OTHER,LOW
35,70,20,96,0,0,0,0,0,fire,FIRE,LOW
29,69,19,96,0,0,0,0,0,other,NONE,LOW
11,117,23,95,0,1,1,0,0,accident,ROAD,MEDIUM
62,58,19,93,0,0,2,1,1,cardiac,NONE,MEDIUM
34,112,19,94,0,0,2,0,0,accident,FALL,MEDIUM
75,112,24,94,0,0,0,0,0,cardiac,NONE,MEDIUM
21,130,14,95,0,0,0,0,0,other,OTHER,MEDIUM
35,25,31,85,1,2,3,1,0,accident,INDUSTRIAL,CRITICAL
17,111,20,95,1,0,0,0,0,other,NONE,MEDIUM
58,94,17,97,0,0,0,0,1,accident,ROAD,LOW
49,98,20,97,0,0,0,0,0,accident,FALL,LOW
15,122,23,91,1,2,1,0,1,accident,ROAD,HIGH
46,138,25,90,2,0,0,1,1,other,NONE,HIGH
71,88,14,97,0,0,0,0,1,cardiac,NONE,LOW
75,89,17,96,0,0,0,0,0,other,NONE,LOW
26,154,35,83,2,0,0,1,0,other,OTHER,CRITICAL
72,129,25,90,0,0,0,0,1,stroke,NONE,HIGH
64,25,28,84,0,0,1,1,1,cardiac,NONE,CRITICAL
48,72,18,95,0,0,0,0,0,other,NONE,LOW
65,113,14,94,0,0,0,0,0,other,NONE,MEDIUM
31,138,26,91,0,1,2,0,0,accident,INDUSTRIAL,HIGH
60,116,20,95,0,0,0,1,0,trauma,FALL,MEDIUM
69,135,25,91,0,1,0,0,1,cardiac,NONE,HIGH
80,123,27,89,0,0,1,1,1,stroke,NONE,HIGH
77,124,26,91,2,0,0,0,1,cardiac,NONE,MEDIUM
45,94,17,97,0,1,2,0,0,trauma,FALL,LOW
80,119,24,92,0,0,0,0,0,cardiac,NONE,MEDIUM
68,109,23,91,0,0,2,0,0,accident,FALL,MEDIUM
63,38,24,90,1,0,0,1,1,cardiac,NONE,HIGH
48,150,28,84,2,1,2,1,0,respiratory,NONE,CRITICAL
6,144,31,86,0,1,1,1,1,fire,FIRE,CRITICAL
40,47,20,91,0,0,0,0,0,other,OTHER,MEDIUM
70,28,25,87,2,0,0,0,1,cardiac,NONE,HIGH
35,126,21,90,1,3,2,1,0,accident,ROAD,HIGH
50,148,28,85,1,2,3,1,1,trauma,INDUSTRIAL,CRITICAL
59,33,24,91,0,1,3,1,0,fire,FIRE,HIGH
72,89,17,96,0,0,0,0,0,respiratory,NONE,LOW
79,95,14,96,0,0,0,0,0,other,OTHER,MEDIUM
20,116,20,92,0,0,1,0,0,accident,INDUSTRIAL,MEDIUM
73,149,29,81,3,0,0,1,1,cardiac,NONE,CRITICAL
45,91,18,97,0,0,0,0,0,other,NONE,LOW
11,150,29,85,2,1,0,1,0,respiratory,NONE,CRITICAL
32,101,18,96,0,2,0,0,0,trauma,FALL,LOW
59,109,19,95,1,0,0,0,1,cardiac,NONE,MEDIUM
67,122,30,91,0,0,2,0,1,stroke,NONE,HIGH
70,106,22,93,0,0,0,0,0,other,OTHER,MEDIUM
63,108,21,94,1,0,1,0,0,trauma,FALL,MEDIUM
63,25,28,84,2,1,2,0,0,trauma,INDUSTRIAL,HIGH
76,125,26,91,0,0,0,0,1,cardiac,NONE,HIGH
35,108,19,94,0,3,0,0,0,fire,FIRE,MEDIUM
38,54,20,94,0,0,0,0,1,other,NONE,MEDIUM
36,132,28,90,0,1,1,1,0,fire,FIRE,HIGH
44,128,16,94,0,1,2,0,0,trauma,FALL,MEDIUM
46,105,20,93,0,0,1,0,0,cardiac,NONE,MEDIUM
79,25,28,85,3,1,1,1,0,stroke,NONE,CRITICAL
58,146,29,84,3,0,0,0,1,cardiac,NONE,CRITICAL
13,88,14,96,0,0,0,0,0,other,OTHER,LOW
8,104,18,94,0,0,0,1,0,respiratory,NONE,MEDIUM
37,90,14,97,0,0,0,0,0,other,OTHER,LOW
48,37,26,91,0,1,0,1,1,cardiac,NONE,HIGH
21,143,27,85,2,3,3,0,0,accident,ROAD,CRITICAL
57,147,25,89,1,0,1,0,1,respiratory,NONE,HIGH
14,57,20,95,0,0,0,0,0,respiratory,NONE,MEDIUM
44,129,25,90,0,0,0,1,1,respiratory,NONE,HIGH
90,139,20,91,1,0,1,1,1,stroke,NONE,HIGH
56,148,33,85,0,1,0,1,1,stroke,NONE,CRITICAL
18,109,23,95,0,0,1,1,0,accident,ROAD,MEDIUM
33,130,25,91,2,3,3,1,0,accident,ROAD,HIGH
8,128,24,91,2,0,0,0,1,other,NONE,HIGH
47,126,24,91,0,2,1,0,0,accident,INDUSTRIAL,HIGH
63,152,30,83,3,2,0,1,0,respiratory,NONE,CRITICAL
52,150,32,83,3,0,0,1,0,cardiac,NONE,HIGH
51,34,24,89,1,0,3,1,1,accident,ROAD,HIGH
29,93,15,97,0,0,0,1,0,respiratory,NONE,LOW
53,109,21,93,0,1,0,0,0,other,OTHER,MEDIUM
25,88,16,96,0,0,0,0,0,trauma,FALL,LOW
53,70,17,96,0,0,1,0,0,accident,INDUSTRIAL,LOW
44,146,25,86,3,0,2,0,0,respiratory,NONE,CRITICAL
46,99,16,97,0,0,0,0,0,accident,ROAD,LOW
32,59,22,94,0,0,0,0,0,respiratory,NONE,MEDIUM
68,54,20,92,0,1,1,0,0,trauma,OTHER,MEDIUM
70,143,31,84,2,1,0,1,1,cardiac,NONE,CRITICAL
49,131,29,90,1,0,2,0,0,accident,ROAD,HIGH
78,147,29,83,3,0,0,1,0,stroke,NONE,CRITICAL
38,105,19,92,0,0,0,0,1,respiratory,NONE,MEDIUM
56,53,23,93,0,0,0,1,1,cardiac,NONE,MEDIUM
52,38,24,91,0,1,0,1,0,other,NONE,HIGH
43,139,26,91,0,0,1,1,0,trauma,ROAD,HIGH
36,125,26,90,1,0,3,1,1,fire,FIRE,HIGH
28,147,32,85,3,3,1,0,1,accident,FALL,CRITICAL
34,113,20,92,0,1,1,0,0,accident,INDUSTRIAL,HIGH
35,121,19,95,0,0,0,0,1,respiratory,NONE,MEDIUM
32,125,23,88,0,0,0,1,1,respiratory,NONE,HIGH
19,25,28,84,2,2,1,0,1,accident,ROAD,CRITICAL
53,113,23,93,0,0,0,1,0,respiratory,NONE,MEDIUM
49,110,18,93,0,0,0,1,1,accident,ROAD,MEDIUM
27,78,20,96,0,0,1,0,0,trauma,INDUSTRIAL,LOW
22,106,21,94,0,1,1,0,0,trauma,ROAD,MEDIUM
57,157,26,86,3,0,2,1,1,accident,ROAD,CRITICAL
55,39,24,91,2,1,0,1,0,stroke,NONE,HIGH
44,123,21,91,2,0,1,1,0,other,OTHER,HIGH
60,129,26,89,0,3,2,1,0,trauma,FALL,HIGH
59,29,23,89,2,0,0,0,0,stroke,NONE,HIGH
18,135,23,88,1,1,2,0,0,accident,ROAD,HIGH
30,148,24,83,3,3,3,1,1,trauma,FALL,CRITICAL
36,53,20,94,2,1,0,0,0,accident,ROAD,MEDIUM
77,127,23,91,1,2,0,1,0,fire,FIRE,HIGH
22,110,23,92,0,1,1,0,0,trauma,FALL,MEDIUM
57,105,21,92,1,0,1,0,0,trauma,FALL,MEDIUM
41,94,15,93,0,0,0,0,0,accident,ROAD,LOW
33,109,14,97,0,1,0,0,0,other,NONE,LOW
32,88,18,95,0,0,0,0,1,cardiac,NONE,LOW
14,135,25,91,3,1,0,0,1,accident,ROAD,HIGH
55,57,21,94,0,0,1,0,1,cardiac,NONE,MEDIUM
80,126,21,91,0,1,0,0,0,respiratory,NONE,HIGH
42,146,28,86,2,3,2,1,1,trauma,INDUSTRIAL,CRITICAL
43,140,23,90,2,0,0,1,1,respiratory,NONE,HIGH
74,36,27,91,1,0,0,0,0,stroke,NONE,HIGH
15,98,16,96,0,0,0,1,0,other,NONE,LOW
64,69,14,97,0,0,0,0,1,cardiac,NONE,LOW
33,40,26,91,0,0,0,1,0,other,OTHER,HIGH
38,122,17,94,0,0,0,1,1,respiratory,NONE,MEDIUM
2,110,21,93,0,1,3,0,0,accident,ROAD,MEDIUM
15,115,18,94,0,0,2,0,0,accident,FALL,MEDIUM
47,106,14,95,0,0,0,0,0,other,OTHER,LOW
33,126,24,90,2,1,1,0,0,trauma,OTHER,HIGH
53,107,23,92,0,1,2,0,0,accident,ROAD,MEDIUM
57,155,30,86,1,0,0,1,1,stroke,NONE,CRITICAL
52,68,14,94,0,0,0,0,0,trauma,ROAD,LOW
76,127,21,94,0,0,1,0,0,stroke,NONE,MEDIUM
16,69,16,97,0,0,1,0,0,other,OTHER,LOW
48,98,17,96,0,0,1,0,0,fire,FIRE,LOW
39,130,20,88,0,2,2,0,0,trauma,FALL,HIGH
59,145,30,85,1,1,0,1,0,stroke,NONE,CRITICAL
39,143,31,84,1,0,1,1,0,respiratory,NONE,CRITICAL
14,60,22,91,0,0,1,0,0,fire,FIRE,MEDIUM
60,133,25,90,0,2,0,0,0,stroke,NONE,HIGH
53,137,23,90,1,1,2,0,0,accident,ROAD,HIGH
13,67,17,97,0,0,1,1,0,respiratory,NONE,LOW
52,126,23,90,1,0,0,1,1,stroke,NONE,HIGH
43,98,19,96,0,1,1,0,0,fire,FIRE,LOW
24,110,16,95,0,0,0,1,0,other,NONE,MEDIUM
71,104,17,97,0,1,0,0,0,fire,FIRE,LOW
51,106,18,91,0,0,0,0,0,respiratory,NONE,MEDIUM
82,111,14,96,0,0,0,0,0,accident,ROAD,LOW
40,87,17,97,0,0,0,0,0,other,OTHER,LOW
45,128,25,91,3,1,0,1,0,other,OTHER,HIGH
34,145,24,84,3,3,3,0,1,trauma,OTHER,CRITICAL
96,111,14,95,0,1,0,0,0,stroke,NONE,MEDIUM
56,123,28,88,0,0,0,1,0,respiratory,NONE,HIGH
73,104,16,95,0,0,0,0,0,stroke,NONE,LOW
10,67,13,96,0,0,0,0,0,other,NONE,LOW
65,127,22,90,1,0,1,0,0,stroke,NONE,HIGH
2,55,20,93,0,0,0,0,0,accident,ROAD,MEDIUM
47,133,22,90,1,0,0,1,0,respiratory,NONE,HIGH
45,94,15,96,0,1,0,0,0,accident,ROAD,LOW
65,124,21,95,0,0,0,0,0,cardiac,NONE,MEDIUM
29,134,26,90,2,1,0,1,1,other,OTHER,HIGH
21,112,23,93,0,1,0,0,0,trauma,FALL,MEDIUM
26,57,19,92,0,1,1,0,0,fire,FIRE,MEDIUM
60,126,27,91,1,1,3,1,0,accident,ROAD,HIGH
1,105,18,94,0,0,1,0,1,other,OTHER,MEDIUM
38,124,25,90,0,0,0,1,0,respiratory,NONE,HIGH
53,109,21,93,0,1,2,0,0,fire,FIRE,MEDIUM
42,108,17,94,0,3,0,0,0,accident,FALL,MEDIUM
79,25,30,85,2,0,0,1,1,cardiac,NONE,CRITICAL
39,116,18,94,0,0,2,0,0,trauma,OTHER,MEDIUM
9,28,19,90,2,2,0,1,0,accident,ROAD,HIGH
73,28,20,90,2,0,1,0,1,cardiac,NONE,HIGH
34,94,16,97,0,0,1,0,0,other,OTHER,LOW
15,129,21,89,0,0,0,0,0,accident,ROAD,HIGH
64,110,16,91,0,0,2,0,0,accident,INDUSTRIAL,MEDIUM
46,68,19,96,0,0,0,0,0,cardiac,NONE,LOW
49,49,17,95,1,0,0,0,1,stroke,NONE,MEDIUM
25,122,19,91,0,1,2,0,0,accident,INDUSTRIAL,MEDIUM
32,50,22,94,0,1,0,0,0,cardiac,NONE,MEDIUM
1,133,27,90,0,0,2,1,1,cardiac,NONE,HIGH
69,104,21,92,0,0,0,0,1,respiratory,NONE,LOW
47,125,26,87,1,3,2,1,1,accident,FALL,CRITICAL
20,75,15,95,0,0,0,0,0,other,NONE,LOW
80,148,31,85,2,0,0,1,1,respiratory,NONE,CRITICAL
64,124,25,91,1,1,2,1,0,accident,ROAD,HIGH
44,113,20,93,0,0,2,1,0,fire,FIRE,MEDIUM
51,123,19,89,0,0,2,1,0,stroke,NONE,HIGH
23,123,26,91,2,0,1,0,1,cardiac,NONE,HIGH
62,123,17,92,0,0,0,0,0,cardiac,NONE,HIGH
26,166,29,84,3,3,0,1,1,accident,FALL,CRITICAL
49,91,14,96,0,0,0,0,0,trauma,OTHER,LOW
70,54,21,94,0,0,0,1,0,other,NONE,MEDIUM
60,138,27,91,1,1,2,0,1,trauma,FALL,HIGH
75,25,31,85,2,0,1,0,0,stroke,NONE,CRITICAL
77,142,32,86,3,1,1,1,0,stroke,NONE,CRITICAL
40,123,22,91,3,1,3,0,1,accident,ROAD,HIGH
43,25,27,85,0,2,2,1,0,fire,FIRE,CRITICAL
80,91,17,96,0,0,0,0,0,other,NONE,LOW
77,107,18,90,0,0,1,0,1,trauma,OTHER,MEDIUM
70,144,33,84,3,1,2,1,1,accident,ROAD,CRITICAL
28,112,18,93,1,1,3,0,1,accident,FALL,MEDIUM
81,97,17,97,0,0,0,0,0,fire,FIRE,LOW
78,110,22,93,0,0,0,0,0,stroke,NONE,MEDIUM
40,127,26,90,0,1,0,0,0,stroke,NONE,HIGH
71,160,30,86,2,0,1,1,1,stroke,NONE,CRITICAL
64,105,25,93,0,0,0,1,0,respiratory,NONE,MEDIUM
61,105,14,92,0,0,0,0,0,cardiac,NONE,MEDIUM
71,100,17,97,0,0,0,0,0,other,NONE,LOW
48,150,31,86,0,0,1,1,0,other,NONE,CRITICAL
81,145,24,83,1,0,3,0,0,accident,INDUSTRIAL,CRITICAL
42,111,20,94,0,0,0,1,0,respiratory,NONE,MEDIUM
57,92,18,96,0,0,0,0,0,other,NONE,LOW
95,108,23,93,1,2,1,1,0,fire,FIRE,MEDIUM
3,87,13,95,0,0,0,0,0,other,OTHER,LOW
31,122,21,91,0,2,1,0,0,trauma,INDUSTRIAL,MEDIUM
40,125,27,91,0,0,1,1,0,respiratory,NONE,HIGH
23,123,23,90,1,2,2,0,0,trauma,INDUSTRIAL,HIGH
22,106,19,93,0,2,0,0,0,accident,ROAD,MEDIUM
39,151,26,83,1,3,1,0,0,accident,ROAD,CRITICAL
85,108,23,94,0,2,0,0,1,trauma,FALL,MEDIUM
64,25,33,86,1,2,0,1,0,respiratory,NONE,CRITICAL
17,122,20,91,0,1,1,1,0,accident,ROAD,HIGH
44,103,18,97,0,1,0,1,0,fire,FIRE,LOW
49,165,34,84,2,1,0,1,1,cardiac,NONE,CRITICAL
35,88,17,97,0,0,0,0,0,other,OTHER,LOW
57,27,25,91,0,2,1,1,0,trauma,INDUSTRIAL,HIGH
71,144,23,88,1,0,0,1,1,other,NONE,HIGH
66,145,28,85,1,0,1,1,1,cardiac,NONE,CRITICAL
48,127,22,90,2,1,2,1,0,respiratory,NONE,HIGH
94,91,17,94,0,0,0,0,0,other,NONE,LOW
42,52,21,94,0,1,2,0,0,trauma,INDUSTRIAL,MEDIUM
90,123,25,91,1,3,0,0,0,trauma,FALL,HIGH
36,122,25,95,0,0,0,1,0,accident,ROAD,MEDIUM
32,154,26,85,0,1,0,0,1,stroke,NONE,CRITICAL
33,95,18,96,0,0,0,0,0,other,OTHER,LOW
75,148,30,84,2,2,0,1,0,other,OTHER,CRITICAL
38,146,31,84,1,0,3,1,0,accident,FALL,CRITICAL
69,98,15,94,0,0,1,0,0,other,OTHER,LOW
39,104,22,93,0,0,0,1,0,respiratory,NONE,MEDIUM
9,40,24,90,0,0,0,0,0,respiratory,NONE,HIGH
49,131,24,89,1,1,0,0,0,other,NONE,HIGH
76,123,22,91,0,0,0,1,1,cardiac,NONE,HIGH
99,130,21,94,1,1,2,0,0,accident,ROAD,MEDIUM
30,117,14,95,0,0,0,0,0,respiratory,NONE,MEDIUM
75,115,22,94,0,1,1,0,0,respiratory,NONE,MEDIUM
47,36,23,90,2,1,1,0,1,cardiac,NONE,HIGH
60,165,28,84,0,1,0,1,1,cardiac,NONE,CRITICAL
57,142,32,86,1,0,2,1,1,other,NONE,CRITICAL
24,131,25,89,2,0,1,1,0,respiratory,NONE,HIGH
30,107,15,94,0,0,0,0,0,other,OTHER,MEDIUM
47,111,17,95,1,0,0,1,1,respiratory,NONE,MEDIUM
14,115,18,95,0,1,2,0,0,trauma,INDUSTRIAL,MEDIUM
31,89,16,97,0,1,0,0,0,accident,INDUSTRIAL,LOW
49,57,20,94,0,2,0,0,1,trauma,INDUSTRIAL,MEDIUM
46,106,17,93,0,0,1,0,0,other,OTHER,MEDIUM
59,147,28,86,0,0,1,1,1,cardiac,NONE,CRITICAL
21,142,24,89,0,0,0,0,1,other,NONE,HIGH
26,104,20,91,0,0,0,0,0,other,OTHER,MEDIUM
79,25,32,85,3,0,1,1,1,cardiac,NONE,CRITICAL
39,108,20,94,0,0,0,1,1,accident,ROAD,MEDIUM
63,88,15,96,0,0,0,0,0,accident,FALL,LOW
49,133,26,91,0,0,0,0,0,other,NONE,HIGH
55,119,24,93,0,1,1,1,0,trauma,INDUSTRIAL,MEDIUM
18,126,24,90,1,1,1,1,0,accident,FALL,HIGH
41,112,18,92,0,3,1,0,0,trauma,FALL,MEDIUM
34,122,26,91,1,0,3,1,0,stroke,NONE,HIGH
39,108,22,93,0,0,0,1,0,respiratory,NONE,MEDIUM
70,108,18,95,0,0,0,0,0,other,NONE,LOW
96,122,27,89,1,1,0,0,0,cardiac,NONE,HIGH
95,128,27,90,0,1,1,0,0,cardiac,NONE,HIGH
12,94,13,96,1,0,0,0,0,other,OTHER,LOW
42,149,28,86,0,0,1,1,0,stroke,NONE,CRITICAL
42,97,17,97,0,0,0,0,0,other,OTHER,LOW
23,75,14,95,0,0,0,1,0,other,NONE,LOW
12,148,26,86,1,3,3,0,0,trauma,OTHER,CRITICAL
61,30,21,91,1,0,0,1,0,respiratory,NONE,CRITICAL
35,70,15,96,0,0,0,0,1,other,OTHER,LOW
66,143,27,85,3,1,0,1,1,respiratory,NONE,CRITICAL
31,147,27,83,2,0,2,1,1,respiratory,NONE,CRITICAL
13,143,31,83,1,0,2,1,0,other,OTHER,CRITICAL
53,70,15,96,0,0,0,0,0,other,NONE,LOW
38,96,13,96,0,0,0,0,0,other,OTHER,LOW
38,95,16,95,0,0,0,0,0,accident,ROAD,LOW
1,125,23,90,0,0,2,0,1,trauma,OTHER,MEDIUM
17,105,16,96,0,0,1,0,0,accident,ROAD,LOW
48,124,25,89,2,1,0,0,1,trauma,FALL,HIGH
40,89,14,96,0,0,0,0,0,cardiac,NONE,LOW
83,144,27,84,2,1,1,1,1,cardiac,NONE,CRITICAL
53,95,15,97,0,0,0,0,0,respiratory,NONE,LOW
55,113,18,94,1,0,2,0,0,trauma,INDUSTRIAL,MEDIUM
69,36,26,90,1,0,1,0,0,stroke,NONE,HIGH
24,109,18,94,1,0,0,0,0,other,NONE,MEDIUM
59,109,19,95,0,0,0,1,0,accident,ROAD,MEDIUM
20,131,25,91,1,1,3,0,0,trauma,INDUSTRIAL,HIGH
43,114,19,94,0,0,0,1,1,cardiac,NONE,MEDIUM
40,55,23,95,0,0,0,0,0,accident,FALL,MEDIUM
45,142,28,84,3,1,0,1,0,respiratory,NONE,CRITICAL
4,26,25,90,1,1,0,0,1,accident,FALL,HIGH
14,88,16,96,0,0,0,0,0,other,OTHER,LOW
78,102,14,94,0,1,1,0,0,fire,FIRE,LOW
34,122,25,91,0,1,3,0,1,accident,ROAD,HIGH
68,101,19,97,0,0,0,0,0,other,OTHER,LOW
66,129,23,91,0,0,0,0,0,cardiac,NONE,HIGH
70,139,25,90,1,0,0,0,1,other,OTHER,HIGH
56,116,19,92,0,0,0,1,1,respiratory,NONE,MEDIUM
49,55,21,95,0,1,0,0,0,trauma,ROAD,MEDIUM
57,92,12,97,0,0,0,0,0,other,OTHER,LOW
93,129,28,90,2,0,0,1,0,cardiac,NONE,HIGH
52,115,22,94,0,0,1,1,0,respiratory,NONE,MEDIUM
23,130,19,90,0,0,0,1,1,respiratory,NONE,CRITICAL
19,124,22,89,1,0,1,1,1,respiratory,NONE,HIGH
41,33,22,91,2,0,0,1,0,stroke,NONE,HIGH
21,126,19,94,0,0,0,0,0,accident,ROAD,MEDIUM
3,56,22,93,0,0,0,0,0,other,NONE,MEDIUM
76,25,33,85,3,2,1,1,1,cardiac,NONE,CRITICAL
68,95,14,96,0,0,0,0,0,other,NONE,LOW
30,94,18,95,0,0,0,0,0,other,OTHER,LOW
52,101,16,96,0,0,0,0,0,other,NONE,LOW
45,58,19,94,0,0,0,0,0,other,NONE,MEDIUM
67,130,24,91,3,0,1,0,1,stroke,NONE,HIGH
55,140,23,89,0,0,0,1,1,stroke,NONE,CRITICAL
64,124,25,90,1,0,2,0,0,stroke,NONE,HIGH
1,89,12,96,0,0,0,1,0,respiratory,NONE,LOW
18,105,21,94,0,0,0,0,0,respiratory,NONE,MEDIUM
48,106,22,94,0,1,0,0,0,accident,ROAD,MEDIUM
65,118,25,92,1,0,0,0,1,respiratory,NONE,MEDIUM
53,105,21,93,0,1,2,0,0,accident,ROAD,MEDIUM
39,137,25,90,0,1,2,0,0,accident,FALL,HIGH
81,156,30,84,2,1,0,0,1,cardiac,NONE,CRITICAL
23,32,24,91,0,0,0,0,0,other,OTHER,MEDIUM
43,53,16,94,0,1,0,0,0,trauma,OTHER,MEDIUM
59,106,19,94,0,0,0,1,1,cardiac,NONE,LOW
47,125,27,90,2,1,2,1,0,trauma,INDUSTRIAL,HIGH
29,149,23,89,0,1,1,1,1,accident,ROAD,HIGH
20,36,23,88,1,2,0,1,1,accident,ROAD,HIGH
25,69,16,95,0,0,0,0,0,accident,ROAD,LOW
62,130,28,91,1,1,1,1,1,accident,ROAD,HIGH
32,88,17,93,0,1,1,0,0,accident,ROAD,LOW
43,127,23,90,0,0,1,1,1,respiratory,NONE,HIGH
28,144,22,90,3,0,0,1,0,other,NONE,HIGH
60,103,19,95,0,0,0,0,0,other,OTHER,LOW
37,96,18,94,0,1,2,0,0,fire,FIRE,LOW
1,128,22,88,0,1,0,0,0,other,NONE,HIGH
28,115,21,92,0,2,0,0,0,accident,FALL,MEDIUM
72,126,23,91,0,0,1,0,1,cardiac,NONE,HIGH
67,122,22,91,1,1,0,0,0,other,NONE,HIGH
50,67,16,96,0,0,0,0,0,accident,ROAD,LOW
46,56,17,93,0,0,0,0,0,other,NONE,MEDIUM
46,95,14,97,0,0,0,1,0,other,NONE,LOW
70,93,14,97,0,1,1,0,0,accident,ROAD,LOW
72,105,17,94,0,0,0,1,0,stroke,NONE,MEDIUM
34,123,25,88,1,1,0,0,1,accident,ROAD,HIGH
27,87,15,94,0,0,0,0,0,trauma,OTHER,LOW
45,42,20,93,0,0,0,0,0,other,OTHER,MEDIUM
53,107,23,94,1,0,0,0,0,respiratory,NONE,MEDIUM
62,122,27,91,1,0,0,1,1,respiratory,NONE,HIGH
32,126,22,90,1,0,0,0,0,other,NONE,HIGH
20,112,24,93,0,0,0,0,0,other,OTHER,MEDIUM
1,152,27,84,2,2,1,1,1,trauma,OTHER,CRITICAL
1,95,18,96,0,0,0,0,0,other,NONE,LOW
63,105,20,92,0,1,1,0,0,trauma,OTHER,MEDIUM
33,110,18,93,0,0,0,0,0,respiratory,NONE,MEDIUM
38,52,21,95,0,0,2,0,0,accident,ROAD,MEDIUM
42,124,21,91,1,3,2,1,1,trauma,FALL,HIGH
29,104,20,93,0,0,3,0,0,accident,ROAD,MEDIUM
29,107,18,94,0,0,1,0,0,accident,ROAD,MEDIUM
67,78,16,94,0,0,0,0,0,respiratory,NONE,LOW
60,95,15,97,0,0,0,0,0,stroke,NONE,LOW
39,145,24,84,1,1,1,1,0,respiratory,NONE,CRITICAL
81,135,25,90,0,0,0,0,0,stroke,NONE,HIGH
51,125,26,91,0,2,1,0,0,fire,FIRE,HIGH
99,133,27,91,2,1,0,1,0,stroke,NONE,HIGH
25,145,32,85,0,1,1,1,1,cardiac,NONE,HIGH
25,133,24,90,1,0,0,1,1,cardiac,NONE,HIGH
62,35,25,88,1,0,1,0,0,cardiac,NONE,HIGH
24,115,17,93,0,0,1,1,1,accident,ROAD,MEDIUM
39,122,24,90,0,2,1,1,0,trauma,INDUSTRIAL,HIGH
60,46,22,95,0,0,0,1,0,fire,FIRE,MEDIUM
33,89,17,97,0,0,0,0,0,respiratory,NONE,LOW
17,117,20,95,0,0,0,1,0,respiratory,NONE,MEDIUM
56,106,23,93,0,0,0,1,0,other,NONE,MEDIUM
40,125,25,91,0,0,0,0,1,cardiac,NONE,HIGH
43,104,17,93,0,0,0,0,0,respiratory,NONE,HIGH
56,35,23,90,0,0,0,0,0,stroke,NONE,HIGH
66,90,20,97,0,0,0,0,1,cardiac,NONE,LOW
73,159,30,83,3,1,0,0,1,cardiac,NONE,CRITICAL
32,88,17,97,0,0,0,0,0,accident,FALL,LOW
29,104,21,94,0,1,0,1,0,respiratory,NONE,MEDIUM
23,102,16,97,0,0,0,0,0,other,NONE,LOW
1,74,17,94,0,0,0,0,0,accident,ROAD,LOW
62,95,15,95,0,0,1,0,0,accident,ROAD,LOW
65,125,25,90,1,0,0,0,1,cardiac,NONE,HIGH
61,145,31,84,0,1,0,1,0,respiratory,NONE,CRITICAL
41,97,16,96,0,0,0,0,0,other,OTHER,LOW
74,132,24,91,2,2,0,1,1,cardiac,NONE,HIGH
42,128,23,90,0,1,0,0,0,trauma,INDUSTRIAL,HIGH
11,75,18,96,0,0,0,0,0,other,OTHER,LOW
36,45,20,92,0,0,0,0,1,cardiac,NONE,MEDIUM
56,124,24,89,0,1,0,1,0,cardiac,NONE,HIGH
58,129,26,91,1,0,0,0,0,stroke,NONE,HIGH
84,78,15,96,0,0,0,0,0,cardiac,NONE,LOW
1,123,20,90,1,0,1,1,0,other,NONE,HIGH
61,123,22,91,0,0,0,0,1,cardiac,NONE,HIGH
73,88,17,95,0,0,0,0,1,cardiac,NONE,LOW
24,59,20,93,0,0,1,1,1,respiratory,NONE,MEDIUM
12,123,25,91,2,0,0,0,0,other,OTHER,HIGH
44,128,23,90,1,2,0,1,1,respiratory,NONE,HIGH
22,94,22,96,0,1,0,0,0,trauma,OTHER,LOW
1,110,18,94,0,0,0,0,0,other,NONE,MEDIUM
35,59,22,93,0,0,0,0,0,trauma,FALL,MEDIUM
60,117,22,95,0,1,0,1,0,respiratory,NONE,MEDIUM
42,115,21,94,0,0,3,0,1,accident,INDUSTRIAL,MEDIUM
13,112,20,94,1,0,0,0,0,accident,ROAD,MEDIUM
18,126,24,90,3,1,1,1,1,fire,FIRE,HIGH
34,131,20,95,0,0,0,0,0,trauma,INDUSTRIAL,MEDIUM
57,91,16,97,0,0,0,0,0,other,OTHER,LOW
67,124,25,91,1,3,1,0,0,accident,ROAD,HIGH
49,139,22,87,0,0,0,1,0,stroke,NONE,HIGH
37,132,22,91,3,0,0,1,0,respiratory,NONE,HIGH
89,169,31,85,1,0,0,1,0,cardiac,NONE,CRITICAL
27,125,23,89,3,2,3,0,0,accident,ROAD,HIGH
24,134,29,88,0,3,1,0,0,accident,ROAD,HIGH
66,145,26,84,3,3,1,1,1,accident,INDUSTRIAL,CRITICAL
72,131,24,91,0,0,1,0,1,cardiac,NONE,HIGH
29,128,24,90,1,3,1,1,0,accident,ROAD,HIGH
42,116,19,95,0,2,0,0,0,trauma,FALL,MEDIUM
86,25,26,86,3,0,1,1,1,stroke,NONE,CRITICAL
20,122,26,90,3,1,0,0,0,accident,ROAD,HIGH
9,155,28,85,1,1,1,1,0,respiratory,NONE,CRITICAL
37,125,23,90,0,1,1,0,0,accident,ROAD,HIGH
90,115,20,93,0,1,0,0,0,fire,FIRE,MEDIUM
50,97,14,97,0,0,1,0,0,accident,INDUSTRIAL,LOW
35,110,19,92,0,0,0,0,0,accident,ROAD,MEDIUM
33,37,22,91,1,0,3,0,0,trauma,OTHER,HIGH
23,106,18,94,0,0,0,0,0,other,NONE,MEDIUM
16,149,30,85,2,2,2,1,1,accident,FALL,CRITICAL
64,132,25,90,0,0,2,0,1,cardiac,NONE,HIGH
43,124,24,94,0,2,1,0,0,accident,FALL,MEDIUM
38,87,17,97,0,0,1,0,0,other,NONE,LOW
13,130,24,91,1,2,0,1,1,accident,FALL,HIGH
72,78,22,96,0,1,0,0,1,cardiac,NONE,LOW
58,87,16,95,0,0,0,1,0,respiratory,NONE,LOW
32,38,26,90,1,1,1,1,1,respiratory,NONE,HIGH
24,106,23,92,1,2,3,1,0,accident,ROAD,MEDIUM
59,89,16,96,1,0,0,0,0,other,NONE,LOW
75,87,12,97,0,0,0,1,0,other,OTHER,LOW
51,103,21,96,0,0,0,1,0,trauma,INDUSTRIAL,LOW
33,133,21,90,1,1,1,0,1,fire,FIRE,HIGH
56,129,26,87,1,0,0,0,1,cardiac,NONE,HIGH
86,122,25,90,0,1,0,0,0,fire,FIRE,HIGH
51,128,23,91,0,0,0,0,1,cardiac,NONE,HIGH
87,77,14,96,0,0,0,0,0,other,NONE,LOW
67,103,17,97,0,0,0,0,0,accident,ROAD,LOW
21,161,28,85,3,2,3,0,1,accident,INDUSTRIAL,CRITICAL
37,75,13,97,0,0,0,0,0,accident,ROAD,LOW
46,25,29,85,0,0,1,1,1,respiratory,NONE,CRITICAL
61,95,17,96,0,0,1,0,1,fire,FIRE,LOW
7,91,18,95,0,0,0,0,0,respiratory,NONE,LOW
48,56,25,94,0,0,0,0,0,respiratory,NONE,HIGH
37,58,21,93,0,0,0,1,0,respiratory,NONE,HIGH
77,116,21,95,0,0,1,0,1,respiratory,NONE,MEDIUM
41,113,18,94,0,3,0,1,0,trauma,OTHER,MEDIUM
59,59,23,91,0,1,2,1,1,trauma,ROAD,MEDIUM
30,143,31,86,3,3,1,0,0,accident,INDUSTRIAL,CRITICAL
43,125,27,91,2,2,2,0,1,trauma,ROAD,HIGH
68,88,19,97,0,0,1,0,0,trauma,INDUSTRIAL,LOW
25,116,17,93,0,0,0,0,0,cardiac,NONE,MEDIUM
13,41,24,91,1,3,2,0,0,trauma,INDUSTRIAL,HIGH
37,125,26,90,2,0,1,1,0,trauma,OTHER,HIGH
6,75,19,96,0,0,0,0,0,other,OTHER,LOW
70,137,26,90,1,0,0,0,1,cardiac,NONE,MEDIUM
80,88,17,95,0,1,0,0,0,other,OTHER,LOW
11,102,14,96,0,0,0,1,0,respiratory,NONE,LOW
73,25,29,91,0,0,0,0,0,stroke,NONE,HIGH
1,110,18,93,0,0,0,1,1,respiratory,NONE,MEDIUM
44,110,21,95,0,1,0,0,0,other,NONE,MEDIUM
29,51,19,93,0,0,1,0,0,accident,ROAD,MEDIUM
54,102,16,96,0,0,0,0,1,accident,ROAD,LOW
29,87,16,97,1,0,0,0,0,other,NONE,LOW
1,25,22,90,0,1,2,1,1,accident,ROAD,HIGH
61,145,30,86,1,1,3,0,0,accident,ROAD,CRITICAL
1,88,14,97,0,0,0,0,0,other,NONE,LOW
37,93,17,97,0,0,0,0,0,other,OTHER,LOW
1,89,16,96,0,0,0,0,0,other,NONE,LOW
27,53,20,94,0,1,1,0,0,trauma,INDUSTRIAL,MEDIUM
42,69,15,97,0,0,0,0,0,other,NONE,LOW
26,120,21,92,0,0,0,0,0,respiratory,NONE,MEDIUM
14,113,20,93,0,3,0,0,0,trauma,ROAD,MEDIUM
59,106,21,93,0,0,0,0,0,accident,ROAD,MEDIUM
51,26,25,90,0,1,3,0,0,accident,INDUSTRIAL,HIGH
40,104,19,93,0,0,0,1,0,stroke,NONE,MEDIUM
73,95,17,97,0,0,1,0,1,trauma,FALL,LOW
87,110,22,94,0,1,1,0,0,accident,INDUSTRIAL,MEDIUM
46,123,21,89,0,3,1,1,0,accident,INDUSTRIAL,HIGH
48,91,15,95,0,0,0,0,1,fire,FIRE,LOW
56,119,21,95,0,0,0,0,1,cardiac,NONE,MEDIUM
61,113,16,95,0,0,3,0,0,fire,FIRE,MEDIUM
73,154,30,86,1,2,0,1,1,stroke,NONE,CRITICAL
21,92,17,95,0,0,0,0,0,other,NONE,LOW
73,144,31,85,3,0,0,1,0,stroke,NONE,CRITICAL
59,68,19,97,0,0,0,0,0,other,OTHER,LOW
46,118,17,94,1,0,0,0,1,cardiac,NONE,MEDIUM
35,129,22,94,0,1,1,1,0,stroke,NONE,MEDIUM
34,128,22,90,3,3,1,1,0,fire,FIRE,HIGH
1,114,22,95,0,0,1,0,0,trauma,OTHER,MEDIUM
36,125,23,91,0,1,2,1,0,trauma,INDUSTRIAL,HIGH
1,126,26,91,0,2,2,1,0,accident,ROAD,HIGH
58,25,25,86,2,0,0,1,1,cardiac,NONE,CRITICAL
24,119,23,94,0,0,0,0,1,other,OTHER,MEDIUM
55,41,25,91,2,0,0,1,1,cardiac,NONE,HIGH
82,33,25,90,0,3,0,1,0,accident,FALL,HIGH
56,105,23,93,0,0,0,0,0,cardiac,NONE,MEDIUM
10,104,22,94,0,0,1,1,0,accident,INDUSTRIAL,MEDIUM
34,116,24,94,0,0,0,0,0,respiratory,NONE,MEDIUM
63,125,24,91,0,3,0,1,0,trauma,ROAD,HIGH
44,143,32,83,2,0,0,1,1,other,OTHER,CRITICAL
50,146,27,85,2,0,0,1,1,respiratory,NONE,CRITICAL
40,110,17,93,0,0,0,1,0,other,OTHER,MEDIUM
25,94,15,97,0,0,0,1,0,respiratory,NONE,LOW
2,92,16,97,0,1,1,1,0,fire,FIRE,LOW
16,73,15,96,0,0,0,0,0,respiratory,NONE,LOW
74,123,27,91,0,0,1,0,0,cardiac,NONE,HIGH
99,49,19,93,0,0,0,0,0,trauma,OTHER,MEDIUM
2,144,30,86,2,3,3,1,0,accident,ROAD,CRITICAL
23,40,24,90,1,1,3,0,1,accident,ROAD,HIGH
30,89,19,94,0,0,0,0,0,other,NONE,LOW
30,106,23,95,0,2,2,0,0,fire,FIRE,MEDIUM
57,143,28,85,2,0,1,0,1,cardiac,NONE,CRITICAL
50,144,25,85,2,2,0,1,1,accident,ROAD,CRITICAL
59,31,26,91,0,0,0,0,0,cardiac,NONE,CRITICAL
64,90,17,96,0,0,1,0,0,trauma,FALL,LOW
40,69,18,95,0,0,0,0,0,cardiac,NONE,LOW
48,88,14,97,0,0,1,1,0,trauma,INDUSTRIAL,LOW
46,123,25,90,1,0,1,0,1,cardiac,NONE,HIGH
38,106,21,93,0,0,0,1,1,other,NONE,MEDIUM
20,128,22,91,1,3,0,0,1,accident,ROAD,HIGH
80,125,22,90,1,3,0,0,1,trauma,ROAD,HIGH
82,129,24,91,0,2,1,1,0,accident,ROAD,HIGH
62,25,26,85,1,0,2,1,1,cardiac,NONE,CRITICAL
19,76,18,97,0,0,0,0,0,respiratory,NONE,LOW
38,105,21,95,0,1,0,0,1,respiratory,NONE,MEDIUM
39,127,23,91,1,0,1,0,0,accident,INDUSTRIAL,HIGH
66,134,23,90,0,0,0,1,1,respiratory,NONE,HIGH
63,30,28,90,1,0,1,0,0,other,NONE,HIGH
55,130,24,90,2,0,0,0,1,stroke,NONE,HIGH
15,66,17,97,0,0,1,0,0,accident,ROAD,LOW
69,112,24,94,0,0,1,0,1,accident,ROAD,MEDIUM
52,132,25,91,0,0,1,0,0,other,OTHER,HIGH
3,101,17,97,0,1,0,0,0,accident,ROAD,LOW
29,94,17,97,0,0,0,0,0,accident,FALL,LOW
22,95,13,96,0,0,0,0,0,other,OTHER,LOW
49,69,17,97,0,2,1,0,0,trauma,FALL,LOW
26,54,22,94,0,3,1,0,0,fire,FIRE,MEDIUM
21,158,28,85,1,3,3,1,1,fire,FIRE,CRITICAL
21,125,24,91,3,1,0,1,0,respiratory,NONE,HIGH
45,74,17,95,0,1,0,0,0,accident,ROAD,LOW
62,144,32,85,3,0,0,1,1,respiratory,NONE,CRITICAL
57,98,15,95,0,1,0,0,0,other,OTHER,LOW
24,87,14,97,0,1,0,1,0,respiratory,NONE,LOW
50,115,23,95,0,0,0,0,0,respiratory,NONE,MEDIUM
1,143,33,85,3,3,3,1,0,fire,FIRE,CRITICAL
38,109,19,94,0,0,0,1,0,other,OTHER,MEDIUM
31,108,23,92,1,0,0,0,1,accident,ROAD,MEDIUM
47,117,20,95,0,0,0,0,0,trauma,INDUSTRIAL,HIGH
40,106,22,94,1,0,1,0,0,stroke,NONE,MEDIUM
37,88,18,97,0,0,0,1,0,respiratory,NONE,MEDIUM
38,132,19,91,1,0,0,1,0,accident,ROAD,HIGH
79,142,28,83,3,1,0,1,0,stroke,NONE,CRITICAL
91,108,18,94,0,1,0,0,1,cardiac,NONE,MEDIUM
45,125,25,90,1,1,1,0,0,accident,INDUSTRIAL,HIGH
67,96,16,96,0,0,0,0,0,trauma,FALL,LOW
65,105,18,95,0,0,0,1,0,cardiac,NONE,MEDIUM
35,122,21,91,1,2,2,0,0,accident,INDUSTRIAL,HIGH
52,94,14,95,0,1,0,0,0,accident,ROAD,LOW
46,93,15,95,1,1,0,1,0,other,NONE,LOW
45,88,13,97,0,0,1,0,0,trauma,FALL,LOW
28,105,21,92,0,1,1,0,0,accident,ROAD,MEDIUM
42,123,24,91,3,3,0,0,1,trauma,ROAD,HIGH
55,133,22,90,0,0,0,1,1,cardiac,NONE,HIGH
14,99,16,94,0,1,0,0,0,other,OTHER,LOW
90,58,18,94,1,0,0,0,1,cardiac,NONE,MEDIUM
39,95,15,97,0,0,0,0,0,trauma,OTHER,LOW
99,25,28,85,2,0,0,1,1,cardiac,NONE,CRITICAL
72,25,28,81,3,1,2,1,1,stroke,NONE,CRITICAL
56,125,21,90,0,0,3,0,0,accident,ROAD,HIGH
71,145,30,86,3,3,3,0,0,accident,ROAD,CRITICAL
28,89,18,97,0,1,0,0,0,trauma,FALL,LOW
16,89,12,97,0,0,0,0,0,accident,INDUSTRIAL,LOW
8,114,22,92,0,0,0,0,0,respiratory,NONE,MEDIUM
37,104,21,95,0,0,1,0,0,accident,ROAD,MEDIUM
37,124,17,93,0,1,0,0,1,other,NONE,MEDIUM
90,25,31,82,2,2,2,0,1,stroke,NONE,CRITICAL
30,43,18,92,0,0,0,1,0,accident,ROAD,MEDIUM
43,35,23,90,1,3,1,1,0,trauma,INDUSTRIAL,HIGH
29,108,21,93,0,0,2,1,0,accident,ROAD,MEDIUM
67,86,17,96,0,1,1,0,0,trauma,ROAD,LOW
17,87,19,97,0,0,0,0,0,other,NONE,LOW
25,108,16,95,0,0,1,0,0,other,OTHER,MEDIUM
73,124,23,91,0,0,0,1,0,stroke,NONE,HIGH
77,136,25,90,1,2,0,1,0,stroke,NONE,HIGH
34,37,22,90,1,1,2,0,0,accident,ROAD,CRITICAL
75,57,23,94,0,0,0,0,1,cardiac,NONE,MEDIUM
23,41,23,91,0,1,0,1,1,cardiac,NONE,HIGH
74,130,23,92,0,0,0,0,1,cardiac,NONE,MEDIUM
48,124,27,89,1,0,0,1,1,cardiac,NONE,HIGH
53,132,28,91,1,0,1,1,1,other,NONE,HIGH
77,132,26,91,0,2,3,0,0,accident,ROAD,HIGH
53,54,22,93,0,1,0,0,0,accident,ROAD,MEDIUM
40,90,15,94,0,0,1,0,0,accident,INDUSTRIAL,LOW
42,126,25,91,1,1,2,0,0,respiratory,NONE,HIGH
36,157,26,86,3,2,2,1,0,trauma,INDUSTRIAL,CRITICAL
44,96,16,96,0,0,0,0,0,respiratory,NONE,LOW
31,105,18,95,0,0,1,0,0,accident,INDUSTRIAL,MEDIUM
26,111,22,94,1,0,0,0,1,other,NONE,MEDIUM
84,127,21,90,3,0,0,0,1,cardiac,NONE,HIGH
82,105,18,94,0,1,0,0,1,cardiac,NONE,MEDIUM
99,145,30,86,3,0,0,0,1,cardiac,NONE,CRITICAL
65,39,27,89,1,1,0,1,0,accident,INDUSTRIAL,HIGH
85,63,15,97,0,0,0,0,0,other,NONE,LOW
41,53,21,96,0,0,0,0,1,cardiac,NONE,LOW
52,25,21,90,3,2,3,0,0,accident,FALL,HIGH
16,68,13,96,0,0,0,0,0,respiratory,NONE,LOW
23,93,20,96,0,0,0,0,0,other,OTHER,MEDIUM
59,105,18,93,0,0,0,0,0,other,OTHER,MEDIUM
18,118,23,95,0,0,0,0,0,other,OTHER,MEDIUM
59,159,28,82,3,0,2,0,0,stroke,NONE,CRITICAL
97,88,15,94,0,0,0,0,0,fire,FIRE,LOW
59,73,17,96,0,0,0,0,0,other,NONE,LOW
15,110,19,94,0,0,2,0,0,fire,FIRE,MEDIUM
50,144,29,86,1,2,3,1,0,accident,INDUSTRIAL,CRITICAL
99,91,16,96,0,0,0,0,0,cardiac,NONE,LOW
55,111,22,95,0,0,0,0,0,other,OTHER,MEDIUM
33,107,14,92,1,0,0,0,0,respiratory,NONE,HIGH
70,109,21,94,0,0,0,1,0,cardiac,NONE,MEDIUM
31,104,21,95,0,0,1,0,0,trauma,OTHER,MEDIUM
29,93,19,94,0,0,0,1,0,respiratory,NONE,LOW
27,156,30,85,1,3,1,1,0,accident,INDUSTRIAL,CRITICAL
38,89,16,97,0,0,1,0,0,accident,ROAD,LOW
51,99,14,97,0,0,0,0,0,other,OTHER,LOW
63,132,24,88,2,0,1,1,0,accident,ROAD,HIGH
68,148,26,85,3,0,1,1,0,other,NONE,CRITICAL
83,113,22,94,2,0,0,0,1,cardiac,NONE,MEDIUM
41,134,25,89,2,1,0,0,1,cardiac,NONE,HIGH
44,96,17,97,1,0,0,0,0,other,OTHER,LOW
33,97,13,96,0,0,0,0,0,other,OTHER,LOW
6,106,22,93,0,0,0,0,0,other,NONE,MEDIUM
11,104,18,96,0,0,0,1,0,respiratory,NONE,LOW
18,126,21,90,0,2,2,1,0,fire,FIRE,HIGH
55,115,22,95,0,3,0,0,0,trauma,FALL,MEDIUM
63,143,28,84,2,0,0,1,1,cardiac,NONE,CRITICAL
48,49,18,94,0,1,1,0,0,fire,FIRE,MEDIUM
30,142,29,85,0,2,3,1,0,accident,ROAD,CRITICAL
99,89,13,97,0,0,2,0,0,accident,ROAD,LOW
24,67,21,95,0,0,0,0,0,accident,FALL,LOW
34,148,27,84,1,1,3,1,0,accident,ROAD,CRITICAL
27,53,19,94,0,2,0,1,1,trauma,ROAD,MEDIUM
52,108,19,92,0,0,0,0,0,stroke,NONE,MEDIUM
60,88,12,96,0,0,0,0,0,stroke,NONE,LOW
19,112,22,94,0,0,0,0,0,other,OTHER,MEDIUM
78,156,29,85,3,0,1,1,1,cardiac,NONE,CRITICAL
6,87,20,97,0,0,0,0,0,accident,ROAD,LOW
55,137,26,89,0,0,0,0,1,cardiac,NONE,HIGH
25,88,12,97,0,0,1,0,0,accident,ROAD,LOW
37,54,19,93,0,0,1,0,0,accident,ROAD,MEDIUM
51,125,26,91,0,0,0,1,0,trauma,INDUSTRIAL,HIGH
55,96,14,94,0,1,0,0,0,trauma,INDUSTRIAL,LOW
74,125,28,91,1,1,0,0,0,other,OTHER,HIGH
28,86,18,96,0,0,0,0,0,other,OTHER,LOW
36,91,15,97,0,2,1,0,0,accident,ROAD,LOW
55,129,23,87,0,1,1,1,0,fire,FIRE,HIGH
7,102,14,95,0,1,0,0,0,accident,INDUSTRIAL,LOW
1,131,21,91,1,2,2,1,0,accident,INDUSTRIAL,HIGH
89,143,26,82,2,1,1,1,0,cardiac,NONE,CRITICAL
44,90,15,96,0,0,1,0,0,accident,FALL,LOW
43,131,19,90,1,0,0,1,0,stroke,NONE,HIGH
11,119,23,93,1,0,0,1,0,accident,ROAD,MEDIUM
31,127,19,89,1,1,2,1,0,accident,ROAD,HIGH
18,145,25,84,1,1,3,1,0,trauma,OTHER,CRITICAL
37,123,23,89,1,0,1,1,1,fire,FIRE,HIGH
65,151,34,86,2,0,0,1,1,cardiac,NONE,CRITICAL
66,108,18,95,1,1,1,0,0,accident,ROAD,MEDIUM
96,116,21,94,0,0,0,0,0,respiratory,NONE,MEDIUM
53,90,14,96,0,0,0,0,0,accident,FALL,LOW
51,109,19,94,0,0,1,0,0,accident,INDUSTRIAL,MEDIUM
39,87,18,97,0,0,0,0,0,respiratory,NONE,LOW
21,154,24,83,3,0,1,1,0,respiratory,NONE,CRITICAL
36,130,24,89,2,2,1,0,0,other,NONE,HIGH
17,107,19,92,0,1,2,0,0,accident,ROAD,MEDIUM
46,25,28,82,0,3,3,0,0,trauma,ROAD,CRITICAL
75,129,23,90,1,1,0,0,0,stroke,NONE,HIGH
56,109,22,93,1,2,1,1,0,trauma,FALL,MEDIUM
56,166,30,86,3,1,1,1,1,cardiac,NONE,CRITICAL
32,131,24,89,0,0,3,1,0,trauma,FALL,HIGH
37,123,20,91,1,0,0,0,0,other,NONE,MEDIUM
35,147,24,91,0,2,0,1,1,accident,ROAD,HIGH
31,110,16,95,0,0,0,0,0,trauma,INDUSTRIAL,LOW
71,100,17,96,0,0,0,0,0,respiratory,NONE,LOW
44,109,19,92,0,0,0,0,0,trauma,ROAD,MEDIUM
74,88,13,93,0,0,0,0,0,other,OTHER,LOW
50,90,11,96,0,0,0,1,0,other,NONE,LOW
94,125,27,91,0,0,0,1,1,cardiac,NONE,HIGH
1,106,23,94,0,1,0,0,0,accident,FALL,MEDIUM
39,105,22,94,0,0,2,0,0,trauma,FALL,MEDIUM
84,95,20,96,0,0,0,0,0,other,OTHER,LOW
55,95,18,96,0,0,0,0,0,accident,ROAD,LOW
50,141,26,89,0,2,2,0,0,accident,ROAD,HIGH
17,166,28,86,3,0,1,1,1,respiratory,NONE,CRITICAL
25,131,22,90,2,1,3,1,0,trauma,OTHER,HIGH
71,50,24,94,0,0,0,0,1,cardiac,NONE,MEDIUM
64,93,17,97,0,0,0,0,0,other,NONE,LOW
38,129,25,90,2,0,1,1,0,respiratory,NONE,HIGH
78,95,13,96,0,0,2,0,0,trauma,ROAD,LOW
34,107,29,92,0,0,0,1,0,trauma,ROAD,MEDIUM
13,99,13,95,0,0,0,0,0,accident,ROAD,LOW
1,50,19,95,0,0,0,0,0,trauma,INDUSTRIAL,MEDIUM
12,76,16,95,0,0,0,0,0,other,NONE,LOW
41,104,22,94,0,1,1,0,0,trauma,INDUSTRIAL,MEDIUM
37,141,27,91,1,0,0,1,0,respiratory,NONE,HIGH
54,148,31,84,3,1,0,1,0,other,OTHER,CRITICAL
36,143,22,85,3,3,0,1,0,trauma,INDUSTRIAL,CRITICAL
58,105,23,95,0,1,1,0,0,trauma,INDUSTRIAL,MEDIUM
51,107,19,93,0,0,0,1,0,respiratory,NONE,MEDIUM
77,141,25,90,1,0,0,0,0,cardiac,NONE,HIGH
28,146,27,85,3,1,3,1,1,accident,ROAD,CRITICAL
22,77,17,96,0,0,0,0,0,trauma,INDUSTRIAL,LOW
35,101,14,97,0,0,1,0,0,accident,ROAD,LOW
56,96,14,95,0,0,0,0,0,accident,ROAD,LOW
45,147,26,85,2,3,3,0,0,trauma,OTHER,CRITICAL
60,104,21,95,1,0,0,0,1,cardiac,NONE,MEDIUM
71,134,26,90,0,3,0,1,0,trauma,FALL,HIGH
91,105,16,94,0,0,1,0,0,accident,INDUSTRIAL,MEDIUM
39,109,21,95,1,0,0,0,0,trauma,OTHER,MEDIUM
24,52,22,94,0,2,3,0,1,accident,ROAD,MEDIUM
17,94,16,97,0,1,0,0,0,trauma,ROAD,LOW
29,134,20,91,0,1,0,0,0,stroke,NONE,HIGH
16,95,18,95,0,0,0,0,0,accident,FALL,LOW
73,122,32,90,2,0,0,0,1,cardiac,NONE,HIGH
47,143,29,84,1,0,0,1,1,cardiac,NONE,CRITICAL
45,112,18,94,0,1,2,1,0,trauma,INDUSTRIAL,MEDIUM
81,114,22,94,0,0,0,0,1,other,OTHER,HIGH
8,89,14,96,0,0,0,0,0,trauma,INDUSTRIAL,LOW
50,125,24,90,2,0,1,1,0,trauma,OTHER,HIGH
23,147,28,84,3,0,1,1,0,other,OTHER,CRITICAL
25,146,28,84,3,3,0,1,1,respiratory,NONE,CRITICAL
53,40,23,91,1,0,2,1,1,cardiac,NONE,HIGH
33,144,30,84,0,3,3,1,0,accident,ROAD,CRITICAL
33,91,18,97,0,0,0,0,1,other,OTHER,MEDIUM
7,51,20,93,0,0,0,1,0,trauma,ROAD,MEDIUM
49,94,15,97,0,0,0,0,0,trauma,OTHER,LOW
36,104,20,93,2,0,0,0,0,trauma,OTHER,MEDIUM
66,149,29,85,1,0,0,1,1,cardiac,NONE,CRITICAL
50,106,23,95,0,0,1,1,0,respiratory,NONE,MEDIUM
67,110,21,94,0,0,0,0,0,other,OTHER,MEDIUM
64,119,23,95,0,0,0,0,0,cardiac,NONE,MEDIUM
49,99,15,95,0,0,0,0,0,other,OTHER,LOW
57,139,25,90,1,0,0,1,0,stroke,NONE,HIGH
40,112,21,93,0,2,0,0,0,trauma,ROAD,MEDIUM
35,95,12,97,0,0,0,0,0,other,NONE,LOW
37,124,26,89,0,0,1,0,1,cardiac,NONE,HIGH
40,92,17,96,0,0,0,0,0,accident,ROAD,LOW
50,35,27,90,2,0,0,1,1,cardiac,NONE,HIGH
99,39,21,90,2,0,0,0,0,stroke,NONE,HIGH
1,117,17,92,0,1,1,0,0,accident,ROAD,MEDIUM
48,107,16,96,0,0,0,0,0,other,NONE,LOW
38,25,26,86,0,0,2,1,0,stroke,NONE,CRITICAL
22,25,26,85,2,3,3,0,0,trauma,ROAD,CRITICAL
10,97,15,95,0,0,0,0,0,other,OTHER,LOW
14,105,19,90,0,1,1,0,1,accident,FALL,MEDIUM
36,87,15,94,0,0,0,0,0,trauma,OTHER,LOW
1,69,17,96,0,0,0,0,0,accident,INDUSTRIAL,LOW
62,118,21,95,1,0,0,0,0,trauma,OTHER,MEDIUM
32,109,18,95,0,0,0,0,1,accident,INDUSTRIAL,MEDIUM
31,154,31,85,3,0,0,1,0,respiratory,NONE,CRITICAL
35,110,17,93,0,0,0,0,0,other,NONE,MEDIUM
56,91,12,95,0,0,0,0,0,other,NONE,LOW
33,127,23,88,1,0,3,1,0,accident,INDUSTRIAL,HIGH
74,94,14,97,0,0,0,1,0,respiratory,NONE,LOW
61,142,33,84,1,0,0,0,1,cardiac,NONE,CRITICAL
17,139,24,91,3,0,0,1,0,respiratory,NONE,HIGH
60,74,17,97,0,0,0,0,0,other,NONE,LOW
42,114,25,94,0,0,0,1,0,respiratory,NONE,MEDIUM
56,130,20,91,1,2,1,0,1,accident,FALL,HIGH
63,38,22,90,0,0,2,1,0,stroke,NONE,HIGH
84,112,22,93,0,0,0,0,0,other,NONE,MEDIUM
65,86,15,94,0,1,2,1,0,accident,INDUSTRIAL,LOW
52,114,17,95,0,0,1,0,0,respiratory,NONE,MEDIUM
25,98,19,97,0,0,0,0,0,accident,ROAD,LOW
55,149,34,86,3,0,1,1,1,cardiac,NONE,CRITICAL
18,152,30,85,2,0,1,1,1,trauma,INDUSTRIAL,CRITICAL
10,88,14,97,0,0,0,0,0,accident,ROAD,LOW
54,108,21,94,0,0,0,1,1,other,NONE,MEDIUM
15,96,17,97,0,0,0,0,1,trauma,ROAD,LOW
43,109,15,93,1,2,3,0,0,accident,ROAD,MEDIUM
23,105,20,94,0,1,0,1,0,accident,ROAD,MEDIUM
62,133,27,89,1,0,2,0,0,respiratory,NONE,HIGH
74,111,20,94,1,0,0,0,0,stroke,NONE,MEDIUM
43,104,24,90,0,1,1,0,0,accident,ROAD,MEDIUM
48,143,31,83,3,0,0,0,0,respiratory,NONE,CRITICAL
55,77,15,96,0,0,0,0,0,other,NONE,LOW
37,35,25,91,1,1,0,1,0,other,NONE,HIGH
32,116,21,95,0,0,0,1,1,other,NONE,MEDIUM
59,154,28,84,1,0,0,0,1,cardiac,NONE,CRITICAL
36,167,29,86,3,2,3,1,0,accident,INDUSTRIAL,CRITICAL
61,113,23,93,0,0,0,0,1,cardiac,NONE,LOW
8,25,30,85,0,3,1,1,1,respiratory,NONE,CRITICAL
27,25,26,86,1,3,1,1,0,accident,ROAD,CRITICAL
32,90,15,96,0,0,0,0,0,respiratory,NONE,LOW
77,126,26,91,1,0,0,1,0,stroke,NONE,HIGH
84,88,18,97,0,1,0,0,0,cardiac,NONE,LOW
43,144,32,85,1,0,1,1,1,cardiac,NONE,CRITICAL
26,72,11,97,0,0,0,0,0,accident,INDUSTRIAL,LOW
4,26,23,91,1,3,3,0,1,accident,FALL,HIGH
72,106,24,92,0,0,0,0,0,cardiac,NONE,MEDIUM
6,117,21,94,0,0,1,1,1,respiratory,NONE,MEDIUM
26,87,13,97,0,0,0,0,0,accident,INDUSTRIAL,LOW
69,130,26,89,2,1,0,1,0,respiratory,NONE,HIGH
55,49,19,91,0,1,0,0,0,fire,FIRE,MEDIUM
37,108,19,94,0,0,1,0,0,cardiac,NONE,MEDIUM
37,129,26,87,1,0,0,0,0,stroke,NONE,HIGH
88,129,22,91,1,0,1,1,1,cardiac,NONE,HIGH
62,143,26,85,3,0,3,1,0,trauma,INDUSTRIAL,CRITICAL
48,130,24,90,0,1,2,0,0,accident,INDUSTRIAL,HIGH
33,104,24,93,0,1,0,0,0,accident,ROAD,MEDIUM
47,107,18,94,0,1,1,0,0,accident,ROAD,MEDIUM
53,25,28,86,3,0,1,1,1,other,NONE,CRITICAL
66,125,25,89,1,2,1,0,0,accident,ROAD,HIGH
44,109,20,93,0,0,1,0,0,accident,ROAD,MEDIUM
29,109,22,93,0,0,3,0,0,accident,ROAD,MEDIUM
60,149,31,85,3,0,0,1,1,respiratory,NONE,CRITICAL
38,153,32,86,1,0,0,0,1,stroke,NONE,CRITICAL
68,132,27,91,0,1,2,0,1,cardiac,NONE,HIGH
1,127,24,91,0,0,2,1,0,respiratory,NONE,HIGH
51,115,17,95,0,2,1,0,0,trauma,OTHER,MEDIUM
50,40,25,91,0,0,0,0,1,cardiac,NONE,HIGH
12,37,29,90,0,1,2,1,0,accident,ROAD,HIGH
1,105,18,93,0,0,0,0,0,respiratory,NONE,MEDIUM
42,134,21,91,2,2,1,1,0,accident,ROAD,HIGH
26,108,19,92,0,0,0,0,0,other,NONE,MEDIUM
69,96,17,97,0,0,1,0,1,accident,INDUSTRIAL,MEDIUM
57,107,18,97,0,0,0,0,0,respiratory,NONE,LOW
45,150,29,86,1,0,0,1,0,respiratory,NONE,CRITICAL
47,114,15,94,0,1,1,1,0,accident,ROAD,MEDIUM
64,113,20,93,0,2,3,0,0,accident,INDUSTRIAL,MEDIUM
99,110,23,93,0,0,0,0,0,cardiac,NONE,MEDIUM
69,148,32,83,2,0,1,0,1,cardiac,NONE,CRITICAL
87,145,29,85,3,0,0,1,1,stroke,NONE,CRITICAL
46,115,23,95,0,0,2,0,0,trauma,INDUSTRIAL,MEDIUM
63,131,24,91,0,3,2,0,0,accident,ROAD,HIGH
34,99,14,97,0,0,0,1,0,other,OTHER,LOW
32,112,23,94,0,0,0,0,0,cardiac,NONE,MEDIUM
54,60,26,95,0,0,0,0,0,other,NONE,MEDIUM
52,67,16,95,0,0,0,0,0,respiratory,NONE,LOW
73,124,25,91,2,0,0,1,0,stroke,NONE,HIGH
53,145,23,90,0,1,2,0,0,accident,FALL,HIGH
52,123,20,90,0,1,0,0,0,stroke,NONE,HIGH
37,88,19,96,0,0,0,1,0,other,NONE,LOW
45,134,23,91,1,0,1,1,0,accident,ROAD,HIGH
44,112,19,94,0,0,0,0,1,trauma,ROAD,HIGH
47,109,23,93,0,0,1,0,0,cardiac,NONE,MEDIUM
18,25,22,90,0,0,1,0,0,trauma,INDUSTRIAL,HIGH
64,137,27,91,1,0,0,1,0,respiratory,NONE,HIGH
42,129,18,92,0,0,0,0,1,other,OTHER,MEDIUM
93,159,27,83,3,1,1,0,1,cardiac,NONE,CRITICAL
81,108,20,94,0,0,0,0,0,other,OTHER,MEDIUM
45,51,17,96,0,0,0,0,0,accident,ROAD,LOW
52,59,22,94,0,1,1,0,0,fire,FIRE,MEDIUM
99,125,24,91,0,0,3,0,0,accident,ROAD,CRITICAL
60,88,12,96,0,0,0,0,0,accident,ROAD,LOW
81,124,25,94,0,0,0,0,1,cardiac,NONE,MEDIUM
44,124,23,89,0,0,1,0,1,other,OTHER,HIGH
70,143,31,85,1,0,1,1,0,respiratory,NONE,CRITICAL
66,132,24,89,0,0,0,0,1,cardiac,NONE,HIGH
53,109,25,94,0,0,3,0,0,accident,FALL,MEDIUM
22,114,18,92,0,0,1,0,0,accident,INDUSTRIAL,MEDIUM
63,93,18,95,0,0,0,0,0,accident,ROAD,LOW
44,108,12,95,0,0,0,1,0,trauma,OTHER,LOW
67,86,18,97,0,0,0,1,0,other,OTHER,LOW
18,131,26,91,0,2,1,0,1,trauma,FALL,HIGH
28,105,19,94,0,1,0,1,1,accident,ROAD,MEDIUM
39,110,22,92,0,0,1,0,0,accident,ROAD,MEDIUM
31,105,20,92,0,0,0,0,1,respiratory,NONE,MEDIUM
59,105,25,93,0,0,0,0,0,accident,FALL,MEDIUM
59,103,22,97,0,0,0,0,0,cardiac,NONE,LOW
22,129,22,91,0,2,2,1,1,accident,FALL,HIGH
84,86,15,97,0,0,0,0,1,cardiac,NONE,LOW
20,88,18,96,0,0,0,0,0,other,NONE,LOW
16,106,20,93,0,0,0,1,0,respiratory,NONE,MEDIUM
66,160,29,85,2,1,0,1,1,cardiac,NONE,CRITICAL
6,93,14,97,0,0,0,0,0,trauma,OTHER,LOW
78,134,26,90,1,0,1,0,1,cardiac,NONE,HIGH
57,157,23,84,2,1,1,1,1,other,OTHER,CRITICAL
1,107,23,95,0,0,2,0,0,accident,INDUSTRIAL,MEDIUM
50,123,24,90,0,1,3,0,0,accident,INDUSTRIAL,HIGH
34,121,21,93,0,0,0,1,0,respiratory,NONE,MEDIUM
27,124,24,90,2,1,0,0,0,fire,FIRE,HIGH
93,128,18,92,2,1,0,1,0,accident,ROAD,MEDIUM
49,110,20,95,0,1,1,0,0,trauma,ROAD,MEDIUM
56,37,19,95,0,1,3,0,0,accident,FALL,MEDIUM
1,106,17,92,0,0,0,0,0,cardiac,NONE,MEDIUM
13,107,18,92,0,0,0,0,0,respiratory,NONE,MEDIUM
47,90,19,92,0,0,0,1,0,other,OTHER,LOW
42,125,22,94,0,0,0,1,0,respiratory,NONE,MEDIUM
36,126,19,90,0,1,1,1,0,accident,INDUSTRIAL,HIGH
60,25,32,86,3,3,2,1,0,accident,ROAD,CRITICAL
73,116,18,93,1,1,0,0,0,trauma,OTHER,MEDIUM
26,108,22,94,0,0,1,0,0,trauma,INDUSTRIAL,MEDIUM
15,112,15,95,0,1,0,1,0,accident,ROAD,MEDIUM
50,25,31,82,0,2,2,1,0,fire,FIRE,CRITICAL
59,105,24,94,0,0,0,0,0,respiratory,NONE,MEDIUM
57,56,20,93,0,0,3,0,0,accident,INDUSTRIAL,MEDIUM
59,86,20,97,0,0,0,0,0,accident,ROAD,LOW
70,95,16,97,0,0,1,1,0,accident,FALL,LOW
48,71,14,97,0,0,0,1,0,other,OTHER,LOW
26,151,30,84,3,2,1,1,0,other,OTHER,CRITICAL
22,135,26,88,1,0,0,0,1,stroke,NONE,HIGH
56,90,17,96,0,0,1,1,0,respiratory,NONE,LOW
9,78,17,96,0,0,0,0,0,other,OTHER,LOW
72,51,19,91,0,0,0,0,0,trauma,FALL,MEDIUM
40,125,24,91,0,0,0,0,1,respiratory,NONE,HIGH
48,41,25,91,0,1,1,1,1,trauma,ROAD,HIGH
98,128,23,91,0,0,0,1,1,cardiac,NONE,HIGH
68,89,15,94,0,0,0,0,0,fire,FIRE,LOW
74,162,36,85,3,0,0,1,1,cardiac,NONE,CRITICAL
94,50,21,94,0,0,0,0,0,cardiac,NONE,MEDIUM
53,151,34,86,3,0,0,1,1,cardiac,NONE,CRITICAL
37,117,21,93,0,0,0,1,0,other,OTHER,MEDIUM
65,118,18,92,0,1,1,0,0,trauma,INDUSTRIAL,MEDIUM
20,111,20,94,0,1,0,1,0,other,NONE,HIGH
72,125,24,91,0,2,0,0,0,cardiac,NONE,HIGH
8,25,28,85,0,0,1,0,0,other,NONE,CRITICAL
89,25,26,85,2,1,1,1,0,respiratory,NONE,HIGH
34,109,22,91,0,0,1,0,0,accident,ROAD,MEDIUM
52,153,29,85,3,1,2,1,1,cardiac,NONE,CRITICAL
52,146,27,84,1,1,3,0,0,trauma,INDUSTRIAL,CRITICAL
75,49,20,95,0,1,1,0,1,accident,ROAD,MEDIUM
73,38,22,90,0,0,0,1,0,stroke,NONE,HIGH
54,107,17,95,0,0,0,0,0,stroke,NONE,MEDIUM
43,112,20,92,0,0,2,1,0,accident,ROAD,MEDIUM
90,141,24,91,3,0,0,0,0,stroke,NONE,HIGH
25,110,21,93,0,0,2,0,0,trauma,FALL,MEDIUM
86,73,17,95,0,0,1,0,0,accident,ROAD,LOW
41,142,30,86,0,0,3,1,0,respiratory,NONE,CRITICAL
60,122,18,94,0,0,1,1,0,respiratory,NONE,MEDIUM
55,110,20,93,0,0,1,0,0,accident,FALL,MEDIUM
77,132,21,91,1,0,0,0,0,stroke,NONE,HIGH
63,125,23,90,0,1,3,1,0,accident,ROAD,HIGH
64,37,17,91,0,3,2,0,0,accident,FALL,HIGH
59,123,24,90,1,2,3,0,0,accident,ROAD,HIGH
11,54,18,94,0,0,0,1,1,fire,FIRE,MEDIUM
35,153,31,84,3,0,0,1,0,stroke,NONE,CRITICAL
9,149,27,86,2,3,3,0,0,trauma,INDUSTRIAL,CRITICAL
36,128,23,91,0,3,1,0,1,trauma,ROAD,HIGH
51,127,27,89,1,3,2,0,0,accident,ROAD,HIGH
4,150,26,85,2,0,2,1,1,respiratory,NONE,CRITICAL
39,108,19,95,0,2,3,0,0,accident,INDUSTRIAL,MEDIUM
65,107,18,94,0,0,1,0,1,trauma,ROAD,MEDIUM
50,148,24,85,3,3,3,1,0,fire,FIRE,CRITICAL
35,123,22,90,1,0,0,1,0,respiratory,NONE,HIGH
33,116,17,94,0,0,0,1,0,respiratory,NONE,MEDIUM
54,110,22,95,1,0,0,0,0,other,NONE,MEDIUM
71,90,11,97,0,0,0,0,0,other,NONE,LOW
30,130,19,91,2,0,0,0,1,cardiac,NONE,HIGH
51,111,20,92,0,0,1,0,0,trauma,INDUSTRIAL,MEDIUM
45,108,11,97,0,0,0,0,0,other,NONE,LOW
59,69,12,96,0,0,0,0,0,cardiac,NONE,LOW
16,49,22,94,0,0,0,1,0,respiratory,NONE,MEDIUM
20,100,19,96,0,0,0,0,0,other,OTHER,LOW
21,106,22,91,0,0,0,0,0,stroke,NONE,MEDIUM
59,74,14,97,0,0,1,0,0,trauma,INDUSTRIAL,LOW
37,113,19,94,0,0,0,0,0,other,NONE,MEDIUM
52,101,18,96,0,0,0,0,0,other,NONE,LOW
51,108,22,95,0,0,0,0,0,other,NONE,MEDIUM
10,101,20,95,0,0,0,0,0,respiratory,NONE,LOW
4,107,19,95,0,0,0,0,0,accident,FALL,LOW
45,126,25,90,1,3,3,1,0,accident,ROAD,HIGH
48,130,27,89,3,0,0,1,1,cardiac,NONE,CRITICAL
65,115,21,94,0,2,2,0,0,trauma,OTHER,MEDIUM
57,110,21,95,0,1,0,0,0,trauma,FALL,MEDIUM
26,87,10,94,0,0,0,0,0,respiratory,NONE,LOW
45,146,24,85,2,0,3,1,1,accident,ROAD,CRITICAL
20,128,23,90,1,2,1,0,1,accident,ROAD,HIGH
34,116,20,92,0,0,0,0,0,accident,FALL,MEDIUM
58,55,19,93,1,0,0,0,0,respiratory,NONE,MEDIUM
27,107,22,95,0,0,0,0,1,other,OTHER,MEDIUM
35,128,22,89,1,0,1,1,1,respiratory,NONE,HIGH
5,133,29,91,2,2,1,1,1,fire,FIRE,HIGH
35,119,17,93,0,2,1,1,0,accident,INDUSTRIAL,MEDIUM
12,32,25,90,1,0,0,1,0,respiratory,NONE,HIGH
33,117,19,93,0,0,3,1,0,fire,FIRE,MEDIUM
22,105,17,93,0,0,0,0,0,other,OTHER,LOW
49,102,14,96,0,0,0,0,0,other,OTHER,LOW
1,86,19,97,0,0,0,0,0,trauma,OTHER,LOW
21,145,31,84,0,0,0,1,1,other,NONE,CRITICAL
30,120,25,94,0,0,0,0,0,cardiac,NONE,MEDIUM
26,72,15,96,0,1,0,0,0,trauma,INDUSTRIAL,LOW
41,134,27,91,2,0,0,0,0,respiratory,NONE,HIGH
1,113,20,92,0,1,0,1,0,respiratory,NONE,MEDIUM
44,147,30,82,1,1,1,1,0,accident,ROAD,CRITICAL
40,107,18,93,0,0,3,0,0,accident,ROAD,MEDIUM
41,143,21,86,1,0,0,1,1,other,NONE,CRITICAL
53,123,21,89,1,2,3,0,0,trauma,INDUSTRIAL,HIGH
19,145,28,84,2,3,2,1,0,accident,INDUSTRIAL,CRITICAL
35,146,27,83,3,3,1,1,0,accident,ROAD,CRITICAL
46,41,24,90,0,0,0,1,0,respiratory,NONE,HIGH
20,91,18,96,0,1,0,0,0,trauma,OTHER,LOW
29,73,13,97,0,0,2,1,0,trauma,FALL,LOW
53,123,24,91,0,1,2,1,0,accident,ROAD,HIGH
25,110,22,94,0,0,0,1,0,other,NONE,MEDIUM
43,113,24,93,0,0,0,0,0,other,OTHER,MEDIUM
23,129,23,89,0,0,0,0,1,accident,ROAD,HIGH
21,98,13,95,0,0,1,0,0,accident,ROAD,LOW
52,94,16,94,0,0,1,0,0,accident,FALL,LOW
60,131,30,90,1,1,2,1,1,trauma,FALL,HIGH
56,92,13,96,0,0,0,0,0,other,NONE,LOW
80,25,29,85,0,2,1,1,0,trauma,OTHER,CRITICAL
32,98,18,95,0,0,1,0,0,accident,ROAD,LOW
48,147,28,85,3,0,2,1,1,cardiac,NONE,CRITICAL
60,127,23,91,2,2,0,1,1,accident,INDUSTRIAL,HIGH
57,25,26,86,1,1,2,1,1,cardiac,NONE,CRITICAL
57,94,15,95,0,0,1,0,0,accident,FALL,LOW
43,146,30,85,0,0,0,0,1,stroke,NONE,CRITICAL
27,145,33,86,0,1,0,1,0,stroke,NONE,CRITICAL
61,93,17,97,0,0,0,0,0,other,OTHER,LOW
84,155,26,84,2,2,1,1,0,stroke,NONE,CRITICAL
74,158,29,86,1,1,2,1,1,trauma,OTHER,CRITICAL
24,107,19,93,0,0,0,1,0,other,OTHER,MEDIUM
26,112,20,94,0,0,0,0,0,other,NONE,MEDIUM
53,146,28,85,3,2,2,1,0,accident,INDUSTRIAL,CRITICAL
71,86,15,97,0,0,2,0,0,accident,FALL,LOW
52,123,17,94,1,0,0,0,1,respiratory,NONE,MEDIUM
64,113,24,94,0,0,0,0,1,cardiac,NONE,MEDIUM
38,141,25,91,0,2,2,0,0,trauma,OTHER,HIGH
77,145,33,86,3,0,3,0,0,accident,INDUSTRIAL,CRITICAL
46,108,17,91,0,0,0,0,1,fire,FIRE,MEDIUM
32,113,23,95,0,2,0,0,0,accident,INDUSTRIAL,MEDIUM
83,123,23,91,1,0,0,0,1,stroke,NONE,HIGH
47,97,11,96,0,0,0,0,0,other,OTHER,LOW
40,143,20,90,2,1,3,0,0,trauma,FALL,HIGH
18,94,18,97,0,0,0,0,0,other,OTHER,LOW
52,111,17,95,0,0,0,0,0,other,NONE,MEDIUM
55,66,11,96,0,0,0,0,0,other,NONE,LOW
74,152,29,85,1,0,0,1,0,stroke,NONE,HIGH
42,129,27,88,1,0,1,1,0,stroke,NONE,HIGH
8,114,23,93,0,0,0,1,0,respiratory,NONE,MEDIUM
52,146,27,83,3,0,0,0,1,cardiac,NONE,CRITICAL
48,113,24,95,0,0,2,1,0,fire,FIRE,MEDIUM
31,95,15,97,0,0,0,1,0,other,NONE,LOW
76,25,29,86,3,0,0,1,1,respiratory,NONE,CRITICAL
1,72,17,96,0,0,0,0,0,respiratory,NONE,LOW
1,132,24,87,1,1,0,0,0,cardiac,NONE,HIGH
29,151,32,84,3,1,3,0,0,trauma,INDUSTRIAL,CRITICAL
37,108,21,89,0,1,3,0,0,accident,ROAD,MEDIUM
28,135,23,90,1,0,0,1,0,accident,FALL,HIGH
56,25,27,83,1,0,0,1,1,stroke,NONE,CRITICAL
70,91,17,94,0,0,0,0,0,stroke,NONE,LOW
2,91,10,97,0,1,0,1,0,respiratory,NONE,LOW
49,93,14,97,0,0,0,0,0,other,OTHER,LOW
33,93,19,96,0,0,0,0,0,other,OTHER,LOW
38,110,18,94,0,1,1,0,0,accident,ROAD,MEDIUM
39,129,24,89,0,2,1,0,1,accident,ROAD,HIGH
31,96,14,94,0,1,0,0,0,accident,ROAD,LOW
18,149,25,85,0,0,1,1,1,cardiac,NONE,CRITICAL
72,93,17,96,0,0,0,0,1,fire,FIRE,LOW
61,52,17,94,0,0,0,0,0,other,NONE,MEDIUM
67,58,18,95,0,0,0,1,0,respiratory,NONE,MEDIUM
55,104,22,93,0,0,0,1,0,respiratory,NONE,MEDIUM
73,29,23,90,0,2,1,1,1,accident,ROAD,HIGH
42,123,27,89,1,0,0,1,1,other,OTHER,HIGH
61,45,19,95,0,0,0,1,0,trauma,ROAD,MEDIUM
45,115,19,95,0,0,0,1,0,other,OTHER,MEDIUM
50,140,27,87,1,3,3,0,1,accident,ROAD,HIGH
48,96,15,96,0,0,0,0,0,other,OTHER,LOW
78,31,22,91,0,0,0,0,0,stroke,NONE,HIGH
93,129,23,91,1,0,1,0,0,cardiac,NONE,HIGH
54,109,21,95,0,0,1,0,0,accident,ROAD,MEDIUM
57,90,17,97,0,0,0,0,0,trauma,OTHER,LOW
84,128,29,89,2,2,1,0,0,accident,INDUSTRIAL,HIGH
1,87,18,97,1,0,0,0,0,other,NONE,LOW
32,91,13,97,0,0,0,0,0,other,NONE,LOW
21,95,21,97,0,1,0,1,0,respiratory,NONE,LOW
53,94,14,97,0,0,0,0,0,accident,ROAD,LOW
27,60,22,95,0,0,1,1,0,fire,FIRE,MEDIUM
26,93,18,95,0,0,0,1,0,other,OTHER,LOW
71,90,14,96,0,0,0,0,0,stroke,NONE,LOW
77,123,24,89,1,1,1,1,1,stroke,NONE,HIGH
33,117,21,94,1,2,1,1,0,trauma,FALL,MEDIUM
46,58,19,94,0,2,0,0,1,accident,FALL,MEDIUM
53,152,27,82,1,1,3,0,1,trauma,INDUSTRIAL,CRITICAL
59,97,19,97,0,0,0,0,0,accident,ROAD,LOW
73,108,24,94,0,0,0,0,0,respiratory,NONE,MEDIUM
51,126,26,91,0,0,0,0,1,cardiac,NONE,HIGH
69,130,23,91,1,0,0,1,0,cardiac,NONE,MEDIUM
36,91,17,97,0,0,0,0,0,other,OTHER,LOW
58,111,21,92,0,0,0,0,0,other,NONE,MEDIUM
11,95,20,96,0,1,0,0,0,accident,INDUSTRIAL,LOW
38,89,17,96,0,0,0,1,0,respiratory,NONE,LOW
37,152,29,84,3,1,1,0,1,stroke,NONE,CRITICAL
6,54,22,94,0,0,0,1,1,other,NONE,MEDIUM
26,25,28,85,1,1,2,0,1,trauma,FALL,CRITICAL
30,105,15,95,0,0,0,1,0,respiratory,NONE,MEDIUM
40,134,25,91,0,0,0,1,0,respiratory,NONE,HIGH
55,151,28,83,2,2,3,0,0,accident,INDUSTRIAL,CRITICAL
32,95,12,96,0,0,0,1,0,respiratory,NONE,LOW
16,121,22,92,0,3,1,0,1,accident,ROAD,MEDIUM
59,89,16,94,0,0,0,0,0,other,NONE,LOW
35,99,15,96,0,0,0,0,0,cardiac,NONE,LOW
67,143,26,81,2,0,1,0,1,stroke,NONE,CRITICAL
35,98,15,97,0,0,1,0,0,accident,INDUSTRIAL,LOW
36,122,21,90,0,0,1,1,0,stroke,NONE,HIGH
41,91,16,97,0,0,0,0,0,other,NONE,LOW
83,25,32,86,3,2,0,1,1,cardiac,NONE,CRITICAL
19,99,17,95,0,0,0,1,0,trauma,ROAD,LOW
74,113,19,95,0,1,0,0,0,accident,ROAD,MEDIUM
96,115,24,94,1,0,0,0,0,cardiac,NONE,MEDIUM
33,46,20,94,0,0,1,0,0,accident,FALL,MEDIUM
41,124,25,89,3,0,1,0,1,other,NONE,MEDIUM
27,89,18,95,0,0,0,0,0,accident,ROAD,LOW
48,131,24,87,1,0,0,1,0,respiratory,NONE,HIGH
42,41,22,88,1,1,0,0,0,stroke,NONE,HIGH
35,119,18,95,1,0,0,0,0,other,NONE,MEDIUM
46,87,19,97,0,0,0,0,0,accident,ROAD,LOW
35,142,29,86,0,3,2,1,0,fire,FIRE,CRITICAL
53,129,26,91,0,2,3,1,0,trauma,OTHER,HIGH
37,114,16,95,0,0,0,0,0,respiratory,NONE,MEDIUM
46,116,20,93,0,0,0,0,0,accident,ROAD,MEDIUM
63,57,23,93,0,0,0,0,0,accident,INDUSTRIAL,LOW
66,54,17,95,0,0,1,0,1,stroke,NONE,MEDIUM
51,116,21,95,0,2,0,0,0,accident,ROAD,MEDIUM
34,78,16,97,0,0,0,0,0,other,NONE,LOW
40,89,14,95,0,1,0,0,1,trauma,INDUSTRIAL,LOW
54,76,15,95,0,0,0,0,0,accident,ROAD,LOW
71,112,18,95,0,0,0,0,1,cardiac,NONE,MEDIUM
30,137,29,90,1,3,2,0,1,trauma,FALL,HIGH
20,106,24,95,0,1,0,0,1,other,OTHER,MEDIUM
40,35,27,91,0,2,0,0,0,respiratory,NONE,HIGH
17,107,18,93,0,1,1,1,0,trauma,INDUSTRIAL,MEDIUM
18,59,20,93,0,0,0,1,0,fire,FIRE,MEDIUM
60,109,19,91,0,0,0,0,1,cardiac,NONE,MEDIUM
78,105,20,95,0,0,1,0,1,accident,ROAD,MEDIUM
46,123,18,94,0,0,0,1,1,trauma,OTHER,MEDIUM
58,100,16,96,0,0,0,0,0,respiratory,NONE,LOW
24,149,24,84,3,3,3,0,1,accident,ROAD,HIGH
21,149,27,86,0,3,2,1,1,accident,FALL,CRITICAL
31,98,17,96,0,1,0,0,0,accident,INDUSTRIAL,LOW
53,148,27,85,2,0,0,1,1,stroke,NONE,CRITICAL
71,88,13,96,0,0,0,0,0,fire,FIRE,LOW
18,151,29,83,3,3,3,1,1,accident,ROAD,CRITICAL
46,59,15,97,0,0,1,0,1,accident,ROAD,LOW
4,25,33,85,1,2,1,0,1,other,OTHER,CRITICAL
73,124,23,91,1,1,2,0,1,trauma,OTHER,HIGH
22,126,23,91,0,1,2,1,0,accident,FALL,HIGH
40,146,28,86,0,1,1,1,1,trauma,FALL,CRITICAL
10,123,25,90,2,0,0,0,1,other,OTHER,HIGH
89,146,29,84,2,0,0,1,1,stroke,NONE,CRITICAL
49,123,27,91,0,0,0,0,1,respiratory,NONE,HIGH
26,119,15,92,0,0,1,1,0,other,OTHER,MEDIUM
28,51,20,95,1,1,1,1,0,accident,FALL,MEDIUM
58,134,24,91,1,3,3,0,1,accident,INDUSTRIAL,HIGH
50,153,30,85,3,0,0,1,1,cardiac,NONE,CRITICAL
31,124,28,91,1,2,1,1,1,trauma,FALL,HIGH
19,118,23,95,0,0,0,0,0,other,OTHER,MEDIUM
30,57,21,95,0,0,0,0,1,accident,ROAD,MEDIUM
53,98,18,97,0,0,0,0,1,cardiac,NONE,LOW
14,150,31,86,3,3,3,1,0,accident,ROAD,CRITICAL
1,87,21,97,0,0,0,0,0,other,NONE,LOW
34,130,25,90,1,0,0,1,1,respiratory,NONE,HIGH
14,88,15,95,0,0,0,0,0,other,OTHER,LOW
1,90,13,97,0,0,0,0,0,other,OTHER,LOW
56,75,17,96,0,0,0,0,0,other,NONE,LOW
52,47,21,95,0,1,1,0,0,accident,INDUSTRIAL,MEDIUM
57,102,15,95,0,0,0,0,0,other,NONE,LOW
54,93,8,97,0,0,0,0,0,other,NONE,LOW
27,141,22,91,3,0,0,0,0,other,NONE,HIGH
37,124,27,90,3,0,0,0,1,respiratory,NONE,HIGH
14,92,19,97,0,0,0,1,0,other,OTHER,LOW
79,145,29,85,0,1,1,0,1,cardiac,NONE,CRITICAL
1,86,15,97,0,0,0,0,0,accident,ROAD,LOW
1,104,22,92,0,0,1,0,0,trauma,OTHER,MEDIUM
62,72,17,97,0,0,0,0,0,accident,ROAD,LOW
32,106,15,94,0,0,0,0,0,other,NONE,MEDIUM
19,153,30,84,2,0,3,1,0,fire,FIRE,CRITICAL
34,106,22,93,0,0,0,0,0,accident,ROAD,MEDIUM
33,52,23,95,0,1,2,0,0,accident,ROAD,MEDIUM
46,126,24,89,1,0,3,1,0,accident,ROAD,HIGH
14,101,15,97,0,0,1,1,0,respiratory,NONE,LOW
27,50,18,93,0,0,0,0,1,other,OTHER,MEDIUM
11,122,19,93,0,0,2,0,1,trauma,ROAD,MEDIUM
17,147,29,86,2,2,1,1,1,trauma,ROAD,CRITICAL
42,130,25,88,1,2,3,1,0,trauma,OTHER,HIGH
73,87,16,96,0,1,0,0,0,other,OTHER,LOW
59,73,9,97,0,0,0,0,0,other,OTHER,LOW
44,157,31,84,3,3,1,0,1,accident,ROAD,CRITICAL
99,107,21,94,0,0,0,0,1,cardiac,NONE,MEDIUM
34,130,26,90,1,0,0,1,0,respiratory,NONE,HIGH
69,107,25,94,0,1,2,0,0,trauma,INDUSTRIAL,MEDIUM
33,92,13,95,0,0,0,0,0,accident,ROAD,LOW
69,133,26,91,1,0,0,1,0,cardiac,NONE,HIGH
37,25,26,85,2,1,1,1,1,cardiac,NONE,CRITICAL
30,147,31,83,0,0,0,1,0,respiratory,NONE,CRITICAL
59,56,18,94,0,0,0,0,0,other,OTHER,MEDIUM
52,120,21,95,0,0,0,0,0,other,OTHER,MEDIUM
26,106,21,93,0,0,3,1,0,trauma,ROAD,MEDIUM
45,105,19,92,0,0,0,0,0,other,NONE,MEDIUM
48,112,19,94,0,0,0,0,0,respiratory,NONE,MEDIUM
34,104,21,94,1,1,1,0,0,accident,INDUSTRIAL,MEDIUM
48,86,14,97,0,0,0,0,0,other,NONE,LOW
15,70,18,96,0,0,1,0,0,accident,ROAD,LOW
36,126,27,89,0,0,1,0,1,stroke,NONE,HIGH
54,104,14,97,0,0,0,1,0,respiratory,NONE,LOW
50,56,22,94,1,0,0,1,0,cardiac,NONE,MEDIUM
32,146,29,86,2,3,2,1,0,fire,FIRE,CRITICAL
73,37,21,91,1,0,0,0,1,cardiac,NONE,HIGH
89,73,18,95,0,0,0,0,0,other,OTHER,LOW
36,92,17,94,0,0,0,0,0,trauma,OTHER,LOW
83,151,28,86,1,1,0,1,1,cardiac,NONE,CRITICAL
65,124,23,90,2,0,1,1,0,other,OTHER,HIGH
78,36,18,91,0,3,2,0,0,trauma,OTHER,HIGH
53,102,18,97,0,0,0,0,0,other,NONE,LOW
78,129,21,91,1,0,0,1,0,stroke,NONE,HIGH
94,143,30,86,2,0,0,1,0,other,NONE,CRITICAL
56,146,36,85,2,0,0,0,1,cardiac,NONE,CRITICAL
58,96,18,97,0,0,0,0,0,accident,ROAD,LOW
69,25,25,89,2,0,0,0,0,stroke,NONE,HIGH
16,125,18,91,2,0,3,0,1,trauma,OTHER,HIGH
32,151,27,81,2,2,2,1,1,respiratory,NONE,CRITICAL
6,87,20,96,0,1,1,0,0,accident,INDUSTRIAL,LOW
40,76,13,96,0,0,0,0,0,respiratory,NONE,LOW
50,63,14,97,0,0,0,0,0,other,NONE,LOW
13,106,20,93,0,0,0,0,0,respiratory,NONE,MEDIUM
10,148,30,84,0,3,3,1,0,accident,ROAD,CRITICAL
49,86,17,97,0,0,0,0,0,other,NONE,LOW
58,118,20,93,0,2,0,0,0,accident,ROAD,MEDIUM
46,109,21,94,0,0,1,0,1,trauma,INDUSTRIAL,MEDIUM
46,122,22,91,1,0,2,1,1,trauma,OTHER,HIGH
26,158,28,85,2,2,2,0,1,accident,ROAD,CRITICAL
78,115,19,95,0,0,0,0,0,stroke,NONE,MEDIUM
80,136,27,91,2,0,0,0,0,stroke,NONE,HIGH
33,116,18,94,0,1,1,0,0,accident,FALL,MEDIUM
19,106,21,94,1,1,0,0,0,respiratory,NONE,MEDIUM
59,125,26,89,0,0,1,1,0,cardiac,NONE,HIGH
61,28,24,91,1,0,2,0,0,cardiac,NONE,HIGH
46,125,23,89,1,0,2,0,1,cardiac,NONE,HIGH
37,109,24,92,0,0,0,0,0,accident,ROAD,MEDIUM
32,89,15,97,0,0,0,0,0,other,OTHER,LOW
64,149,28,85,2,0,0,1,0,respiratory,NONE,CRITICAL
6,109,19,93,0,0,2,0,0,accident,INDUSTRIAL,MEDIUM
1,33,23,89,2,1,0,1,0,other,NONE,HIGH
20,77,16,97,0,0,0,0,0,accident,ROAD,LOW
28,114,21,95,0,2,0,0,0,fire,FIRE,MEDIUM
28,60,21,93,0,0,0,0,0,other,NONE,MEDIUM
26,117,22,92,0,0,0,0,0,other,NONE,MEDIUM
11,124,26,90,1,0,1,1,0,other,NONE,HIGH
26,65,15,97,0,0,0,0,0,other,OTHER,LOW
49,71,19,97,0,0,0,0,0,other,NONE,LOW
13,106,20,94,0,0,0,0,1,respiratory,NONE,MEDIUM
31,117,21,95,0,2,0,0,0,accident,INDUSTRIAL,MEDIUM
65,153,26,86,0,0,0,1,1,cardiac,NONE,CRITICAL
37,105,23,94,2,0,1,1,0,trauma,INDUSTRIAL,MEDIUM
60,130,27,91,2,0,0,0,1,cardiac,NONE,HIGH
69,106,20,92,0,0,0,0,0,trauma,ROAD,MEDIUM
81,125,23,91,2,1,0,0,0,cardiac,NONE,HIGH
49,111,23,93,0,0,0,0,0,accident,FALL,MEDIUM
20,129,31,91,0,1,3,1,0,accident,INDUSTRIAL,HIGH
38,108,22,95,0,1,0,0,0,cardiac,NONE,MEDIUM
75,159,28,86,3,1,0,0,1,stroke,NONE,CRITICAL
26,146,34,85,3,0,0,1,1,respiratory,NONE,CRITICAL
17,134,22,88,0,1,1,0,0,other,OTHER,HIGH
40,95,13,97,0,0,0,0,0,other,OTHER,LOW
62,105,16,96,0,0,0,0,1,cardiac,NONE,LOW
14,115,25,94,0,1,3,1,1,accident,ROAD,MEDIUM
63,123,20,94,0,0,1,0,0,accident,ROAD,MEDIUM
25,114,22,92,0,0,0,1,0,other,OTHER,MEDIUM
45,114,18,92,0,0,2,0,0,accident,ROAD,MEDIUM
51,106,24,93,0,1,1,0,0,trauma,FALL,MEDIUM
10,135,22,90,1,1,2,0,0,accident,ROAD,HIGH
73,90,16,95,0,0,0,0,0,respiratory,NONE,LOW
58,90,19,95,0,0,0,0,0,accident,INDUSTRIAL,LOW
48,130,26,91,0,0,0,0,0,stroke,NONE,HIGH
98,115,16,92,0,0,0,0,0,other,OTHER,MEDIUM
44,142,25,85,0,0,0,1,1,respiratory,NONE,CRITICAL
35,135,24,90,0,1,0,0,0,respiratory,NONE,HIGH
78,126,26,89,1,1,0,1,1,cardiac,NONE,HIGH
31,121,15,95,0,0,0,0,0,accident,ROAD,MEDIUM
37,123,24,90,2,1,2,0,1,trauma,INDUSTRIAL,HIGH
83,48,20,93,0,1,0,1,0,cardiac,NONE,MEDIUM
59,32,23,90,1,2,3,1,0,accident,INDUSTRIAL,HIGH
6,125,23,91,0,1,1,1,0,accident,FALL,HIGH
36,128,24,90,0,0,1,0,1,cardiac,NONE,HIGH
42,25,31,83,2,0,1,1,1,cardiac,NONE,CRITICAL
34,152,33,86,3,2,1,1,0,fire,FIRE,CRITICAL
89,35,23,91,1,1,1,0,1,cardiac,NONE,HIGH
53,87,15,93,0,0,0,0,0,accident,ROAD,LOW
56,113,18,95,1,1,0,0,1,stroke,NONE,MEDIUM
47,100,21,96,0,0,2,0,0,accident,FALL,LOW
7,92,18,95,0,2,1,0,1,trauma,OTHER,LOW
64,125,21,91,1,0,0,0,0,other,NONE,HIGH
58,110,16,94,0,0,0,0,0,cardiac,NONE,MEDIUM
47,114,21,95,0,1,1,0,0,accident,INDUSTRIAL,MEDIUM
52,106,24,95,0,1,0,0,0,other,OTHER,MEDIUM
66,119,16,94,1,0,0,1,0,respiratory,NONE,MEDIUM
35,101,11,96,0,0,0,0,0,other,NONE,LOW
34,152,33,82,3,3,3,1,0,fire,FIRE,CRITICAL
6,93,17,96,0,0,0,0,1,accident,ROAD,LOW
21,56,20,92,0,0,0,0,0,respiratory,NONE,MEDIUM
80,50,18,92,0,0,0,1,0,stroke,NONE,MEDIUM
69,147,30,85,3,2,0,1,1,cardiac,NONE,CRITICAL
34,106,19,92,0,0,0,0,0,respiratory,NONE,MEDIUM
76,123,24,91,1,1,0,1,0,cardiac,NONE,HIGH
10,45,21,94,0,0,0,0,1,other,NONE,MEDIUM
18,145,30,83,1,2,2,1,1,accident,INDUSTRIAL,CRITICAL
39,95,16,97,0,0,0,0,0,accident,FALL,LOW
68,75,16,94,0,0,0,0,0,accident,FALL,LOW
52,122,27,90,1,1,0,1,1,cardiac,NONE,HIGH
99,88,14,96,0,0,0,0,0,cardiac,NONE,LOW
28,104,19,96,0,0,0,0,0,other,NONE,LOW
21,101,20,97,0,0,0,0,0,other,NONE,LOW
59,111,23,94,0,0,1,0,0,accident,ROAD,MEDIUM
31,25,24,83,3,3,0,1,1,fire,FIRE,CRITICAL
50,109,18,94,0,3,1,0,0,trauma,ROAD,MEDIUM
88,118,18,91,0,1,1,0,0,accident,ROAD,MEDIUM
35,143,28,85,1,3,3,1,0,trauma,INDUSTRIAL,CRITICAL
67,106,20,92,0,0,0,0,0,accident,INDUSTRIAL,MEDIUM
30,70,17,96,0,1,0,0,0,other,OTHER,LOW
65,106,25,95,2,0,0,0,0,other,OTHER,MEDIUM
37,137,23,89,0,2,0,1,1,trauma,FALL,HIGH
41,130,22,88,0,0,1,0,1,respiratory,NONE,HIGH
4,148,25,90,2,3,3,1,0,accident,ROAD,HIGH
14,41,26,91,2,2,3,0,0,accident,ROAD,HIGH
47,25,31,85,3,2,3,1,1,accident,ROAD,CRITICAL
27,117,21,94,0,0,0,0,0,respiratory,NONE,MEDIUM
71,25,32,85,1,0,0,1,1,cardiac,NONE,CRITICAL
42,133,26,90,0,0,2,1,0,respiratory,NONE,HIGH
35,108,21,95,0,1,0,0,0,trauma,FALL,MEDIUM
29,33,22,91,0,1,0,1,1,accident,ROAD,HIGH
22,91,15,95,0,0,0,0,0,accident,INDUSTRIAL,LOW
46,90,14,97,0,1,0,0,0,trauma,ROAD,LOW
22,109,22,94,0,3,3,0,0,accident,FALL,HIGH
6,143,30,86,3,2,3,1,0,trauma,FALL,CRITICAL
1,109,24,95,0,0,0,0,1,accident,ROAD,MEDIUM
84,126,30,90,0,0,0,1,0,respiratory,NONE,HIGH
2,127,28,89,1,2,3,0,0,trauma,FALL,HIGH
28,159,26,86,3,0,1,1,1,cardiac,NONE,CRITICAL
19,124,23,94,0,0,0,0,0,trauma,INDUSTRIAL,MEDIUM
18,111,17,95,0,3,1,0,0,trauma,INDUSTRIAL,MEDIUM
47,25,28,85,2,0,0,1,1,cardiac,NONE,CRITICAL
62,107,19,95,0,1,3,0,0,accident,INDUSTRIAL,MEDIUM
41,54,22,93,0,0,1,1,0,fire,FIRE,MEDIUM
3,105,15,94,1,0,1,1,0,accident,INDUSTRIAL,MEDIUM
43,127,24,90,0,0,0,0,1,respiratory,NONE,HIGH
67,150,30,84,2,0,0,0,1,cardiac,NONE,CRITICAL
26,125,26,90,0,1,2,0,1,accident,ROAD,HIGH
40,75,19,97,0,0,0,0,0,other,OTHER,LOW
26,137,24,90,0,0,0,0,0,stroke,NONE,HIGH
56,25,19,91,2,1,0,1,1,cardiac,NONE,HIGH
78,134,18,91,0,0,2,1,0,accident,ROAD,HIGH
60,124,25,91,0,2,0,1,0,other,OTHER,HIGH
32,128,23,91,0,0,1,0,1,accident,ROAD,HIGH
39,126,29,91,0,2,1,0,0,fire,FIRE,HIGH
49,97,13,96,0,0,0,0,0,other,NONE,LOW
42,110,15,94,0,0,0,1,0,other,OTHER,MEDIUM
62,126,24,90,1,1,3,0,0,accident,ROAD,HIGH
58,95,15,96,0,0,0,0,0,accident,ROAD,LOW
78,158,33,80,0,1,0,0,0,cardiac,NONE,CRITICAL
59,108,18,94,0,0,0,0,0,cardiac,NONE,MEDIUM
57,112,17,93,0,0,0,0,0,stroke,NONE,MEDIUM
36,114,20,94,0,1,1,0,0,trauma,FALL,MEDIUM
34,122,27,90,1,0,0,0,0,other,OTHER,CRITICAL
49,102,17,94,0,0,0,0,0,other,NONE,LOW
69,118,20,91,0,0,0,0,0,cardiac,NONE,LOW
50,110,21,94,0,2,1,0,0,accident,ROAD,MEDIUM
45,134,21,91,1,0,0,0,0,accident,INDUSTRIAL,HIGH
60,145,30,84,1,1,0,1,0,respiratory,NONE,CRITICAL
39,130,31,89,0,0,1,0,0,respiratory,NONE,HIGH
33,110,22,94,1,2,0,0,0,trauma,INDUSTRIAL,MEDIUM
88,129,25,90,1,0,0,0,1,stroke,NONE,HIGH
50,122,22,89,2,0,0,1,0,respiratory,NONE,HIGH
1,76,12,95,0,0,0,0,0,other,NONE,LOW
31,119,18,92,0,1,0,0,0,other,NONE,MEDIUM
22,110,24,94,1,0,1,0,1,accident,FALL,MEDIUM
59,130,26,88,0,0,2,0,1,cardiac,NONE,HIGH
48,127,26,91,0,0,0,1,0,respiratory,NONE,MEDIUM
63,93,13,94,0,0,0,0,0,accident,ROAD,LOW
38,95,20,96,0,1,1,0,0,fire,FIRE,LOW
81,134,23,89,1,2,2,0,0,trauma,INDUSTRIAL,HIGH
68,134,23,91,0,0,0,0,0,cardiac,NONE,HIGH
37,149,32,83,2,2,0,0,1,other,OTHER,CRITICAL
60,48,20,93,1,0,0,1,0,respiratory,NONE,MEDIUM
51,108,16,93,0,0,1,0,0,other,OTHER,MEDIUM
46,108,17,94,0,1,1,0,0,accident,FALL,MEDIUM
35,121,21,94,0,0,1,0,0,accident,ROAD,MEDIUM
54,97,15,93,0,0,0,1,0,other,OTHER,LOW
79,124,27,89,3,1,0,0,0,respiratory,NONE,HIGH
41,143,27,86,2,2,0,1,1,cardiac,NONE,CRITICAL
54,144,28,86,3,3,1,1,1,fire,FIRE,CRITICAL
35,112,19,94,0,1,0,0,0,other,OTHER,MEDIUM
50,25,30,86,3,1,2,1,1,accident,ROAD,CRITICAL
32,64,16,97,0,0,0,0,0,other,OTHER,LOW
29,126,21,94,0,2,0,0,0,trauma,INDUSTRIAL,MEDIUM
52,119,22,94,0,0,0,1,1,respiratory,NONE,MEDIUM
81,122,26,91,0,0,0,0,1,cardiac,NONE,HIGH
74,72,13,97,0,0,0,0,0,stroke,NONE,LOW
39,123,23,90,2,3,2,1,0,accident,ROAD,HIGH
73,119,20,92,0,0,0,1,0,stroke,NONE,MEDIUM
49,107,21,93,0,0,0,0,1,other,OTHER,MEDIUM
11,57,19,95,0,0,0,0,0,respiratory,NONE,MEDIUM
43,134,26,90,0,3,0,0,0,trauma,INDUSTRIAL,HIGH
18,25,26,86,1,3,1,0,0,accident,FALL,CRITICAL
68,160,33,85,3,0,0,1,1,cardiac,NONE,CRITICAL
16,78,15,97,0,0,0,0,0,other,OTHER,LOW
62,145,29,84,2,0,1,1,0,fire,FIRE,CRITICAL
25,95,17,97,0,0,0,1,0,respiratory,NONE,LOW
74,25,31,85,0,0,0,1,1,cardiac,NONE,CRITICAL
27,145,32,86,1,0,0,1,1,respiratory,NONE,HIGH
44,158,22,83,3,0,0,1,1,respiratory,NONE,CRITICAL
16,154,33,85,0,1,3,1,1,accident,ROAD,CRITICAL
42,130,20,90,0,0,1,1,0,stroke,NONE,HIGH
65,130,24,91,3,0,2,1,0,stroke,NONE,HIGH
63,77,13,94,0,0,1,0,0,accident,ROAD,LOW
49,122,28,89,1,0,1,0,0,cardiac,NONE,HIGH
79,25,29,86,1,0,0,1,1,cardiac,NONE,CRITICAL
51,25,28,82,1,3,3,1,0,trauma,ROAD,CRITICAL
67,134,29,90,2,0,0,0,0,respiratory,NONE,HIGH
69,144,29,83,2,0,0,1,1,cardiac,NONE,CRITICAL
41,39,18,94,0,2,1,0,0,accident,ROAD,MEDIUM
69,154,28,84,3,1,1,1,1,cardiac,NONE,CRITICAL
53,108,19,95,1,2,0,0,1,trauma,INDUSTRIAL,MEDIUM
62,150,26,82,1,0,0,1,1,cardiac,NONE,CRITICAL
28,75,18,97,0,0,0,0,0,other,OTHER,LOW
38,157,27,86,2,1,0,1,0,respiratory,NONE,CRITICAL
58,59,15,93,0,0,1,0,1,cardiac,NONE,MEDIUM
46,59,16,94,0,2,3,1,0,accident,ROAD,MEDIUM
47,133,26,89,2,0,1,0,1,stroke,NONE,HIGH
40,150,34,85,2,0,0,0,1,cardiac,NONE,CRITICAL
5,124,25,91,0,3,0,0,1,trauma,ROAD,HIGH
32,62,18,96,1,0,0,0,0,other,NONE,LOW
40,111,15,95,0,1,0,0,0,accident,FALL,MEDIUM
51,33,25,90,0,3,0,1,0,accident,INDUSTRIAL,HIGH
43,76,16,95,0,0,0,0,0,trauma,FALL,LOW
71,88,14,95,0,0,0,0,0,other,NONE,LOW
72,143,27,85,1,3,3,1,0,accident,INDUSTRIAL,CRITICAL
28,129,22,90,1,0,2,1,1,fire,FIRE,HIGH
36,155,32,84,1,2,3,0,0,trauma,ROAD,CRITICAL
1,132,22,90,0,0,0,1,0,respiratory,NONE,HIGH
26,108,18,93,0,0,0,0,0,respiratory,NONE,MEDIUM
65,123,27,89,1,0,0,0,1,cardiac,NONE,HIGH
46,151,26,84,1,2,3,0,0,trauma,OTHER,CRITICAL
32,93,19,95,0,0,0,0,0,trauma,FALL,LOW
15,114,20,93,0,1,0,0,0,accident,ROAD,MEDIUM
27,46,14,95,0,0,0,0,1,accident,ROAD,MEDIUM
40,172,33,84,3,0,0,1,1,cardiac,NONE,CRITICAL
32,69,18,96,0,0,0,0,0,respiratory,NONE,LOW
33,131,23,89,0,0,0,0,0,cardiac,NONE,HIGH
29,148,33,86,1,1,2,0,0,cardiac,NONE,CRITICAL
97,126,30,91,0,0,1,1,1,cardiac,NONE,HIGH
50,155,28,85,1,0,1,1,0,accident,ROAD,CRITICAL
39,115,18,95,1,0,0,0,1,cardiac,NONE,MEDIUM
33,125,25,90,1,3,3,1,0,trauma,INDUSTRIAL,HIGH
1,117,17,93,0,0,2,0,0,accident,ROAD,MEDIUM
16,116,19,95,0,0,0,0,0,respiratory,NONE,MEDIUM
34,126,18,94,0,1,3,0,0,trauma,ROAD,MEDIUM
52,90,15,96,0,0,0,0,0,accident,ROAD,LOW
29,57,18,95,0,1,1,1,0,accident,INDUSTRIAL,MEDIUM
47,124,30,91,3,0,2,0,0,stroke,NONE,HIGH
44,47,16,94,0,0,0,1,0,respiratory,NONE,MEDIUM
33,88,12,94,0,0,0,1,0,fire,FIRE,LOW
86,152,29,84,1,0,0,1,1,stroke,NONE,CRITICAL
82,76,16,95,0,0,0,0,0,trauma,INDUSTRIAL,LOW
45,91,20,97,0,1,0,1,0,trauma,OTHER,LOW
69,142,27,86,0,0,0,0,1,cardiac,NONE,CRITICAL
34,88,17,95,0,1,0,0,0,accident,ROAD,LOW
24,92,13,94,0,0,0,1,0,accident,FALL,LOW
7,123,23,91,0,1,2,1,0,accident,FALL,HIGH
35,25,27,84,2,1,2,1,1,fire,FIRE,CRITICAL
72,93,16,95,0,0,0,0,0,stroke,NONE,LOW
32,127,24,91,0,0,0,1,1,respiratory,NONE,CRITICAL
54,129,28,89,2,1,1,0,0,stroke,NONE,HIGH
5,93,15,95,0,1,0,0,0,accident,ROAD,LOW
35,89,13,95,0,2,0,0,0,other,NONE,LOW
64,124,29,90,1,1,0,0,0,trauma,INDUSTRIAL,HIGH
8,122,21,91,1,2,1,0,0,accident,FALL,HIGH
66,107,21,93,0,0,0,0,0,respiratory,NONE,MEDIUM
27,130,25,91,1,1,0,1,0,other,OTHER,HIGH
44,131,26,91,0,1,0,1,1,trauma,FALL,HIGH
67,113,21,93,0,1,0,0,0,trauma,OTHER,MEDIUM
28,107,19,94,0,0,0,0,0,respiratory,NONE,MEDIUM
18,105,18,91,0,1,2,0,0,accident,ROAD,MEDIUM
40,99,18,96,0,0,0,0,1,other,OTHER,LOW
11,95,16,97,0,0,0,0,0,other,OTHER,LOW
53,58,20,95,0,0,1,0,0,trauma,INDUSTRIAL,MEDIUM
42,114,23,93,0,0,1,0,0,other,OTHER,MEDIUM
4,119,17,94,0,1,2,0,0,accident,INDUSTRIAL,MEDIUM
48,97,19,96,0,0,0,0,0,other,OTHER,LOW
43,106,24,93,0,0,0,0,0,other,OTHER,MEDIUM
20,111,21,92,0,1,1,1,0,accident,ROAD,MEDIUM
30,124,26,90,2,2,3,0,0,accident,INDUSTRIAL,HIGH
30,111,22,94,1,0,0,0,0,cardiac,NONE,LOW
48,106,21,94,0,0,0,0,0,respiratory,NONE,MEDIUM
99,121,20,95,1,0,0,0,0,cardiac,NONE,MEDIUM
59,110,23,94,0,0,0,0,0,other,NONE,MEDIUM
70,96,16,95,0,0,0,0,0,other,NONE,LOW
7,142,28,86,2,1,3,1,1,trauma,FALL,CRITICAL
80,152,30,84,1,0,0,0,0,cardiac,NONE,CRITICAL
30,25,24,86,1,3,2,1,1,accident,ROAD,CRITICAL
1,132,22,91,1,0,0,0,0,other,OTHER,HIGH
50,107,18,94,0,2,3,0,0,trauma,OTHER,MEDIUM
33,139,25,91,1,0,0,0,1,respiratory,NONE,HIGH
27,131,22,91,2,1,0,0,0,other,NONE,HIGH
16,130,25,91,0,1,0,1,1,cardiac,NONE,HIGH
51,114,23,93,1,0,1,1,0,fire,FIRE,MEDIUM
44,40,26,88,1,1,0,0,1,cardiac,NONE,HIGH
37,144,32,86,3,0,2,1,0,cardiac,NONE,CRITICAL
23,146,31,81,0,0,2,1,0,other,NONE,CRITICAL
79,28,26,89,0,0,0,1,0,cardiac,NONE,HIGH
60,119,20,93,0,0,3,0,0,accident,ROAD,MEDIUM
74,42,17,93,0,1,0,0,0,accident,INDUSTRIAL,MEDIUM
63,109,20,94,1,0,0,1,0,respiratory,NONE,MEDIUM
22,91,15,97,0,0,0,0,0,accident,ROAD,LOW
33,50,20,94,0,0,0,0,1,accident,ROAD,MEDIUM
63,106,16,94,0,0,0,1,0,other,NONE,MEDIUM
43,134,26,91,0,2,1,0,0,trauma,INDUSTRIAL,HIGH
63,55,19,95,0,0,0,0,0,other,NONE,MEDIUM
69,148,29,85,3,0,3,0,1,trauma,FALL,CRITICAL
31,129,21,90,1,0,1,1,1,respiratory,NONE,HIGH
20,111,20,94,0,0,1,1,1,respiratory,NONE,MEDIUM
49,105,23,94,0,0,0,0,1,accident,FALL,MEDIUM
26,93,14,96,0,0,0,0,0,respiratory,NONE,LOW
62,105,19,95,0,1,2,0,0,fire,FIRE,MEDIUM
38,128,20,91,2,1,0,1,1,respiratory,NONE,HIGH
49,25,28,84,3,2,1,0,0,stroke,NONE,CRITICAL
70,151,28,86,2,2,0,1,1,cardiac,NONE,CRITICAL
46,122,16,93,0,0,1,0,0,accident,ROAD,MEDIUM
56,99,17,95,0,0,0,0,0,respiratory,NONE,LOW
90,129,23,91,0,0,1,1,0,stroke,NONE,HIGH
60,160,26,84,3,1,1,0,1,cardiac,NONE,CRITICAL
31,117,20,93,0,0,1,0,0,trauma,INDUSTRIAL,MEDIUM
52,90,14,97,0,0,0,0,0,other,NONE,LOW
27,145,33,84,1,2,2,1,0,accident,ROAD,CRITICAL
59,92,16,96,0,1,0,0,1,respiratory,NONE,LOW
47,151,30,83,3,0,0,1,0,cardiac,NONE,CRITICAL
69,25,22,89,2,0,0,1,1,cardiac,NONE,HIGH
54,109,16,92,0,0,0,1,0,other,OTHER,MEDIUM
42,131,24,91,0,1,3,0,0,accident,ROAD,HIGH
34,106,22,94,0,0,0,0,0,accident,FALL,MEDIUM
15,107,14,94,0,0,0,1,1,respiratory,NONE,MEDIUM
50,39,23,91,1,2,2,1,1,fire,FIRE,HIGH
43,56,21,93,0,1,1,0,0,fire,FIRE,MEDIUM
99,128,20,90,3,0,0,1,0,cardiac,NONE,HIGH
74,135,24,91,2,0,0,0,1,cardiac,NONE,CRITICAL
91,136,24,91,0,0,2,1,0,stroke,NONE,HIGH
9,124,26,90,3,0,1,1,0,other,NONE,HIGH
1,116,18,93,1,1,0,0,1,other,NONE,MEDIUM
50,133,18,91,0,2,0,0,1,stroke,NONE,HIGH
83,109,26,92,0,2,3,0,0,fire,FIRE,MEDIUM
50,143,25,85,0,1,0,1,1,other,NONE,CRITICAL
31,112,17,94,0,0,1,0,1,accident,INDUSTRIAL,MEDIUM
68,148,30,85,3,0,0,1,0,cardiac,NONE,CRITICAL
43,108,17,95,1,1,1,0,0,trauma,INDUSTRIAL,MEDIUM
58,25,31,84,3,0,0,1,1,cardiac,NONE,CRITICAL
90,113,21,91,0,2,0,0,0,trauma,OTHER,MEDIUM
18,122,22,95,0,0,0,0,1,other,NONE,MEDIUM
28,124,27,91,1,1,2,0,0,accident,FALL,HIGH
53,147,28,85,0,2,0,1,0,trauma,INDUSTRIAL,CRITICAL
57,37,23,91,1,2,3,0,0,fire,FIRE,HIGH
66,109,22,93,0,1,1,0,0,accident,ROAD,MEDIUM
49,91,15,97,0,0,0,0,0,accident,ROAD,LOW
22,128,21,89,1,3,0,0,1,trauma,ROAD,CRITICAL
49,107,20,94,1,0,0,0,1,cardiac,NONE,MEDIUM
37,148,27,86,3,0,1,1,0,respiratory,NONE,CRITICAL
37,87,16,94,0,1,1,0,0,fire,FIRE,LOW
47,106,13,97,0,0,0,0,0,other,OTHER,LOW
24,41,19,94,0,0,0,0,0,respiratory,NONE,MEDIUM
56,127,23,91,0,1,0,0,0,cardiac,NONE,HIGH
78,149,31,85,1,1,0,1,0,stroke,NONE,CRITICAL
12,103,12,95,0,0,0,0,0,other,OTHER,LOW
25,123,26,88,0,1,2,0,1,trauma,ROAD,HIGH
20,87,14,94,0,0,0,0,0,other,OTHER,LOW
80,133,27,89,2,0,0,1,1,stroke,NONE,HIGH
1,93,16,96,0,0,0,0,0,trauma,ROAD,LOW
48,149,32,85,3,0,1,0,1,stroke,NONE,CRITICAL
58,112,23,94,0,1,3,0,1,accident,ROAD,MEDIUM
39,117,23,95,0,1,0,0,0,accident,INDUSTRIAL,MEDIUM
37,122,26,91,1,1,0,0,0,trauma,ROAD,HIGH
62,125,16,94,0,0,0,0,1,other,NONE,MEDIUM
68,109,22,93,0,0,0,1,1,other,NONE,MEDIUM
3,90,18,95,0,0,1,1,0,fire,FIRE,LOW
49,146,32,83,1,0,1,1,1,cardiac,NONE,CRITICAL
32,88,15,97,0,0,0,0,0,other,NONE,LOW
61,33,28,91,0,0,0,0,1,cardiac,NONE,HIGH
76,42,25,91,0,0,0,1,1,stroke,NONE,HIGH
58,91,14,95,0,0,0,1,0,other,OTHER,LOW
42,42,22,90,0,1,2,1,0,accident,ROAD,HIGH
31,126,22,91,1,1,0,0,1,accident,INDUSTRIAL,HIGH
29,53,16,94,0,0,0,0,0,stroke,NONE,MEDIUM
68,66,17,96,0,0,0,0,0,other,OTHER,LOW
36,116,17,91,0,0,1,0,0,other,OTHER,MEDIUM
71,38,23,91,2,0,3,0,1,trauma,OTHER,HIGH
67,90,16,95,0,0,0,0,0,other,NONE,LOW
70,129,23,91,0,0,0,0,0,other,OTHER,HIGH
49,90,17,97,0,0,0,0,0,other,NONE,LOW
45,142,26,86,2,1,3,1,0,accident,FALL,CRITICAL
9,127,23,88,2,3,2,1,0,accident,ROAD,HIGH
52,124,26,91,0,0,0,1,0,other,OTHER,HIGH
18,138,23,88,0,0,0,0,0,other,OTHER,HIGH
58,123,22,91,0,1,1,0,0,accident,INDUSTRIAL,HIGH
8,107,16,93,0,0,3,0,0,accident,ROAD,MEDIUM
1,87,15,97,0,0,0,0,0,other,OTHER,LOW
47,158,27,85,1,0,1,0,0,stroke,NONE,CRITICAL
73,138,24,91,1,0,1,0,1,stroke,NONE,HIGH
52,143,28,83,1,0,0,1,1,cardiac,NONE,CRITICAL
35,90,18,96,0,0,2,0,0,accident,INDUSTRIAL,LOW
47,148,30,86,0,3,3,1,0,trauma,INDUSTRIAL,CRITICAL
1,77,19,97,0,0,0,1,0,respiratory,NONE,LOW
34,102,19,97,0,1,2,0,0,accident,ROAD,LOW
79,145,29,82,3,0,0,0,1,stroke,NONE,CRITICAL
57,122,25,91,0,1,0,1,0,trauma,OTHER,HIGH
66,143,26,85,2,0,0,1,1,cardiac,NONE,CRITICAL
64,108,21,94,1,0,0,1,0,cardiac,NONE,MEDIUM
50,153,24,85,0,2,2,0,0,accident,FALL,CRITICAL
16,31,25,90,3,0,0,0,0,cardiac,NONE,HIGH
45,111,18,95,0,0,0,1,1,respiratory,NONE,MEDIUM
69,145,27,86,3,0,1,1,0,cardiac,NONE,CRITICAL
44,97,14,97,0,0,0,0,1,other,NONE,LOW
81,140,22,89,2,1,0,1,0,stroke,NONE,HIGH
44,75,12,96,0,0,0,0,0,other,OTHER,LOW
79,87,15,93,1,0,1,0,1,trauma,INDUSTRIAL,LOW
15,142,28,86,3,2,0,0,0,other,NONE,CRITICAL
20,126,24,88,0,3,2,1,0,trauma,OTHER,HIGH
38,124,24,91,0,3,2,1,0,trauma,FALL,HIGH
61,124,24,91,0,1,2,1,0,fire,FIRE,HIGH
54,87,17,97,0,0,0,0,1,cardiac,NONE,LOW
98,25,28,86,2,0,0,1,1,cardiac,NONE,CRITICAL
49,90,18,96,0,1,0,0,0,other,OTHER,LOW
32,114,25,93,0,1,0,0,0,accident,ROAD,MEDIUM
67,109,22,94,0,0,0,0,0,stroke,NONE,MEDIUM
16,146,29,84,2,0,0,1,0,other,NONE,CRITICAL
20,146,32,83,3,3,1,1,0,accident,ROAD,CRITICAL
40,139,24,91,0,1,1,1,1,cardiac,NONE,HIGH
44,88,23,97,1,1,0,0,1,respiratory,NONE,LOW
31,38,23,89,1,1,0,0,1,accident,ROAD,HIGH
74,110,22,92,1,0,1,0,1,trauma,INDUSTRIAL,MEDIUM
58,99,18,96,0,0,0,0,0,other,OTHER,LOW
37,122,19,90,1,0,1,0,0,accident,INDUSTRIAL,MEDIUM
21,96,18,96,0,0,0,0,0,other,OTHER,LOW
57,42,22,95,0,1,0,0,0,accident,INDUSTRIAL,MEDIUM
40,25,29,83,3,0,0,1,0,respiratory,NONE,CRITICAL
55,116,22,93,0,0,0,0,0,other,OTHER,MEDIUM
7,108,14,96,0,0,0,0,0,other,OTHER,LOW
74,143,29,84,3,0,0,0,1,stroke,NONE,CRITICAL
34,59,20,92,0,0,0,0,0,other,OTHER,MEDIUM
42,41,24,90,1,2,3,0,0,accident,ROAD,HIGH
49,155,29,85,0,3,3,0,1,accident,INDUSTRIAL,CRITICAL
22,100,19,96,0,0,0,0,0,other,NONE,LOW
42,105,20,94,0,1,1,0,0,fire,FIRE,MEDIUM
47,110,25,94,0,0,1,0,0,accident,ROAD,MEDIUM
40,91,17,96,0,1,0,0,0,accident,ROAD,LOW
62,113,19,95,1,2,1,0,0,trauma,OTHER,MEDIUM
60,148,29,84,1,1,0,1,0,respiratory,NONE,CRITICAL
21,55,23,94,0,3,2,1,0,accident,FALL,LOW
38,123,26,91,0,2,0,0,1,trauma,FALL,HIGH
53,124,24,90,1,3,1,0,0,accident,ROAD,HIGH
47,166,28,84,3,2,2,0,0,accident,FALL,CRITICAL
25,108,21,95,0,0,0,1,1,accident,ROAD,MEDIUM
57,26,27,87,0,0,1,1,1,cardiac,NONE,HIGH
53,37,24,90,0,0,1,1,0,accident,FALL,HIGH
57,89,14,97,0,0,0,0,0,respiratory,NONE,LOW
9,126,28,91,0,1,1,1,1,trauma,OTHER,HIGH
46,92,17,97,0,0,0,0,0,other,NONE,LOW
35,150,31,85,2,2,0,0,1,cardiac,NONE,CRITICAL
50,104,18,93,0,0,0,1,0,other,NONE,MEDIUM
76,155,33,84,3,3,0,1,1,trauma,FALL,CRITICAL
51,97,14,97,0,1,3,0,0,accident,INDUSTRIAL,LOW
22,109,22,94,1,1,0,1,0,trauma,FALL,MEDIUM
24,102,13,96,0,0,0,0,1,other,OTHER,LOW
48,69,17,97,0,0,0,0,0,accident,ROAD,LOW
54,146,25,86,3,3,1,0,1,trauma,ROAD,CRITICAL
39,134,30,90,3,0,1,0,0,other,NONE,HIGH
68,147,27,85,3,0,0,1,0,cardiac,NONE,CRITICAL
10,105,19,92,0,0,0,0,0,other,OTHER,MEDIUM
49,57,21,95,0,0,0,0,0,respiratory,NONE,MEDIUM
38,109,20,94,0,0,0,0,1,fire,FIRE,MEDIUM
19,143,24,85,3,1,3,0,0,accident,FALL,CRITICAL
44,128,21,91,0,0,3,1,0,accident,INDUSTRIAL,HIGH
46,38,23,91,3,0,0,0,0,cardiac,NONE,HIGH
75,25,28,85,3,0,1,1,0,cardiac,NONE,CRITICAL
53,128,27,91,1,1,1,1,0,respiratory,NONE,HIGH
54,98,16,97,0,0,0,0,0,other,OTHER,LOW
69,123,27,91,1,1,3,1,0,accident,ROAD,HIGH
32,45,20,95,2,0,2,0,0,accident,INDUSTRIAL,MEDIUM
19,89,16,96,0,0,0,0,0,other,NONE,LOW
42,59,21,94,0,0,0,1,0,other,OTHER,MEDIUM
1,128,22,90,1,1,0,1,0,other,NONE,HIGH
10,108,21,95,0,0,3,1,0,fire,FIRE,MEDIUM
49,36,27,91,0,0,0,1,1,stroke,NONE,HIGH
27,64,17,97,0,0,0,0,0,respiratory,NONE,LOW
15,116,16,92,0,0,0,0,0,other,NONE,MEDIUM
7,25,27,83,0,0,1,1,0,trauma,FALL,CRITICAL
68,90,14,95,1,0,0,0,0,accident,INDUSTRIAL,LOW
5,129,26,91,0,2,3,1,0,trauma,INDUSTRIAL,HIGH
45,96,16,92,0,2,1,0,0,trauma,INDUSTRIAL,LOW
57,94,15,97,0,1,0,0,0,respiratory,NONE,LOW
48,128,23,90,1,0,0,0,1,cardiac,NONE,HIGH
65,108,17,94,0,0,1,0,0,trauma,ROAD,MEDIUM
31,108,20,95,0,0,0,0,0,trauma,OTHER,MEDIUM
33,128,21,90,2,1,3,0,0,trauma,INDUSTRIAL,HIGH
60,108,21,93,1,0,0,1,0,other,OTHER,MEDIUM
1,106,23,94,0,2,0,0,0,trauma,INDUSTRIAL,MEDIUM
12,59,20,95,1,1,0,0,0,other,NONE,MEDIUM
16,106,16,94,0,0,1,0,0,trauma,INDUSTRIAL,MEDIUM
58,107,22,94,0,1,0,1,0,fire,FIRE,LOW
59,123,24,90,0,1,2,1,0,fire,FIRE,HIGH
46,135,20,91,2,0,0,1,0,accident,ROAD,HIGH
1,110,22,94,0,1,0,0,1,accident,ROAD,MEDIUM
80,124,21,89,0,0,0,1,0,stroke,NONE,HIGH
61,41,29,89,2,3,0,1,0,accident,ROAD,CRITICAL
26,33,26,89,1,1,0,0,1,trauma,FALL,HIGH
43,120,23,94,0,0,0,0,1,accident,ROAD,MEDIUM
56,146,32,86,0,0,0,1,0,respiratory,NONE,CRITICAL
65,105,21,93,0,0,2,1,0,accident,FALL,MEDIUM
31,127,22,93,1,1,1,0,0,trauma,OTHER,MEDIUM
67,115,21,95,0,0,2,0,0,trauma,INDUSTRIAL,MEDIUM
28,112,19,95,0,1,1,1,0,fire,FIRE,MEDIUM
27,128,22,90,2,0,3,1,1,trauma,OTHER,HIGH
22,136,25,90,2,0,1,1,0,other,OTHER,HIGH
20,132,26,90,0,0,0,1,0,respiratory,NONE,HIGH
57,30,22,90,0,2,3,1,1,trauma,FALL,HIGH
31,104,19,94,0,0,3,0,0,fire,FIRE,MEDIUM
47,132,31,88,2,2,3,1,0,accident,FALL,HIGH
26,109,21,94,0,0,0,1,0,respiratory,NONE,MEDIUM
32,92,14,96,0,0,0,0,0,fire,FIRE,LOW
46,25,29,84,0,2,3,1,0,accident,FALL,CRITICAL
55,124,24,90,1,1,0,1,1,stroke,NONE,MEDIUM
56,89,11,94,0,1,0,0,0,trauma,ROAD,LOW
51,109,18,94,0,0,0,0,1,cardiac,NONE,MEDIUM
55,52,20,93,0,1,1,0,0,trauma,FALL,MEDIUM
62,149,28,83,2,0,1,1,1,stroke,NONE,CRITICAL
63,147,32,86,1,3,3,1,1,accident,ROAD,CRITICAL
55,94,16,95,0,1,0,0,0,trauma,FALL,LOW
66,57,17,93,0,0,1,0,0,cardiac,NONE,MEDIUM
44,131,26,88,2,0,1,0,0,stroke,NONE,HIGH
46,125,25,90,1,1,3,0,0,trauma,INDUSTRIAL,HIGH
52,146,28,84,1,2,3,1,1,trauma,FALL,CRITICAL
65,130,26,91,2,0,0,1,0,respiratory,NONE,HIGH
6,89,18,96,0,0,2,0,0,fire,FIRE,LOW
70,152,27,84,0,0,0,1,0,stroke,NONE,CRITICAL
90,134,24,90,1,1,2,0,1,trauma,FALL,HIGH
63,125,25,89,2,2,2,1,0,accident,ROAD,HIGH
50,156,29,83,0,1,0,1,0,cardiac,NONE,CRITICAL
64,116,23,93,0,1,0,0,0,trauma,INDUSTRIAL,LOW
32,150,28,84,1,1,0,1,1,cardiac,NONE,CRITICAL
58,25,28,81,3,1,0,0,1,cardiac,NONE,CRITICAL
58,137,22,89,0,0,2,0,0,cardiac,NONE,MEDIUM
15,74,13,97,0,0,0,0,0,other,NONE,LOW
59,139,21,90,0,1,1,0,1,cardiac,NONE,HIGH
31,144,29,83,3,0,2,1,1,cardiac,NONE,CRITICAL
18,87,13,95,0,1,1,0,0,accident,ROAD,LOW
62,93,15,95,0,0,0,0,0,other,OTHER,LOW
37,114,22,93,0,0,2,1,0,accident,ROAD,MEDIUM
47,108,20,95,0,1,0,0,1,cardiac,NONE,MEDIUM
60,143,29,85,3,0,0,1,1,cardiac,NONE,CRITICAL
38,104,20,93,1,1,3,0,1,trauma,FALL,MEDIUM
73,130,26,90,1,0,2,0,1,cardiac,NONE,HIGH
80,104,17,97,0,0,1,0,0,accident,ROAD,LOW
56,98,16,95,0,0,0,0,1,cardiac,NONE,MEDIUM
43,87,15,97,0,0,0,0,0,accident,INDUSTRIAL,LOW
27,106,16,93,0,0,0,0,1,other,OTHER,MEDIUM
57,88,16,94,0,0,1,0,0,accident,ROAD,LOW
29,109,19,92,0,0,0,0,0,cardiac,NONE,MEDIUM
31,158,29,85,1,3,3,1,0,trauma,ROAD,CRITICAL
39,118,16,94,1,0,0,0,0,other,NONE,MEDIUM
17,56,22,95,0,0,1,1,0,stroke,NONE,MEDIUM
53,91,17,96,0,0,0,0,0,trauma,INDUSTRIAL,LOW
43,25,32,84,1,0,0,1,0,cardiac,NONE,CRITICAL
70,40,22,89,0,0,1,0,0,stroke,NONE,HIGH
58,130,24,91,0,0,0,0,1,cardiac,NONE,HIGH
1,56,17,93,0,0,0,0,0,respiratory,NONE,MEDIUM
75,109,19,93,0,0,0,0,0,stroke,NONE,MEDIUM
1,67,14,95,0,0,0,0,0,accident,INDUSTRIAL,LOW
23,145,29,82,3,2,2,1,0,accident,ROAD,CRITICAL
17,105,16,94,1,3,0,0,0,accident,ROAD,MEDIUM
1,139,21,90,3,3,1,1,0,trauma,INDUSTRIAL,HIGH
1,135,27,90,0,0,1,0,0,stroke,NONE,HIGH
34,103,18,96,0,0,0,0,0,other,NONE,LOW
31,109,21,94,0,2,1,0,0,fire,FIRE,MEDIUM
21,115,18,92,0,0,1,0,0,accident,ROAD,MEDIUM
35,92,15,96,0,0,0,0,0,trauma,OTHER,LOW
35,72,13,96,0,0,0,0,0,other,OTHER,LOW
70,155,27,85,0,0,0,1,0,respiratory,NONE,CRITICAL
21,105,18,96,0,0,0,0,0,other,OTHER,LOW
60,109,17,95,1,2,2,0,0,accident,ROAD,MEDIUM
53,143,33,85,1,0,0,1,0,other,OTHER,CRITICAL
38,92,18,97,0,0,0,0,0,other,NONE,MEDIUM
85,125,29,90,0,0,1,1,1,cardiac,NONE,HIGH
13,90,17,97,0,0,0,0,0,other,NONE,LOW
34,100,13,96,0,0,0,0,0,accident,ROAD,LOW
42,135,23,91,2,0,0,0,1,respiratory,NONE,HIGH
34,131,20,90,2,1,0,0,0,accident,INDUSTRIAL,HIGH
36,59,21,94,0,0,0,1,1,other,OTHER,MEDIUM
99,25,33,85,3,0,0,1,1,cardiac,NONE,CRITICAL
30,89,15,97,0,0,0,0,0,trauma,INDUSTRIAL,LOW
24,152,30,85,3,3,2,1,0,trauma,ROAD,CRITICAL
44,96,13,95,0,0,0,0,0,respiratory,NONE,LOW
47,89,13,96,0,0,0,0,0,other,NONE,LOW
42,90,16,97,0,0,0,0,0,other,NONE,LOW
32,25,29,82,2,3,3,0,0,trauma,FALL,CRITICAL
61,127,23,88,2,0,0,1,1,cardiac,NONE,HIGH
35,143,32,84,3,3,2,0,0,accident,FALL,CRITICAL
77,110,23,94,0,0,0,0,1,cardiac,NONE,MEDIUM
38,93,18,95,0,0,0,0,1,accident,ROAD,LOW
60,25,29,85,3,0,1,1,0,respiratory,NONE,CRITICAL
20,106,23,94,0,0,0,0,0,fire,FIRE,MEDIUM
40,93,15,94,0,0,0,0,0,other,OTHER,LOW
34,122,24,95,0,1,0,0,0,accident,FALL,MEDIUM
42,77,17,96,0,0,0,0,0,other,NONE,LOW
56,97,16,95,0,0,1,0,0,accident,ROAD,LOW
16,111,22,93,0,1,0,0,0,other,NONE,MEDIUM
44,129,19,95,1,0,0,0,0,other,OTHER,MEDIUM
57,121,20,95,1,0,1,0,0,other,NONE,MEDIUM
52,108,21,93,0,1,1,1,1,trauma,OTHER,MEDIUM
42,54,23,94,0,0,0,1,0,respiratory,NONE,MEDIUM
58,129,22,91,0,2,2,1,0,fire,FIRE,HIGH
29,114,24,94,0,0,0,0,0,stroke,NONE,MEDIUM
99,115,23,93,0,1,0,0,0,stroke,NONE,MEDIUM
22,98,15,96,0,0,0,0,0,accident,ROAD,LOW
11,108,17,95,0,0,0,0,0,trauma,FALL,MEDIUM
45,145,31,83,2,2,0,1,1,cardiac,NONE,CRITICAL
29,105,25,92,0,0,0,1,1,cardiac,NONE,MEDIUM
41,143,32,86,0,0,2,0,0,other,NONE,CRITICAL
21,77,13,97,0,0,2,0,0,accident,FALL,LOW
37,151,24,84,2,0,2,1,1,cardiac,NONE,CRITICAL
26,142,32,85,3,2,2,1,1,accident,FALL,CRITICAL
99,42,28,91,1,0,0,0,1,stroke,NONE,HIGH
44,94,15,94,0,0,0,1,0,respiratory,NONE,LOW
9,57,21,91,0,1,2,0,0,fire,FIRE,MEDIUM
62,151,30,86,1,0,1,0,0,stroke,NONE,CRITICAL
39,131,26,91,1,1,2,0,0,accident,INDUSTRIAL,HIGH
22,25,31,85,3,0,0,0,1,cardiac,NONE,CRITICAL
32,111,17,94,0,0,1,0,0,other,OTHER,MEDIUM
18,134,26,88,0,0,0,1,1,respiratory,NONE,HIGH
39,71,21,97,0,1,0,0,0,other,NONE,LOW
42,136,25,91,3,0,1,0,0,cardiac,NONE,HIGH
58,114,22,93,0,0,0,0,1,cardiac,NONE,MEDIUM
51,146,30,86,3,0,0,1,1,cardiac,NONE,CRITICAL
33,125,22,91,1,0,0,1,0,respiratory,NONE,HIGH
48,122,24,90,1,0,3,0,0,accident,INDUSTRIAL,HIGH
21,57,20,95,0,1,1,0,1,trauma,INDUSTRIAL,MEDIUM
89,144,31,85,2,1,0,1,0,stroke,NONE,CRITICAL
37,100,15,96,0,0,0,0,0,respiratory,NONE,LOW
54,105,18,95,1,0,0,0,1,other,NONE,LOW
20,118,22,93,0,0,1,1,0,other,OTHER,MEDIUM
68,104,17,94,0,1,1,0,1,trauma,INDUSTRIAL,MEDIUM
55,58,20,94,0,0,0,1,1,respiratory,NONE,MEDIUM
53,115,16,94,1,0,0,0,0,other,OTHER,MEDIUM
35,107,22,93,0,1,1,0,0,accident,ROAD,MEDIUM
2,32,22,91,0,0,1,0,0,respiratory,NONE,HIGH
14,97,21,96,0,0,0,0,0,other,OTHER,LOW
1,25,29,82,2,2,1,1,1,accident,ROAD,CRITICAL
14,114,21,94,0,0,0,1,1,respiratory,NONE,MEDIUM
28,122,19,93,0,0,2,0,0,other,NONE,LOW
7,57,20,92,0,3,0,0,0,accident,ROAD,MEDIUM
60,108,22,93,0,1,0,0,0,accident,INDUSTRIAL,MEDIUM
50,115,22,92,0,1,1,0,0,trauma,INDUSTRIAL,MEDIUM
44,105,25,93,0,1,0,1,0,accident,ROAD,MEDIUM
8,125,23,91,1,0,0,0,0,other,OTHER,HIGH
58,122,25,91,1,0,0,1,0,respiratory,NONE,HIGH
89,29,28,90,0,1,0,0,0,stroke,NONE,HIGH
39,148,33,85,1,0,2,0,0,trauma,FALL,CRITICAL
55,126,22,90,1,0,2,0,0,stroke,NONE,HIGH
55,147,27,84,3,1,2,1,1,accident,ROAD,CRITICAL
66,112,17,95,0,0,0,1,0,cardiac,NONE,MEDIUM
50,126,27,91,2,0,1,0,1,cardiac,NONE,MEDIUM
23,104,17,94,0,0,1,0,1,accident,INDUSTRIAL,MEDIUM
12,108,22,94,0,0,0,0,0,accident,ROAD,MEDIUM
51,113,22,93,0,0,2,0,0,accident,ROAD,MEDIUM
66,88,15,97,0,0,0,0,0,other,NONE,LOW
33,88,13,97,0,1,0,0,0,trauma,ROAD,LOW
53,109,18,94,0,1,3,1,0,accident,ROAD,MEDIUM
1,147,30,84,3,2,0,1,1,fire,FIRE,CRITICAL
34,146,31,86,3,2,3,1,0,trauma,OTHER,CRITICAL
54,113,15,94,0,0,0,0,0,respiratory,NONE,MEDIUM
22,131,24,90,3,0,3,1,1,trauma,INDUSTRIAL,HIGH
1,109,16,94,0,0,2,0,0,trauma,FALL,MEDIUM
29,99,18,97,0,0,2,0,0,accident,ROAD,LOW
57,122,25,90,1,1,1,1,0,accident,ROAD,HIGH
51,88,18,97,0,0,0,0,0,cardiac,NONE,LOW
37,112,16,91,0,3,0,0,0,accident,FALL,MEDIUM
64,144,27,85,3,1,0,1,1,cardiac,NONE,CRITICAL
13,111,17,93,1,0,0,0,0,other,NONE,MEDIUM
51,25,31,86,2,0,1,1,1,cardiac,NONE,CRITICAL
53,114,17,94,1,0,1,0,0,respiratory,NONE,MEDIUM
52,90,15,94,0,0,0,0,0,accident,ROAD,LOW
36,110,24,94,0,0,1,0,0,trauma,OTHER,MEDIUM
87,133,27,91,0,1,1,0,1,cardiac,NONE,HIGH
58,143,26,85,3,0,0,0,1,cardiac,NONE,CRITICAL
19,33,29,90,2,0,1,1,0,respiratory,NONE,HIGH
91,108,20,94,0,0,0,0,1,cardiac,NONE,MEDIUM
33,143,23,89,0,1,2,0,0,accident,FALL,HIGH
54,105,22,94,0,0,3,0,0,trauma,FALL,MEDIUM
46,100,17,94,0,0,0,0,0,other,NONE,LOW
49,126,25,89,2,0,2,1,1,accident,ROAD,HIGH
40,143,29,84,3,2,3,1,0,accident,ROAD,CRITICAL
77,93,17,97,0,0,0,0,0,respiratory,NONE,LOW
18,113,21,94,0,0,1,0,0,accident,INDUSTRIAL,MEDIUM
5,123,22,90,1,0,0,0,1,respiratory,NONE,HIGH
48,57,17,96,0,0,0,0,0,other,OTHER,LOW
56,126,20,91,1,2,1,0,0,accident,INDUSTRIAL,HIGH
1,59,15,93,0,0,1,0,0,other,NONE,MEDIUM
22,52,22,94,0,0,0,0,0,respiratory,NONE,MEDIUM
28,126,26,91,1,2,0,1,1,other,OTHER,HIGH
26,146,27,84,1,0,1,1,1,cardiac,NONE,CRITICAL
23,90,16,97,0,1,1,0,0,accident,INDUSTRIAL,LOW
35,145,30,84,0,1,3,1,1,fire,FIRE,CRITICAL
26,107,26,94,0,0,1,0,0,trauma,FALL,MEDIUM
47,57,20,95,0,0,0,0,0,other,OTHER,MEDIUM
69,149,28,84,3,2,0,1,0,respiratory,NONE,CRITICAL
47,87,15,97,0,0,1,0,0,accident,INDUSTRIAL,LOW
21,70,17,97,0,0,0,0,0,other,OTHER,LOW
60,145,31,85,2,0,0,1,1,respiratory,NONE,CRITICAL
12,130,22,90,1,0,0,0,0,respiratory,NONE,HIGH
81,124,22,91,0,0,2,1,0,trauma,OTHER,HIGH
76,126,20,93,0,0,0,0,0,fire,FIRE,MEDIUM
98,117,21,92,0,0,0,1,1,respiratory,NONE,MEDIUM
35,100,13,96,0,0,0,0,0,other,NONE,LOW
86,106,23,95,1,0,2,0,0,cardiac,NONE,HIGH
77,135,27,90,0,0,0,1,1,respiratory,NONE,HIGH
75,124,17,93,0,0,0,1,0,cardiac,NONE,MEDIUM
17,125,26,91,0,1,2,1,1,accident,ROAD,HIGH
16,119,18,95,0,0,1,0,0,trauma,ROAD,MEDIUM
64,56,13,92,0,0,1,0,1,other,OTHER,MEDIUM
24,133,26,90,3,0,1,1,0,stroke,NONE,HIGH
76,109,19,92,0,0,0,0,1,cardiac,NONE,MEDIUM
36,58,25,92,0,0,0,0,0,other,NONE,LOW
1,140,25,90,0,0,0,1,1,respiratory,NONE,HIGH
20,41,21,91,0,0,0,1,1,respiratory,NONE,HIGH
76,145,28,86,1,0,1,0,0,cardiac,NONE,CRITICAL
38,99,16,96,0,0,1,1,0,fire,FIRE,LOW
27,72,15,96,0,0,0,1,0,respiratory,NONE,LOW
74,147,29,82,3,0,0,1,1,stroke,NONE,CRITICAL
59,75,19,93,0,0,0,0,0,cardiac,NONE,LOW
27,95,13,96,0,2,1,0,0,trauma,INDUSTRIAL,LOW
6,105,19,93,0,2,0,0,0,trauma,FALL,MEDIUM
63,143,29,85,1,1,0,0,1,cardiac,NONE,CRITICAL
45,90,17,97,0,1,2,0,0,trauma,ROAD,LOW
43,104,19,93,0,0,0,0,0,other,OTHER,MEDIUM
12,66,17,96,0,0,0,0,0,respiratory,NONE,LOW
99,120,18,94,0,0,0,0,0,stroke,NONE,MEDIUM
57,25,28,85,3,2,2,1,1,accident,ROAD,CRITICAL
42,94,18,95,0,0,0,1,0,other,NONE,LOW
31,52,19,94,0,0,0,0,0,accident,FALL,MEDIUM
1,52,15,95,0,0,2,0,0,accident,ROAD,MEDIUM
1,127,20,88,0,0,0,1,0,other,NONE,HIGH
38,111,23,93,0,0,3,0,0,accident,ROAD,MEDIUM
61,116,19,93,0,1,0,0,0,accident,ROAD,MEDIUM
33,60,21,93,0,2,2,1,0,trauma,ROAD,MEDIUM
37,68,17,96,0,0,0,0,0,other,OTHER,LOW
1,59,17,93,0,0,0,0,1,trauma,OTHER,MEDIUM
32,88,14,96,0,0,0,0,0,other,OTHER,MEDIUM
51,90,17,96,0,0,0,0,0,other,NONE,LOW
28,42,22,94,0,1,2,0,0,accident,INDUSTRIAL,MEDIUM
5,127,25,91,0,0,3,0,0,accident,ROAD,HIGH
20,110,23,93,0,0,1,1,0,accident,FALL,MEDIUM
71,77,17,96,0,0,0,0,0,other,OTHER,LOW
64,150,29,85,1,0,2,0,0,stroke,NONE,CRITICAL
36,131,26,91,0,0,0,1,0,other,NONE,HIGH
40,142,31,82,2,3,0,1,0,fire,FIRE,CRITICAL
29,108,19,94,1,0,0,0,0,respiratory,NONE,MEDIUM
24,134,20,90,1,3,0,1,1,accident,ROAD,HIGH
47,94,18,96,0,1,1,0,0,accident,ROAD,LOW
56,147,29,86,2,1,0,0,0,cardiac,NONE,CRITICAL
29,25,30,83,1,3,2,1,0,fire,FIRE,CRITICAL
48,64,16,97,0,0,1,0,0,accident,ROAD,LOW
38,123,24,90,1,1,0,1,0,trauma,INDUSTRIAL,HIGH
86,127,23,90,2,1,0,0,1,cardiac,NONE,HIGH
29,126,24,90,2,1,3,1,0,fire,FIRE,HIGH
9,118,22,94,0,2,0,1,0,accident,ROAD,MEDIUM
23,132,31,90,1,1,3,0,0,accident,ROAD,HIGH
37,153,32,85,1,2,2,0,1,trauma,INDUSTRIAL,CRITICAL
24,132,22,91,0,1,2,0,0,trauma,ROAD,HIGH
31,105,24,94,0,1,1,0,0,accident,FALL,LOW
1,73,17,97,0,0,1,0,0,accident,FALL,LOW
24,132,24,90,0,2,0,0,0,trauma,FALL,HIGH
59,112,18,94,0,1,1,0,0,fire,FIRE,MEDIUM
47,90,19,96,0,1,1,1,0,trauma,FALL,LOW
61,107,20,95,0,0,0,0,0,other,OTHER,MEDIUM
52,25,32,85,0,0,0,0,0,stroke,NONE,CRITICAL
30,88,12,96,0,0,0,0,0,other,NONE,LOW
27,94,19,97,0,0,0,0,0,other,NONE,LOW
33,99,18,96,0,0,0,0,0,trauma,INDUSTRIAL,MEDIUM
53,39,24,91,0,2,0,1,0,trauma,ROAD,HIGH
72,136,22,88,0,2,0,1,1,cardiac,NONE,HIGH
1,110,18,94,0,0,0,0,0,other,NONE,MEDIUM
49,59,17,91,0,1,2,0,0,accident,ROAD,MEDIUM
8,122,22,90,1,0,1,1,1,respiratory,NONE,MEDIUM
60,106,21,93,0,2,0,0,0,accident,ROAD,MEDIUM
55,55,18,95,0,0,0,0,0,cardiac,NONE,LOW
32,90,18,93,0,0,0,1,0,respiratory,NONE,MEDIUM
48,127,26,90,1,0,1,0,0,other,OTHER,HIGH
27,122,26,89,0,0,0,1,0,respiratory,NONE,HIGH
34,77,16,95,0,0,2,0,0,accident,ROAD,LOW
84,127,26,87,0,0,0,0,0,stroke,NONE,HIGH
71,123,20,93,0,0,0,1,1,stroke,NONE,MEDIUM
53,147,26,82,3,3,2,1,0,accident,ROAD,CRITICAL
37,36,26,89,1,1,0,0,0,trauma,FALL,HIGH
22,107,18,94,0,0,0,0,0,other,OTHER,MEDIUM
59,105,22,94,0,0,0,0,1,fire,FIRE,MEDIUM
64,142,29,84,1,0,0,1,1,cardiac,NONE,CRITICAL
61,126,25,91,0,0,0,0,1,cardiac,NONE,HIGH
58,149,29,84,2,1,3,0,0,trauma,FALL,CRITICAL
46,109,20,92,1,2,1,0,0,accident,ROAD,MEDIUM
53,106,22,95,0,0,0,0,0,cardiac,NONE,MEDIUM
30,147,28,84,2,2,3,1,0,accident,INDUSTRIAL,CRITICAL
66,25,25,86,2,2,0,1,1,stroke,NONE,CRITICAL
65,38,25,89,0,0,0,1,1,cardiac,NONE,HIGH
30,111,20,94,0,0,0,0,0,cardiac,NONE,MEDIUM
56,144,30,85,3,0,0,1,0,cardiac,NONE,CRITICAL
36,112,21,93,0,0,1,0,1,accident,ROAD,MEDIUM
13,31,22,90,0,1,0,0,0,accident,ROAD,HIGH
16,143,26,85,3,0,0,1,0,accident,FALL,CRITICAL
56,58,18,94,0,0,0,0,0,other,NONE,LOW
41,72,15,96,0,0,0,0,0,accident,ROAD,LOW
54,106,17,93,0,0,0,1,0,trauma,ROAD,MEDIUM
14,108,22,94,0,1,2,1,0,accident,FALL,LOW
20,148,30,85,2,2,3,1,0,fire,FIRE,CRITICAL
99,105,18,95,0,0,0,0,1,cardiac,NONE,MEDIUM
6,164,35,86,3,2,3,1,0,fire,FIRE,CRITICAL
65,111,18,93,0,0,0,0,0,stroke,NONE,MEDIUM
36,125,18,95,1,0,1,0,0,trauma,FALL,MEDIUM
21,123,23,91,0,0,0,0,0,other,OTHER,HIGH
61,133,25,88,0,0,2,0,1,cardiac,NONE,MEDIUM
34,72,19,96,0,0,0,0,0,other,OTHER,LOW
27,128,21,91,2,0,1,0,1,cardiac,NONE,HIGH
26,124,22,91,0,1,0,1,1,trauma,INDUSTRIAL,HIGH
3,135,19,90,0,0,0,0,0,other,NONE,HIGH
31,136,24,91,0,3,1,1,0,trauma,OTHER,HIGH
69,99,17,97,0,0,0,0,0,cardiac,NONE,LOW
44,112,19,94,0,2,3,1,0,fire,FIRE,MEDIUM
77,153,30,85,3,3,1,1,0,trauma,FALL,CRITICAL
15,134,23,90,3,1,2,0,1,accident,ROAD,HIGH
30,128,25,90,0,0,0,1,0,respiratory,NONE,HIGH
64,129,23,90,1,1,1,1,0,accident,ROAD,HIGH
56,25,24,89,0,0,1,1,0,stroke,NONE,HIGH
1,92,18,95,0,0,0,1,0,accident,FALL,LOW
60,137,26,91,1,0,0,1,1,cardiac,NONE,HIGH
50,96,21,96,0,0,0,0,0,respiratory,NONE,LOW
16,123,22,91,2,2,3,1,0,fire,FIRE,HIGH
78,104,21,92,0,0,0,0,0,cardiac,NONE,MEDIUM
53,110,16,93,0,0,1,0,0,trauma,INDUSTRIAL,MEDIUM
4,87,13,96,0,1,0,0,0,trauma,INDUSTRIAL,LOW
67,108,19,94,0,2,3,0,1,accident,FALL,MEDIUM
50,131,21,90,1,3,3,0,1,accident,FALL,HIGH
44,134,24,88,2,3,0,0,0,accident,ROAD,HIGH
48,58,20,95,0,0,0,0,1,cardiac,NONE,MEDIUM
37,125,22,91,1,0,0,0,0,respiratory,NONE,HIGH
49,92,13,96,0,0,0,0,0,respiratory,NONE,LOW
83,157,33,84,1,3,1,1,0,trauma,FALL,CRITICAL
30,127,25,90,2,0,0,0,0,stroke,NONE,HIGH
34,92,15,96,0,0,1,0,0,accident,INDUSTRIAL,LOW
47,52,23,94,0,0,0,0,0,stroke,NONE,MEDIUM
35,126,27,91,0,0,0,1,0,other,OTHER,HIGH
36,155,27,81,3,0,0,1,0,other,OTHER,CRITICAL
32,25,36,86,2,0,2,1,1,other,OTHER,CRITICAL
81,105,16,92,0,1,3,0,0,accident,ROAD,MEDIUM
13,147,31,86,3,3,1,1,0,trauma,FALL,CRITICAL
52,147,27,86,3,0,1,0,0,stroke,NONE,CRITICAL
26,106,18,95,0,0,0,0,1,other,NONE,LOW
65,118,16,93,0,0,0,0,0,stroke,NONE,MEDIUM
45,90,17,96,0,0,0,0,0,other,NONE,LOW
24,102,15,97,0,0,0,1,0,other,OTHER,LOW
50,147,34,84,1,2,1,1,1,cardiac,NONE,CRITICAL
69,136,25,89,0,0,0,1,0,stroke,NONE,HIGH
32,108,19,94,0,1,2,0,1,trauma,INDUSTRIAL,MEDIUM
35,128,19,91,0,3,2,0,1,accident,FALL,HIGH
51,97,10,97,0,0,0,0,0,other,NONE,LOW
49,156,25,83,1,0,0,1,1,cardiac,NONE,CRITICAL
30,67,13,97,0,0,1,0,0,accident,INDUSTRIAL,LOW
46,66,11,96,0,1,0,0,0,trauma,FALL,LOW
71,155,33,83,1,0,0,1,1,cardiac,NONE,CRITICAL
32,106,26,93,0,0,0,1,0,respiratory,NONE,MEDIUM
66,111,22,93,0,0,1,0,1,accident,ROAD,MEDIUM
63,130,23,90,0,1,1,1,1,accident,ROAD,HIGH
39,124,24,90,1,0,1,0,0,other,OTHER,HIGH
67,77,15,95,0,0,0,0,0,other,OTHER,LOW
6,123,22,91,3,0,0,0,1,other,OTHER,HIGH
35,114,17,95,0,0,0,0,1,cardiac,NONE,MEDIUM
20,91,19,97,0,0,0,0,0,other,NONE,LOW
64,69,11,97,0,1,0,1,0,trauma,ROAD,LOW
78,144,34,85,3,0,1,1,1,stroke,NONE,CRITICAL
69,142,31,83,2,2,2,1,0,trauma,INDUSTRIAL,CRITICAL
63,146,30,85,3,1,0,0,1,cardiac,NONE,CRITICAL
44,111,24,94,0,0,1,0,0,accident,INDUSTRIAL,MEDIUM
14,57,17,93,0,0,1,1,0,trauma,FALL,MEDIUM
99,145,29,85,1,0,0,0,1,cardiac,NONE,CRITICAL
61,29,26,91,3,0,1,1,1,cardiac,NONE,HIGH
44,41,25,91,0,3,3,1,1,trauma,FALL,HIGH
73,145,29,85,2,0,0,0,1,cardiac,NONE,CRITICAL
99,150,29,85,2,0,1,1,1,cardiac,NONE,CRITICAL
60,25,27,84,0,0,1,1,1,stroke,NONE,CRITICAL
28,144,24,91,0,1,0,1,1,trauma,OTHER,HIGH
49,49,18,94,0,0,0,1,0,accident,INDUSTRIAL,MEDIUM
35,93,13,96,0,0,0,0,0,other,OTHER,LOW
80,122,20,95,0,0,1,0,0,accident,FALL,MEDIUM
30,95,15,95,0,0,0,0,0,trauma,OTHER,LOW
15,115,22,93,0,0,0,0,0,other,NONE,MEDIUM
20,120,20,94,0,0,0,0,0,other,OTHER,MEDIUM
43,149,29,84,2,1,0,1,0,respiratory,NONE,CRITICAL
63,128,28,90,2,1,0,0,0,stroke,NONE,HIGH
33,101,19,95,0,0,0,0,0,respiratory,NONE,LOW
45,146,24,90,0,1,0,1,1,accident,FALL,HIGH
59,118,12,92,1,0,0,1,0,respiratory,NONE,MEDIUM
36,97,19,96,0,0,0,1,0,fire,FIRE,LOW
62,113,22,93,0,0,1,0,1,accident,INDUSTRIAL,MEDIUM
27,95,16,97,0,1,0,0,0,other,OTHER,LOW
21,96,15,96,0,0,1,0,0,trauma,FALL,LOW
33,50,22,95,0,0,0,1,0,other,NONE,MEDIUM
49,109,14,96,0,0,0,0,0,accident,ROAD,LOW
1,109,21,95,0,0,0,0,0,respiratory,NONE,MEDIUM
13,110,22,93,0,0,2,1,0,accident,INDUSTRIAL,MEDIUM
1,160,28,83,0,1,0,1,0,respiratory,NONE,CRITICAL
44,66,16,96,0,0,0,0,1,cardiac,NONE,LOW
50,108,18,95,0,2,0,0,0,accident,ROAD,MEDIUM
37,112,20,95,1,1,1,0,0,fire,FIRE,MEDIUM
50,144,31,85,3,0,0,1,1,cardiac,NONE,CRITICAL
19,60,20,92,0,1,0,0,0,respiratory,NONE,MEDIUM
52,75,18,97,0,0,0,0,0,trauma,ROAD,LOW
24,89,18,96,1,0,0,0,0,other,NONE,LOW
34,143,29,83,2,2,3,1,1,accident,ROAD,CRITICAL
19,125,21,89,0,1,3,0,0,trauma,OTHER,HIGH
30,124,27,91,1,0,0,1,0,respiratory,NONE,HIGH
21,96,11,96,0,0,1,0,0,trauma,INDUSTRIAL,LOW
21,25,19,91,2,0,0,1,0,respiratory,NONE,HIGH
49,160,24,86,0,2,2,1,0,trauma,INDUSTRIAL,CRITICAL
28,154,27,86,2,1,1,0,0,other,NONE,CRITICAL
1,90,16,96,0,0,2,0,0,accident,ROAD,LOW
23,89,11,96,0,1,0,0,0,trauma,OTHER,LOW
40,142,28,85,3,3,3,1,0,accident,ROAD,CRITICAL
67,122,20,95,0,0,0,1,0,other,OTHER,MEDIUM
45,87,18,95,0,0,0,0,0,other,OTHER,LOW
84,128,27,88,1,1,0,0,0,cardiac,NONE,HIGH
38,54,21,93,0,0,1,0,0,accident,FALL,MEDIUM
21,89,16,96,0,0,0,0,0,accident,INDUSTRIAL,LOW
61,142,29,86,1,2,0,0,0,stroke,NONE,CRITICAL
67,168,30,85,3,2,1,1,1,cardiac,NONE,CRITICAL
69,34,26,90,0,0,0,0,1,cardiac,NONE,HIGH
53,145,26,84,2,0,0,1,1,respiratory,NONE,CRITICAL
66,86,16,97,0,0,0,0,0,other,NONE,LOW
16,43,18,94,1,0,0,0,0,accident,FALL,MEDIUM
60,123,20,89,0,0,1,0,0,stroke,NONE,HIGH
26,88,16,96,0,0,0,0,0,other,OTHER,LOW
49,25,30,86,3,2,2,1,0,accident,ROAD,CRITICAL
57,108,18,94,0,1,0,1,0,trauma,OTHER,MEDIUM
58,146,30,85,3,3,0,0,0,accident,ROAD,CRITICAL
36,75,12,96,0,0,0,0,0,accident,ROAD,LOW
43,99,16,96,0,0,0,0,0,respiratory,NONE,LOW
37,121,19,94,0,0,0,0,1,other,NONE,MEDIUM
98,129,22,90,0,0,0,1,1,cardiac,NONE,HIGH
36,144,30,84,3,1,0,1,1,cardiac,NONE,CRITICAL
65,144,30,85,3,0,3,0,1,accident,FALL,CRITICAL
83,60,17,95,0,0,0,0,0,stroke,NONE,MEDIUM
24,105,23,93,0,0,0,0,0,respiratory,NONE,MEDIUM
23,124,23,91,1,1,1,1,0,other,OTHER,HIGH
33,145,20,91,1,0,0,1,0,other,NONE,HIGH
90,117,20,93,0,1,2,1,0,fire,FIRE,MEDIUM
33,107,18,93,0,1,1,0,0,accident,ROAD,MEDIUM
33,94,17,93,0,0,0,0,0,accident,ROAD,LOW
35,95,19,97,0,0,0,0,0,other,NONE,LOW
54,92,17,97,0,0,0,0,0,other,OTHER,LOW
95,123,20,89,1,0,1,1,0,cardiac,NONE,HIGH
49,144,29,84,3,1,0,1,1,cardiac,NONE,CRITICAL
56,148,23,85,3,0,0,1,0,cardiac,NONE,CRITICAL
47,128,22,91,2,1,0,1,0,trauma,INDUSTRIAL,HIGH
52,107,18,95,1,0,0,1,1,respiratory,NONE,MEDIUM
43,87,18,97,0,0,1,0,0,accident,ROAD,LOW
42,132,24,91,2,1,1,0,0,stroke,NONE,HIGH
50,127,25,90,0,0,0,1,0,stroke,NONE,HIGH
31,115,19,95,0,1,1,0,0,accident,ROAD,MEDIUM
18,149,31,84,2,2,3,0,1,trauma,FALL,CRITICAL
32,97,16,95,0,0,0,0,0,other,OTHER,LOW
27,88,15,97,0,0,1,0,0,trauma,ROAD,LOW
6,54,21,94,0,0,0,0,0,other,NONE,MEDIUM
66,25,30,84,3,3,1,1,0,trauma,ROAD,CRITICAL
28,98,20,93,0,2,1,0,0,accident,ROAD,LOW
32,98,13,96,0,0,1,0,0,trauma,INDUSTRIAL,LOW
44,55,24,93,0,1,0,0,0,accident,FALL,MEDIUM
63,128,19,90,0,1,2,1,1,cardiac,NONE,HIGH
36,41,24,89,2,1,0,0,0,cardiac,NONE,HIGH
37,129,22,91,0,2,0,0,1,trauma,FALL,HIGH
46,91,14,97,0,0,0,0,0,other,OTHER,LOW
12,127,22,90,1,0,0,0,1,other,OTHER,HIGH
35,107,21,94,0,0,1,1,1,respiratory,NONE,MEDIUM
16,74,17,97,0,0,0,0,0,other,OTHER,LOW
59,123,20,90,0,1,2,0,1,stroke,NONE,HIGH
40,119,26,94,0,2,2,0,0,fire,FIRE,MEDIUM
61,70,19,97,0,0,0,0,0,other,OTHER,LOW
53,70,15,94,0,0,0,0,0,other,NONE,LOW
1,131,23,90,1,1,3,1,0,trauma,ROAD,HIGH
77,129,24,90,1,0,0,1,1,cardiac,NONE,HIGH
53,111,21,94,0,0,3,0,0,trauma,OTHER,LOW
36,65,11,95,0,0,1,0,0,trauma,INDUSTRIAL,LOW
1,87,16,96,0,0,1,1,0,fire,FIRE,LOW
69,86,15,97,0,0,0,0,0,accident,FALL,LOW
46,37,25,87,0,0,0,0,0,stroke,NONE,HIGH
58,100,14,95,0,1,0,0,0,accident,FALL,LOW
53,93,17,95,0,1,0,0,0,respiratory,NONE,LOW
37,96,13,97,0,0,0,0,0,other,NONE,LOW
35,107,20,95,0,0,2,1,0,respiratory,NONE,MEDIUM
57,127,24,91,1,3,3,0,0,accident,ROAD,HIGH
35,25,30,83,3,3,3,1,0,fire,FIRE,CRITICAL
34,104,16,94,0,0,0,1,0,respiratory,NONE,MEDIUM
56,124,27,88,0,1,1,0,1,cardiac,NONE,HIGH
67,104,26,94,0,2,0,0,0,accident,ROAD,MEDIUM
34,126,26,89,2,0,0,1,1,respiratory,NONE,HIGH
68,91,17,96,0,0,0,0,0,other,NONE,LOW
29,141,24,90,1,0,1,1,1,fire,FIRE,HIGH
3,89,16,96,0,0,0,0,1,cardiac,NONE,LOW
22,74,14,95,0,0,0,0,0,other,OTHER,LOW
38,147,25,90,3,0,1,0,0,respiratory,NONE,HIGH
55,37,24,89,0,0,0,1,0,respiratory,NONE,HIGH
74,146,32,83,3,2,2,1,0,trauma,OTHER,CRITICAL
52,129,25,90,1,3,1,0,0,accident,ROAD,HIGH
74,96,16,95,0,0,0,1,0,respiratory,NONE,LOW
70,107,24,92,0,0,0,0,0,stroke,NONE,MEDIUM
37,127,25,91,2,0,0,1,1,cardiac,NONE,HIGH
33,112,16,94,0,0,0,0,1,stroke,NONE,MEDIUM
55,25,27,85,3,0,0,0,0,stroke,NONE,CRITICAL
61,91,18,96,0,0,0,0,0,other,NONE,LOW
32,53,23,95,0,0,0,0,0,cardiac,NONE,MEDIUM
62,112,21,94,0,1,1,0,0,accident,ROAD,MEDIUM
83,34,25,88,1,0,0,1,0,respiratory,NONE,HIGH
66,58,16,93,0,1,0,1,1,cardiac,NONE,MEDIUM
71,111,19,94,0,0,0,1,0,cardiac,NONE,MEDIUM
58,90,15,97,0,1,1,0,0,accident,ROAD,MEDIUM
59,106,17,95,0,0,2,0,0,accident,INDUSTRIAL,MEDIUM
98,154,32,85,3,0,2,1,0,cardiac,NONE,CRITICAL
30,117,20,93,0,0,0,0,0,respiratory,NONE,MEDIUM
10,133,27,90,1,3,3,0,0,accident,ROAD,HIGH
44,90,18,96,0,1,2,0,0,accident,ROAD,LOW
41,95,14,97,0,1,0,0,0,accident,ROAD,LOW
49,74,15,97,0,1,0,0,0,accident,ROAD,LOW
42,98,14,97,0,0,0,0,0,other,OTHER,LOW
57,104,20,94,0,0,0,0,0,stroke,NONE,MEDIUM
50,160,28,83,1,1,3,0,0,trauma,ROAD,CRITICAL
44,143,32,86,2,3,3,0,0,accident,FALL,CRITICAL
43,127,25,87,1,2,2,0,0,accident,ROAD,HIGH
64,25,33,83,3,0,0,0,0,cardiac,NONE,CRITICAL
39,91,17,95,0,0,1,0,0,trauma,FALL,LOW
43,147,28,84,3,2,3,0,0,accident,ROAD,CRITICAL
52,109,19,95,0,0,0,0,0,other,NONE,MEDIUM
46,55,21,92,0,1,0,0,0,accident,FALL,MEDIUM
49,34,22,90,1,2,2,0,0,accident,INDUSTRIAL,HIGH
1,104,20,95,0,0,1,1,0,trauma,FALL,LOW
84,146,32,86,2,0,0,1,0,cardiac,NONE,CRITICAL
32,107,22,94,0,0,0,1,0,other,OTHER,MEDIUM
26,143,32,84,0,1,3,1,0,accident,ROAD,CRITICAL
73,29,24,91,0,0,0,1,1,cardiac,NONE,MEDIUM
48,27,22,90,0,1,1,1,0,trauma,FALL,HIGH
38,108,21,93,0,1,0,0,0,accident,ROAD,MEDIUM
31,143,25,89,2,1,0,1,0,other,OTHER,HIGH
9,91,19,97,0,0,0,0,0,other,OTHER,LOW
54,73,18,97,0,0,0,0,0,other,NONE,LOW
66,127,20,91,1,0,0,1,1,cardiac,NONE,HIGH
70,107,24,94,0,1,0,0,0,accident,ROAD,MEDIUM
96,25,31,86,1,0,1,1,1,cardiac,NONE,CRITICAL
83,149,24,91,3,0,0,1,0,trauma,FALL,HIGH
62,92,21,97,0,0,0,0,0,respiratory,NONE,LOW
19,97,15,97,0,0,0,0,0,respiratory,NONE,LOW
30,129,19,91,2,0,1,0,0,accident,FALL,HIGH
31,108,21,93,0,0,0,0,1,other,OTHER,MEDIUM
50,109,12,95,0,0,0,1,0,respiratory,NONE,LOW
19,133,24,91,0,0,1,0,1,respiratory,NONE,HIGH
68,123,25,91,0,1,3,1,0,accident,ROAD,HIGH
38,143,29,84,2,1,2,1,0,fire,FIRE,CRITICAL
16,125,22,89,1,1,1,1,0,fire,FIRE,HIGH
40,48,21,95,0,0,0,1,0,respiratory,NONE,MEDIUM
41,89,17,94,0,0,0,0,0,other,NONE,LOW
57,146,23,91,1,2,3,1,0,accident,INDUSTRIAL,HIGH
23,104,22,95,0,1,0,0,0,other,OTHER,MEDIUM
44,129,21,88,2,0,0,1,0,other,OTHER,HIGH
56,120,22,95,0,0,0,0,1,cardiac,NONE,MEDIUM
49,117,27,92,0,1,2,1,1,trauma,FALL,MEDIUM
61,124,25,91,1,2,0,0,0,stroke,NONE,HIGH
87,142,27,85,1,0,0,1,0,stroke,NONE,HIGH
85,125,24,91,1,0,0,0,1,cardiac,NONE,HIGH
36,105,22,94,0,0,1,0,0,trauma,ROAD,MEDIUM
40,104,18,93,1,2,2,0,0,trauma,INDUSTRIAL,MEDIUM
40,101,15,96,0,0,1,0,0,trauma,INDUSTRIAL,LOW
20,107,23,91,0,0,0,0,0,other,NONE,MEDIUM
14,108,19,94,0,0,0,0,0,respiratory,NONE,MEDIUM
20,128,17,91,1,0,0,0,0,other,NONE,HIGH
96,148,32,86,1,0,0,0,1,cardiac,NONE,CRITICAL
37,126,25,91,1,3,1,0,0,trauma,ROAD,HIGH
59,127,22,90,1,2,2,1,1,trauma,ROAD,HIGH
55,134,26,91,1,0,1,1,1,accident,ROAD,HIGH
47,127,26,90,1,1,3,0,0,accident,ROAD,HIGH
78,152,28,85,1,1,0,1,1,cardiac,NONE,CRITICAL
27,117,18,94,0,0,1,0,0,respiratory,NONE,MEDIUM
51,55,22,95,0,1,0,0,0,accident,ROAD,MEDIUM
30,99,15,96,0,0,0,0,0,accident,INDUSTRIAL,LOW
43,123,26,91,0,0,0,1,0,other,NONE,HIGH
27,111,25,94,0,1,2,0,0,accident,ROAD,MEDIUM
74,118,21,94,0,0,0,1,1,other,NONE,MEDIUM
35,87,15,97,0,1,0,0,0,trauma,INDUSTRIAL,LOW
36,152,31,84,3,0,2,0,1,stroke,NONE,CRITICAL
58,108,18,93,0,1,0,0,0,other,OTHER,MEDIUM
27,90,14,95,0,1,1,0,0,trauma,INDUSTRIAL,LOW
59,147,29,85,2,2,1,1,1,stroke,NONE,CRITICAL
21,145,30,84,3,1,0,1,0,respiratory,NONE,CRITICAL
41,124,27,89,1,1,2,1,0,trauma,FALL,HIGH
49,41,23,89,0,0,0,1,1,respiratory,NONE,MEDIUM
38,109,20,94,0,0,0,0,1,cardiac,NONE,MEDIUM
32,109,21,94,0,0,0,0,0,respiratory,NONE,MEDIUM
61,111,24,95,0,0,0,0,0,cardiac,NONE,MEDIUM
21,128,25,91,0,2,1,1,0,fire,FIRE,HIGH
84,149,30,86,1,0,1,1,1,stroke,NONE,CRITICAL
70,115,21,94,0,2,1,0,1,accident,FALL,MEDIUM
43,108,22,93,0,0,0,0,0,other,NONE,MEDIUM
34,90,11,96,0,0,0,0,0,trauma,OTHER,LOW
42,58,15,96,0,0,0,0,0,fire,FIRE,LOW
25,93,17,95,0,0,0,0,0,respiratory,NONE,LOW
56,128,25,91,2,0,0,1,0,respiratory,NONE,HIGH
85,124,23,90,0,0,1,0,1,cardiac,NONE,MEDIUM
25,106,20,93,1,0,0,0,0,trauma,ROAD,MEDIUM
46,109,19,94,0,0,0,1,1,cardiac,NONE,MEDIUM
9,86,13,97,0,0,0,1,0,other,NONE,LOW
48,105,22,95,0,0,0,0,0,other,NONE,MEDIUM
11,86,17,97,1,1,0,0,0,trauma,ROAD,LOW
51,150,28,84,3,3,1,1,0,accident,ROAD,CRITICAL
50,124,21,90,3,0,0,0,0,other,OTHER,HIGH
19,116,21,95,0,0,0,1,0,accident,FALL,MEDIUM
35,125,23,91,1,0,0,1,1,other,OTHER,HIGH
31,106,16,96,0,1,0,0,0,accident,FALL,LOW
99,133,29,87,1,0,1,1,0,cardiac,NONE,HIGH
59,159,26,84,1,1,0,0,1,cardiac,NONE,CRITICAL
41,137,20,90,2,0,0,0,1,cardiac,NONE,HIGH
33,123,20,90,3,0,1,1,1,respiratory,NONE,HIGH
39,144,29,85,2,1,1,1,0,respiratory,NONE,CRITICAL
27,107,20,93,0,0,1,0,0,accident,ROAD,MEDIUM
67,90,17,97,0,0,0,0,0,accident,ROAD,LOW
53,117,23,93,0,1,1,0,1,trauma,OTHER,MEDIUM
40,122,18,91,1,0,1,1,1,stroke,NONE,HIGH
54,132,28,88,2,0,0,1,0,stroke,NONE,HIGH
38,111,20,94,0,0,0,0,0,other,NONE,MEDIUM
61,124,21,91,0,3,1,1,0,accident,ROAD,HIGH
57,144,32,85,1,1,1,1,0,respiratory,NONE,CRITICAL
32,106,20,95,0,0,2,0,0,accident,INDUSTRIAL,MEDIUM
53,101,14,96,0,0,0,1,0,respiratory,NONE,LOW
78,126,24,89,0,0,1,0,1,cardiac,NONE,HIGH
82,136,26,91,0,0,1,0,1,cardiac,NONE,CRITICAL
41,141,26,91,1,0,3,1,0,trauma,FALL,HIGH
43,114,16,95,1,2,0,1,0,accident,ROAD,MEDIUM
21,124,27,90,0,2,2,1,1,accident,ROAD,HIGH
1,39,23,91,0,1,0,0,0,other,NONE,HIGH
28,104,22,94,0,0,0,0,1,cardiac,NONE,MEDIUM
24,97,17,95,0,1,0,0,0,accident,FALL,LOW
27,50,19,95,1,0,0,0,0,respiratory,NONE,MEDIUM
60,25,29,85,3,1,1,1,1,cardiac,NONE,CRITICAL
56,110,17,94,0,0,0,0,0,stroke,NONE,MEDIUM
63,127,23,91,1,0,0,1,1,cardiac,NONE,HIGH
75,109,19,94,0,0,0,0,0,stroke,NONE,MEDIUM
6,113,21,95,0,0,1,0,0,accident,ROAD,MEDIUM
57,67,18,96,0,0,0,0,0,other,OTHER,LOW
99,105,20,97,0,1,0,0,0,cardiac,NONE,LOW
65,25,27,85,3,0,1,1,1,cardiac,NONE,CRITICAL
46,124,22,91,2,0,0,0,0,stroke,NONE,HIGH
95,107,22,93,0,0,0,0,0,stroke,NONE,MEDIUM
55,123,23,89,0,0,0,0,1,cardiac,NONE,HIGH
37,110,24,95,0,3,2,1,0,accident,INDUSTRIAL,MEDIUM
14,118,14,94,0,2,2,0,0,trauma,INDUSTRIAL,MEDIUM
44,124,25,91,1,0,0,0,1,accident,FALL,HIGH
21,133,22,89,0,1,0,1,0,stroke,NONE,CRITICAL
37,125,25,91,2,1,1,1,0,respiratory,NONE,HIGH
18,117,19,94,0,0,0,0,0,other,OTHER,MEDIUM
70,51,21,92,2,2,0,1,0,fire,FIRE,MEDIUM
19,112,21,93,0,0,0,1,1,cardiac,NONE,MEDIUM
33,56,21,94,0,0,0,0,0,other,NONE,MEDIUM
47,127,24,91,2,1,1,1,0,accident,INDUSTRIAL,HIGH
29,125,23,91,1,0,3,0,1,accident,ROAD,HIGH
57,57,18,93,0,1,1,0,0,fire,FIRE,MEDIUM
34,76,18,96,0,0,0,0,0,stroke,NONE,LOW
35,124,23,91,1,0,2,1,0,fire,FIRE,HIGH
52,108,19,93,0,0,0,1,0,trauma,INDUSTRIAL,HIGH
18,89,16,94,0,0,0,0,0,trauma,FALL,LOW
49,105,18,92,0,2,0,0,0,accident,INDUSTRIAL,MEDIUM
77,123,25,90,3,1,0,0,0,stroke,NONE,HIGH
63,64,15,94,0,0,0,0,0,accident,ROAD,LOW
40,125,30,91,0,2,0,0,0,trauma,OTHER,HIGH
50,29,29,91,1,0,0,0,1,cardiac,NONE,HIGH
64,88,14,96,1,1,0,0,0,accident,ROAD,LOW
47,124,26,88,1,1,0,1,1,cardiac,NONE,HIGH
21,25,28,85,1,1,3,1,0,fire,FIRE,CRITICAL
14,129,18,92,0,1,0,0,1,fire,FIRE,MEDIUM
27,118,24,93,1,1,2,0,0,trauma,INDUSTRIAL,MEDIUM
28,113,16,96,0,0,0,0,0,trauma,FALL,LOW
18,122,22,91,1,1,1,0,0,respiratory,NONE,HIGH
36,150,27,82,3,3,3,0,0,accident,INDUSTRIAL,CRITICAL
62,107,19,95,0,0,0,0,0,cardiac,NONE,MEDIUM
63,121,18,92,0,0,0,0,0,other,OTHER,MEDIUM
51,158,28,84,3,0,0,1,0,respiratory,NONE,CRITICAL
68,98,19,95,0,1,0,0,0,accident,INDUSTRIAL,LOW
27,112,22,93,0,1,1,0,0,accident,ROAD,MEDIUM
63,102,15,97,0,0,0,0,0,other,NONE,LOW
46,122,28,91,0,0,3,0,0,accident,INDUSTRIAL,HIGH
28,112,18,92,0,0,0,0,0,accident,ROAD,MEDIUM
85,144,30,86,3,0,1,1,1,cardiac,NONE,CRITICAL
34,145,30,86,3,2,0,1,1,cardiac,NONE,CRITICAL
93,145,28,83,1,0,0,1,1,cardiac,NONE,CRITICAL
36,143,33,82,3,1,0,1,1,accident,ROAD,CRITICAL
48,136,26,89,0,1,1,1,0,accident,INDUSTRIAL,HIGH
48,130,24,91,2,0,0,0,0,other,OTHER,HIGH
68,109,21,95,1,3,0,0,0,fire,FIRE,MEDIUM
56,90,15,96,0,0,0,0,0,respiratory,NONE,LOW
36,92,16,95,0,0,0,0,0,other,NONE,LOW
53,91,13,96,1,0,1,0,0,stroke,NONE,LOW
77,147,30,83,0,1,0,0,1,cardiac,NONE,CRITICAL
38,99,10,96,0,0,0,1,0,fire,FIRE,LOW
51,94,17,97,0,0,0,0,0,other,OTHER,LOW
39,113,21,94,0,0,0,0,0,other,NONE,MEDIUM
42,123,22,93,1,0,1,1,0,trauma,INDUSTRIAL,MEDIUM
28,96,19,97,0,0,1,0,1,accident,ROAD,LOW
6,86,16,95,0,0,0,0,0,other,NONE,LOW
50,110,23,94,0,0,0,1,1,cardiac,NONE,MEDIUM
47,145,31,85,3,1,0,1,1,respiratory,NONE,CRITICAL
25,146,26,85,1,0,1,1,1,respiratory,NONE,CRITICAL
70,126,22,91,2,1,0,0,0,stroke,NONE,HIGH
43,99,16,95,0,0,0,0,1,other,OTHER,LOW
6,129,27,87,1,0,0,1,1,other,NONE,HIGH
17,126,29,91,0,3,1,1,0,fire,FIRE,HIGH
47,146,33,84,3,1,0,1,1,cardiac,NONE,CRITICAL
1,136,24,90,0,1,1,0,0,accident,ROAD,HIGH
36,86,12,97,0,0,0,0,0,respiratory,NONE,LOW
53,147,33,83,1,0,0,1,1,cardiac,NONE,CRITICAL
26,130,19,90,1,1,2,1,1,trauma,ROAD,HIGH
80,32,21,91,0,0,0,1,1,cardiac,NONE,HIGH
55,110,19,95,0,0,2,0,0,accident,INDUSTRIAL,MEDIUM
27,150,25,85,2,2,2,0,0,trauma,INDUSTRIAL,CRITICAL
27,106,20,93,0,0,0,1,0,respiratory,NONE,LOW
55,55,21,94,0,0,0,0,0,other,NONE,MEDIUM
58,40,24,89,3,1,0,1,1,cardiac,NONE,HIGH
56,150,31,85,1,0,0,1,1,cardiac,NONE,CRITICAL
21,124,19,91,0,0,1,1,0,other,OTHER,HIGH
36,134,27,91,1,0,0,1,1,respiratory,NONE,HIGH
28,121,19,94,0,0,3,0,0,accident,ROAD,MEDIUM
72,122,24,91,2,1,2,1,0,accident,INDUSTRIAL,HIGH
16,89,11,94,0,0,0,0,0,other,NONE,LOW
42,52,20,94,0,2,1,1,0,trauma,FALL,MEDIUM
72,107,20,92,0,1,0,1,1,cardiac,NONE,MEDIUM
42,150,27,83,1,3,1,1,1,trauma,ROAD,CRITICAL
14,160,37,82,3,0,0,0,1,other,NONE,CRITICAL
48,123,23,91,0,0,0,1,0,other,NONE,MEDIUM
85,147,33,84,2,1,2,1,0,stroke,NONE,CRITICAL
63,128,21,91,0,2,1,0,0,trauma,OTHER,MEDIUM
35,74,14,97,0,0,0,0,0,accident,INDUSTRIAL,LOW
99,152,30,85,3,1,1,1,1,cardiac,NONE,CRITICAL
26,125,23,91,0,2,3,0,0,accident,ROAD,HIGH
26,133,23,91,1,0,0,0,0,stroke,NONE,HIGH
51,125,26,91,1,2,3,0,0,accident,ROAD,HIGH
56,54,23,94,0,0,0,0,0,stroke,NONE,MEDIUM
36,143,26,85,2,0,1,1,1,respiratory,NONE,CRITICAL
56,145,24,85,3,2,3,1,0,accident,ROAD,CRITICAL
37,119,18,94,0,0,0,0,0,respiratory,NONE,MEDIUM
81,130,24,91,0,0,0,1,1,cardiac,NONE,HIGH
75,115,20,94,0,1,0,0,0,other,OTHER,MEDIUM
27,131,25,88,1,1,2,0,0,accident,ROAD,HIGH
68,132,20,90,0,0,1,1,0,stroke,NONE,HIGH
24,88,13,95,0,1,0,0,0,other,NONE,LOW
41,107,18,93,0,1,0,1,0,respiratory,NONE,MEDIUM
39,149,29,86,2,0,1,1,0,other,NONE,CRITICAL
46,51,17,95,0,0,0,0,0,respiratory,NONE,MEDIUM
38,109,24,94,0,0,0,0,1,fire,FIRE,MEDIUM
46,113,20,90,0,0,0,0,0,respiratory,NONE,MEDIUM
21,116,21,92,0,0,0,0,1,other,NONE,MEDIUM
48,78,17,97,0,0,0,0,0,respiratory,NONE,LOW
58,117,19,93,1,0,0,0,0,stroke,NONE,MEDIUM
14,110,24,93,0,0,0,1,0,respiratory,NONE,MEDIUM
68,155,30,83,3,1,1,1,1,cardiac,NONE,CRITICAL
24,87,11,96,0,0,0,0,0,accident,INDUSTRIAL,LOW
41,135,21,89,0,1,0,0,1,accident,FALL,HIGH
47,34,23,91,1,0,0,0,0,respiratory,NONE,MEDIUM
60,121,23,94,0,1,1,0,0,accident,FALL,HIGH
49,25,29,84,3,2,0,1,1,cardiac,NONE,CRITICAL
51,25,32,83,3,1,0,1,0,respiratory,NONE,CRITICAL
45,104,23,93,1,0,0,0,0,respiratory,NONE,MEDIUM
52,148,28,85,3,0,0,0,1,stroke,NONE,CRITICAL
63,131,24,91,1,0,0,1,1,cardiac,NONE,HIGH
56,129,24,89,2,2,3,1,0,trauma,FALL,HIGH
21,86,17,96,0,0,0,0,0,accident,INDUSTRIAL,LOW
62,101,14,97,0,0,0,0,0,respiratory,NONE,LOW
41,58,20,94,0,0,1,1,0,other,OTHER,MEDIUM
28,55,22,95,0,0,1,0,0,trauma,FALL,MEDIUM
19,25,31,86,3,1,0,1,1,respiratory,NONE,CRITICAL
47,104,19,93,0,1,0,0,0,accident,ROAD,MEDIUM
64,40,19,90,0,0,0,1,1,respiratory,NONE,HIGH
28,112,18,93,0,0,1,1,1,respiratory,NONE,MEDIUM
8,90,18,96,0,1,1,0,0,fire,FIRE,LOW
90,105,17,94,0,0,1,0,1,stroke,NONE,MEDIUM
68,44,18,92,0,0,0,0,1,cardiac,NONE,MEDIUM
42,112,16,95,0,0,1,0,0,respiratory,NONE,MEDIUM
73,107,22,94,0,0,0,0,1,stroke,NONE,MEDIUM
41,91,21,96,0,1,0,0,0,accident,FALL,LOW
31,130,21,90,2,2,1,0,1,accident,FALL,HIGH
43,118,23,95,0,0,0,0,0,accident,ROAD,MEDIUM
64,115,17,92,0,1,0,0,1,cardiac,NONE,MEDIUM
28,154,31,83,3,1,0,0,0,other,NONE,CRITICAL
39,94,16,94,0,0,0,0,0,accident,FALL,LOW
46,128,25,91,1,0,1,1,1,cardiac,NONE,HIGH
47,107,23,92,0,1,1,0,0,trauma,FALL,MEDIUM
71,126,31,90,3,0,0,1,1,cardiac,NONE,HIGH
56,154,31,85,2,0,0,0,1,stroke,NONE,CRITICAL
61,92,19,95,0,0,2,0,0,accident,FALL,LOW
28,55,17,94,0,0,0,1,0,other,OTHER,MEDIUM
44,129,26,91,0,1,0,1,1,respiratory,NONE,HIGH
31,58,19,94,0,0,0,0,0,cardiac,NONE,MEDIUM
47,97,17,93,0,0,0,0,0,other,OTHER,LOW
40,143,25,85,3,2,1,0,0,accident,INDUSTRIAL,CRITICAL
58,106,25,95,0,2,1,0,0,accident,INDUSTRIAL,MEDIUM
86,25,26,83,2,2,2,1,1,cardiac,NONE,CRITICAL
60,124,20,91,1,0,0,1,0,respiratory,NONE,HIGH
22,78,10,93,0,0,0,0,0,respiratory,NONE,LOW
26,152,30,82,1,3,3,1,0,fire,FIRE,CRITICAL
34,94,16,95,0,0,0,0,0,trauma,FALL,LOW
31,129,27,89,2,1,1,0,0,stroke,NONE,HIGH
25,90,19,94,0,0,0,0,0,other,NONE,LOW
1,57,21,92,0,1,2,0,0,trauma,OTHER,MEDIUM
42,90,18,97,0,0,1,0,0,other,NONE,LOW
76,111,12,94,1,0,0,0,0,cardiac,NONE,MEDIUM
91,76,20,95,0,0,0,1,0,respiratory,NONE,LOW
24,150,33,86,1,1,3,0,1,trauma,INDUSTRIAL,CRITICAL
17,113,25,94,0,0,1,1,0,respiratory,NONE,MEDIUM
98,123,20,91,0,0,0,1,1,cardiac,NONE,HIGH
33,149,29,85,2,1,0,1,1,respiratory,NONE,CRITICAL
57,127,24,88,1,3,1,1,1,accident,INDUSTRIAL,HIGH
10,108,21,95,0,0,1,0,0,trauma,ROAD,LOW
42,128,24,90,2,0,0,0,1,cardiac,NONE,HIGH
36,112,24,94,0,0,0,1,0,trauma,ROAD,MEDIUM
36,146,27,82,3,1,3,0,1,accident,ROAD,CRITICAL
55,112,25,95,0,0,0,1,0,cardiac,NONE,MEDIUM
47,72,22,97,0,0,1,0,1,other,OTHER,LOW
34,94,12,97,0,0,0,0,0,accident,ROAD,LOW
35,124,21,90,2,2,3,1,0,trauma,FALL,HIGH
62,40,27,90,0,1,3,0,1,accident,ROAD,HIGH
47,127,26,87,0,1,0,1,0,accident,INDUSTRIAL,HIGH
57,155,30,86,3,2,3,1,1,trauma,OTHER,CRITICAL
32,109,22,93,0,1,0,0,0,stroke,NONE,LOW
28,138,22,90,0,2,3,0,0,trauma,OTHER,HIGH
22,90,15,97,0,0,0,0,0,respiratory,NONE,LOW
51,168,25,86,2,0,0,0,0,stroke,NONE,CRITICAL
21,114,18,93,1,1,0,1,0,accident,INDUSTRIAL,MEDIUM
64,143,29,84,0,0,1,0,1,cardiac,NONE,CRITICAL
25,69,15,96,0,0,1,0,0,trauma,ROAD,LOW
66,25,23,91,0,0,0,0,0,stroke,NONE,HIGH
71,110,17,94,0,1,1,1,1,trauma,INDUSTRIAL,MEDIUM
96,133,23,89,3,1,0,0,1,respiratory,NONE,HIGH
76,142,35,85,3,0,0,1,0,cardiac,NONE,CRITICAL
38,25,32,84,0,3,3,0,1,accident,ROAD,CRITICAL
19,107,21,95,0,0,1,0,1,accident,ROAD,MEDIUM
85,126,25,89,0,0,1,0,0,stroke,NONE,CRITICAL
70,72,12,96,0,1,0,0,0,accident,ROAD,LOW
29,148,33,84,3,1,0,1,1,cardiac,NONE,CRITICAL
35,60,22,94,0,0,1,0,1,trauma,OTHER,MEDIUM
69,106,19,93,0,0,0,0,0,stroke,NONE,MEDIUM
7,148,30,83,2,3,2,1,0,accident,FALL,CRITICAL
27,53,19,94,0,0,0,0,0,respiratory,NONE,MEDIUM
25,144,26,86,3,3,3,1,0,trauma,INDUSTRIAL,CRITICAL
58,151,29,85,3,2,0,1,1,cardiac,NONE,CRITICAL
43,105,17,94,0,0,1,1,0,accident,ROAD,MEDIUM
76,118,22,93,0,0,1,0,1,accident,ROAD,MEDIUM
58,148,25,90,2,0,0,1,0,respiratory,NONE,HIGH
26,87,16,96,0,0,0,0,0,other,NONE,LOW
73,92,14,94,0,0,1,0,0,accident,FALL,LOW
38,107,19,93,0,0,0,0,0,other,NONE,MEDIUM
64,90,13,96,0,0,0,0,0,accident,ROAD,LOW
48,143,25,90,1,1,1,1,0,accident,ROAD,HIGH
36,126,24,91,0,0,1,0,0,stroke,NONE,HIGH
54,105,20,94,0,2,2,1,0,accident,ROAD,MEDIUM
45,141,18,89,0,0,0,1,0,accident,FALL,HIGH
69,125,22,91,0,1,2,0,1,accident,ROAD,HIGH
39,38,22,89,0,1,0,1,0,respiratory,NONE,HIGH
78,116,23,92,0,1,0,0,1,cardiac,NONE,MEDIUM
85,48,20,94,0,2,0,0,0,cardiac,NONE,MEDIUM
31,98,18,96,0,0,1,0,0,trauma,ROAD,LOW
63,150,29,86,1,0,0,1,0,stroke,NONE,CRITICAL
69,138,23,91,1,0,0,1,0,stroke,NONE,HIGH
17,110,20,94,0,0,0,0,0,accident,ROAD,MEDIUM
77,92,16,96,0,0,0,0,1,cardiac,NONE,LOW
40,104,16,94,0,0,1,0,1,accident,INDUSTRIAL,MEDIUM
77,117,16,92,0,0,0,0,0,cardiac,NONE,HIGH
15,54,18,94,0,0,0,0,0,trauma,ROAD,MEDIUM
65,158,28,85,3,0,0,1,0,stroke,NONE,CRITICAL
62,111,17,94,0,0,0,0,0,stroke,NONE,MEDIUM
56,130,23,89,2,2,1,0,0,trauma,ROAD,HIGH
44,113,20,94,0,0,0,0,0,cardiac,NONE,MEDIUM
51,108,18,92,0,0,0,0,1,cardiac,NONE,MEDIUM
71,156,30,85,1,0,0,1,1,cardiac,NONE,CRITICAL
50,109,22,94,0,0,1,1,0,fire,FIRE,MEDIUM
44,124,26,88,3,0,1,0,1,other,OTHER,HIGH
31,143,26,84,0,3,3,1,0,accident,ROAD,CRITICAL
37,87,18,97,0,0,0,0,0,accident,ROAD,LOW
49,102,14,96,0,0,0,0,0,other,NONE,LOW
30,78,14,96,0,0,0,0,0,other,NONE,LOW
47,91,16,96,0,0,0,0,0,other,OTHER,LOW
67,126,24,88,0,3,0,0,1,accident,ROAD,HIGH
71,98,15,97,0,0,0,0,0,accident,ROAD,LOW
25,131,25,91,3,0,1,1,0,respiratory,NONE,HIGH
37,154,33,85,1,2,0,1,0,other,NONE,CRITICAL
85,126,24,91,1,0,0,0,1,stroke,NONE,HIGH
50,62,16,96,0,0,2,0,0,accident,ROAD,LOW
9,131,23,89,2,1,2,1,1,trauma,ROAD,HIGH
40,143,31,84,2,0,3,1,0,accident,ROAD,CRITICAL
21,106,19,93,0,0,0,1,1,respiratory,NONE,MEDIUM
48,117,16,91,0,0,0,0,0,respiratory,NONE,MEDIUM
99,154,27,86,2,1,1,1,1,cardiac,NONE,CRITICAL
40,128,26,90,2,1,3,0,0,trauma,FALL,HIGH
52,98,14,95,0,0,0,0,0,other,OTHER,LOW
28,155,30,83,3,0,0,0,1,cardiac,NONE,CRITICAL
66,100,14,96,0,0,0,0,0,other,NONE,LOW
44,90,21,96,0,1,0,0,0,other,OTHER,LOW
39,90,18,96,0,0,0,0,0,other,NONE,LOW
59,130,20,90,0,0,0,1,0,other,OTHER,HIGH
32,25,30,84,3,0,1,1,1,stroke,NONE,CRITICAL
14,112,18,95,0,0,1,0,0,accident,FALL,MEDIUM
81,117,23,95,0,1,0,0,0,cardiac,NONE,MEDIUM
30,25,29,84,2,1,0,0,0,accident,ROAD,CRITICAL
76,125,22,91,1,0,0,1,1,cardiac,NONE,HIGH
54,99,19,96,0,0,0,1,0,accident,ROAD,LOW
53,88,16,96,0,0,0,0,0,other,NONE,LOW
76,124,21,90,0,0,0,0,0,stroke,NONE,HIGH
61,87,20,97,0,0,0,1,0,respiratory,NONE,LOW
37,115,14,94,0,0,2,0,0,trauma,ROAD,MEDIUM
75,107,22,94,0,0,0,0,0,respiratory,NONE,MEDIUM
32,109,20,94,0,0,0,1,0,respiratory,NONE,MEDIUM
7,93,13,96,0,0,0,0,0,accident,FALL,LOW
72,41,20,90,0,1,0,1,0,stroke,NONE,HIGH
47,59,19,95,0,0,2,1,0,accident,ROAD,MEDIUM
15,118,22,94,0,0,0,1,0,respiratory,NONE,MEDIUM
43,111,21,92,0,0,0,0,0,other,NONE,MEDIUM
31,123,24,87,1,0,0,1,0,respiratory,NONE,HIGH
20,158,23,85,3,1,0,1,1,respiratory,NONE,CRITICAL
28,131,21,91,0,2,1,0,0,trauma,INDUSTRIAL,HIGH
2,115,17,92,0,0,0,1,0,other,NONE,MEDIUM
68,93,16,97,0,0,1,0,0,accident,ROAD,LOW
20,92,15,97,0,1,1,0,0,accident,ROAD,LOW
45,124,24,90,1,0,1,0,0,cardiac,NONE,HIGH
70,121,21,93,0,0,2,0,0,trauma,INDUSTRIAL,MEDIUM
49,145,28,85,3,3,3,1,1,accident,INDUSTRIAL,CRITICAL
48,154,29,86,2,1,3,1,1,accident,ROAD,CRITICAL
48,123,22,91,0,0,2,0,1,cardiac,NONE,HIGH
55,127,23,94,1,0,0,1,0,respiratory,NONE,MEDIUM
43,103,18,94,0,0,0,0,0,other,NONE,LOW
39,103,20,93,0,0,1,0,0,cardiac,NONE,LOW
65,157,26,85,1,1,1,0,0,accident,ROAD,CRITICAL
19,54,17,94,1,0,0,0,0,respiratory,NONE,MEDIUM
44,29,23,89,1,3,2,1,0,accident,ROAD,HIGH
58,127,20,89,3,1,1,1,0,stroke,NONE,HIGH
23,128,23,90,1,3,1,1,1,fire,FIRE,HIGH
25,128,25,91,0,1,0,0,1,other,NONE,CRITICAL
47,142,30,86,1,0,2,1,1,cardiac,NONE,CRITICAL
57,37,20,88,2,0,0,0,1,cardiac,NONE,HIGH
49,138,20,90,2,2,0,0,1,trauma,FALL,HIGH
53,76,14,97,0,0,0,0,0,other,NONE,LOW
48,131,26,90,0,0,0,1,1,stroke,NONE,HIGH
15,88,13,97,0,1,0,0,0,other,NONE,LOW
66,60,20,94,0,0,0,0,1,cardiac,NONE,MEDIUM
56,89,16,96,0,0,2,0,0,accident,FALL,LOW
80,128,25,91,0,1,2,0,0,trauma,ROAD,HIGH
90,125,24,91,1,0,1,0,0,cardiac,NONE,HIGH
46,123,26,90,0,0,0,1,0,respiratory,NONE,HIGH
28,148,25,82,2,0,0,1,0,cardiac,NONE,CRITICAL
33,87,16,94,0,0,0,0,0,other,NONE,LOW
28,71,16,97,0,0,0,0,0,accident,INDUSTRIAL,LOW
56,55,21,94,0,0,0,0,0,cardiac,NONE,MEDIUM
38,88,13,97,0,1,1,0,0,trauma,OTHER,LOW
44,106,15,97,0,0,0,0,0,fire,FIRE,LOW
5,114,18,94,0,0,3,0,0,accident,ROAD,MEDIUM
44,153,26,86,3,3,3,0,1,accident,FALL,CRITICAL
20,37,23,89,0,0,1,1,0,accident,ROAD,HIGH
44,123,20,88,1,2,1,0,0,fire,FIRE,HIGH
91,125,23,91,2,0,0,0,0,stroke,NONE,HIGH
2,154,30,84,1,0,0,1,0,respiratory,NONE,CRITICAL
71,124,24,91,0,0,0,1,1,respiratory,NONE,CRITICAL
73,25,26,85,2,0,0,1,0,cardiac,NONE,CRITICAL
39,151,23,84,2,3,1,1,1,accident,ROAD,CRITICAL
75,163,31,84,2,2,2,0,1,cardiac,NONE,CRITICAL
71,25,27,86,1,1,0,1,1,cardiac,NONE,CRITICAL
58,134,22,91,0,0,0,0,0,cardiac,NONE,HIGH
15,98,20,96,0,0,1,0,0,accident,INDUSTRIAL,LOW
49,156,30,84,3,3,3,1,0,accident,ROAD,CRITICAL
41,114,20,94,0,0,1,0,0,trauma,OTHER,MEDIUM
28,98,15,96,0,0,0,0,0,trauma,ROAD,LOW
70,146,25,86,0,1,1,1,1,respiratory,NONE,CRITICAL
55,60,20,93,0,0,1,1,0,accident,ROAD,MEDIUM
44,123,23,89,3,0,1,0,0,accident,ROAD,HIGH
13,122,23,94,0,0,1,0,0,other,OTHER,MEDIUM
37,93,20,97,0,1,0,0,0,accident,ROAD,LOW
45,153,26,86,3,2,3,1,0,trauma,OTHER,CRITICAL
53,137,22,91,1,1,1,0,0,accident,ROAD,HIGH
42,123,24,89,3,0,0,1,0,stroke,NONE,HIGH
80,125,24,90,1,3,3,1,0,trauma,ROAD,HIGH
60,56,21,92,0,0,0,0,0,stroke,NONE,MEDIUM
51,78,17,96,0,0,0,0,0,respiratory,NONE,LOW
43,114,19,93,0,0,0,0,0,accident,INDUSTRIAL,MEDIUM
99,126,20,91,3,0,0,1,0,stroke,NONE,HIGH
33,106,17,94,0,0,1,0,0,accident,ROAD,MEDIUM
30,98,18,97,0,0,0,0,0,trauma,ROAD,LOW
58,134,23,89,1,1,0,1,0,respiratory,NONE,HIGH
59,126,25,90,1,0,0,1,1,cardiac,NONE,HIGH
36,129,26,91,0,0,1,1,1,trauma,OTHER,HIGH
62,101,16,95,0,0,1,0,0,accident,FALL,LOW
45,117,20,95,0,2,1,0,0,fire,FIRE,MEDIUM
54,146,29,81,3,0,3,1,0,accident,ROAD,CRITICAL
11,55,21,94,0,0,0,1,0,other,NONE,MEDIUM
40,99,18,96,0,0,1,0,0,other,OTHER,LOW
75,143,32,84,3,0,0,1,1,cardiac,NONE,CRITICAL
53,107,19,95,0,0,0,0,0,cardiac,NONE,LOW
47,153,33,84,2,1,0,1,1,cardiac,NONE,CRITICAL
46,108,18,95,0,0,0,1,0,respiratory,NONE,MEDIUM
43,38,22,91,1,0,1,1,1,other,NONE,HIGH
81,138,22,90,0,0,0,1,0,respiratory,NONE,HIGH
85,154,31,86,3,0,0,1,1,stroke,NONE,CRITICAL
41,94,22,97,0,0,0,0,0,cardiac,NONE,LOW
51,158,28,85,3,0,0,1,0,stroke,NONE,CRITICAL
20,134,23,90,3,3,2,0,1,fire,FIRE,HIGH
45,137,25,90,3,1,0,0,0,accident,ROAD,HIGH
72,54,23,93,0,0,0,1,1,cardiac,NONE,MEDIUM
13,128,27,90,0,1,2,0,0,accident,ROAD,HIGH
60,106,22,91,0,0,1,0,0,respiratory,NONE,MEDIUM
36,106,25,94,0,0,1,0,0,accident,FALL,MEDIUM
38,100,22,96,0,0,0,0,0,other,NONE,LOW
38,123,29,90,0,0,0,0,1,cardiac,NONE,HIGH
90,128,21,90,2,0,0,0,1,cardiac,NONE,HIGH
59,90,18,95,0,0,0,0,0,trauma,FALL,LOW
40,100,13,94,0,0,0,0,0,other,NONE,LOW
39,37,23,88,0,0,0,1,1,cardiac,NONE,MEDIUM
2,25,23,89,1,3,2,0,0,accident,ROAD,HIGH
70,114,21,93,2,0,0,0,0,trauma,FALL,MEDIUM
24,25,31,86,2,0,0,0,1,other,OTHER,CRITICAL
49,91,13,96,0,0,0,0,0,fire,FIRE,LOW
58,106,19,95,0,0,0,0,0,respiratory,NONE,MEDIUM
14,124,25,91,0,0,0,0,0,cardiac,NONE,HIGH
41,44,21,95,1,0,0,0,0,other,NONE,MEDIUM
25,89,15,96,0,0,0,1,0,fire,FIRE,LOW
98,69,14,97,0,0,0,0,0,cardiac,NONE,LOW
41,123,22,91,0,1,0,1,0,trauma,FALL,MEDIUM
30,98,13,94,0,0,0,0,0,other,NONE,LOW
31,109,20,92,0,0,1,0,0,other,OTHER,MEDIUM
67,150,23,86,3,0,1,1,1,stroke,NONE,CRITICAL
52,108,18,94,0,1,1,1,1,trauma,ROAD,MEDIUM
6,126,22,89,0,2,3,0,1,accident,ROAD,HIGH
65,128,20,89,2,1,0,0,0,other,NONE,HIGH
28,107,19,95,0,0,0,0,1,cardiac,NONE,MEDIUM
24,127,24,91,1,0,3,1,1,accident,INDUSTRIAL,HIGH
28,96,16,94,0,0,0,0,0,other,OTHER,LOW
58,111,17,94,1,1,2,0,0,accident,ROAD,MEDIUM
36,40,25,90,0,0,0,0,0,other,OTHER,HIGH
53,144,29,85,3,0,0,1,0,stroke,NONE,CRITICAL
57,107,24,95,1,0,0,0,0,respiratory,NONE,MEDIUM
65,127,25,89,1,0,0,1,0,respiratory,NONE,HIGH
62,111,22,92,0,1,1,0,0,accident,ROAD,MEDIUM
61,91,14,97,0,0,0,0,0,other,NONE,LOW
46,123,27,91,0,1,0,0,0,stroke,NONE,HIGH
55,171,26,83,1,3,0,0,1,trauma,FALL,CRITICAL
30,165,30,86,2,3,3,1,0,accident,FALL,CRITICAL
39,126,22,91,0,2,3,1,0,accident,ROAD,HIGH
21,136,24,91,1,3,1,1,1,trauma,OTHER,HIGH
62,92,14,97,0,1,0,0,1,accident,INDUSTRIAL,LOW
70,124,22,90,2,0,0,1,1,stroke,NONE,HIGH
47,146,28,86,1,0,0,1,0,respiratory,NONE,CRITICAL
37,106,24,93,0,3,2,1,0,accident,INDUSTRIAL,MEDIUM
9,124,23,91,0,0,1,1,0,respiratory,NONE,HIGH
41,153,31,85,3,0,0,1,1,cardiac,NONE,CRITICAL
37,27,19,89,1,0,1,0,0,trauma,OTHER,HIGH
27,58,22,90,0,0,0,0,1,cardiac,NONE,MEDIUM
40,32,26,91,0,3,3,0,0,accident,ROAD,HIGH
43,142,29,85,1,1,3,1,0,trauma,OTHER,CRITICAL
58,108,18,93,0,0,0,1,0,respiratory,NONE,MEDIUM
42,89,15,95,0,0,0,0,0,accident,ROAD,LOW
51,114,22,91,0,0,0,0,0,other,OTHER,MEDIUM
1,89,18,97,0,2,0,0,0,fire,FIRE,LOW
52,127,28,91,0,0,0,1,0,fire,FIRE,HIGH
46,75,20,97,0,0,0,0,0,other,OTHER,LOW
31,130,26,90,2,1,0,1,0,trauma,ROAD,HIGH
25,25,30,85,2,2,2,1,1,trauma,INDUSTRIAL,CRITICAL
6,142,26,86,0,1,1,1,1,cardiac,NONE,CRITICAL
23,142,32,84,3,0,0,1,1,other,NONE,CRITICAL
23,88,16,97,0,0,0,0,0,trauma,INDUSTRIAL,LOW
21,139,31,90,0,1,1,1,0,respiratory,NONE,HIGH
67,39,25,91,0,0,0,0,1,other,OTHER,HIGH
42,51,18,94,1,0,0,0,0,trauma,INDUSTRIAL,HIGH
51,54,19,95,0,1,0,0,1,other,OTHER,MEDIUM
9,40,25,90,0,0,2,0,0,fire,FIRE,HIGH
35,96,10,95,0,0,2,0,1,accident,ROAD,LOW
29,108,21,94,0,1,2,0,0,accident,ROAD,MEDIUM
35,25,30,84,0,3,3,1,1,accident,INDUSTRIAL,CRITICAL
45,95,14,95,0,1,0,0,0,trauma,OTHER,LOW
62,75,18,97,0,0,0,1,0,fire,FIRE,LOW
37,144,33,86,3,0,2,1,1,stroke,NONE,CRITICAL
33,156,30,86,2,3,1,0,1,accident,ROAD,CRITICAL
65,25,29,91,0,0,0,0,1,respiratory,NONE,HIGH
50,90,14,97,0,1,0,0,0,accident,ROAD,LOW
19,142,29,85,3,3,3,1,0,accident,INDUSTRIAL,CRITICAL
67,25,27,85,1,0,1,1,0,other,NONE,CRITICAL
39,97,16,95,0,0,0,0,0,other,NONE,LOW
43,160,32,86,2,0,0,0,1,cardiac,NONE,CRITICAL
65,147,27,85,1,0,0,1,1,stroke,NONE,CRITICAL
30,145,29,85,3,1,1,1,0,trauma,ROAD,CRITICAL
79,143,25,91,1,0,0,0,1,stroke,NONE,HIGH
39,154,30,85,0,1,2,0,0,accident,INDUSTRIAL,CRITICAL
58,69,14,97,0,0,0,0,0,accident,FALL,LOW
62,86,12,94,0,0,0,1,0,respiratory,NONE,LOW
78,109,13,96,0,0,0,0,0,cardiac,NONE,LOW
19,126,25,90,1,1,1,1,1,fire,FIRE,HIGH
46,124,22,89,1,1,3,1,0,accident,ROAD,HIGH
29,126,23,90,1,1,0,1,0,respiratory,NONE,HIGH
37,124,23,88,0,2,0,0,0,accident,ROAD,HIGH
74,147,28,86,3,0,0,1,0,respiratory,NONE,CRITICAL
45,127,27,88,0,0,1,0,0,trauma,INDUSTRIAL,HIGH
42,96,11,94,0,0,0,0,0,other,NONE,LOW
71,146,27,84,3,0,0,0,0,cardiac,NONE,CRITICAL
76,93,15,95,0,0,0,0,0,cardiac,NONE,LOW
32,55,19,95,0,1,0,0,0,accident,ROAD,MEDIUM
26,114,21,94,0,1,1,0,0,accident,FALL,LOW
62,112,18,93,0,0,0,0,0,accident,ROAD,MEDIUM
41,117,18,94,0,0,0,1,0,respiratory,NONE,MEDIUM
57,112,17,93,0,0,1,0,0,fire,FIRE,MEDIUM
42,131,21,89,0,0,0,0,0,other,OTHER,HIGH
42,86,15,97,0,0,0,0,0,other,NONE,LOW
47,116,18,93,0,0,0,1,0,respiratory,NONE,MEDIUM
25,109,23,92,0,0,1,0,0,accident,FALL,MEDIUM
32,152,29,84,0,1,3,0,0,trauma,FALL,CRITICAL
79,133,21,90,0,1,1,1,0,accident,FALL,HIGH
17,150,29,85,1,0,0,1,0,other,OTHER,CRITICAL
45,104,20,95,1,2,1,0,0,accident,ROAD,MEDIUM
67,153,30,85,2,0,0,0,0,stroke,NONE,CRITICAL
1,163,28,85,1,2,3,1,1,accident,INDUSTRIAL,CRITICAL
67,86,17,94,0,0,0,0,0,other,NONE,LOW
77,104,16,97,0,0,1,1,0,stroke,NONE,LOW
29,105,16,93,0,0,2,0,0,trauma,INDUSTRIAL,MEDIUM
65,139,22,91,0,0,0,1,0,cardiac,NONE,HIGH
83,123,21,91,1,0,0,0,0,respiratory,NONE,HIGH
22,127,19,89,0,2,0,1,1,respiratory,NONE,HIGH
69,29,23,91,0,0,1,0,0,stroke,NONE,HIGH
28,151,31,84,1,2,0,0,1,accident,FALL,CRITICAL
75,25,30,86,3,1,1,1,1,cardiac,NONE,CRITICAL
44,133,25,90,2,3,1,0,0,trauma,ROAD,HIGH
45,109,15,94,0,0,0,0,1,cardiac,NONE,MEDIUM
39,145,26,86,2,1,0,0,1,cardiac,NONE,CRITICAL
30,87,19,95,0,1,0,0,0,fire,FIRE,LOW
63,93,10,95,0,0,0,0,0,accident,FALL,LOW
25,114,19,95,0,0,1,0,1,other,OTHER,MEDIUM
15,145,29,85,3,0,1,1,0,other,NONE,CRITICAL
61,131,22,91,0,3,3,1,0,fire,FIRE,HIGH
28,105,20,94,0,2,1,0,0,accident,ROAD,MEDIUM
31,74,16,96,0,2,0,0,0,trauma,OTHER,LOW
56,128,26,88,1,0,0,0,1,stroke,NONE,CRITICAL
35,138,24,89,3,0,1,1,0,trauma,INDUSTRIAL,HIGH
60,147,29,85,3,0,0,1,0,stroke,NONE,CRITICAL
53,124,24,91,0,0,0,1,1,respiratory,NONE,HIGH
41,136,27,90,1,0,0,0,0,other,OTHER,HIGH
56,123,24,91,3,1,0,1,0,respiratory,NONE,HIGH
74,147,27,85,3,1,0,1,1,cardiac,NONE,CRITICAL
37,123,22,90,0,3,0,0,1,accident,ROAD,HIGH
3,93,13,97,0,0,1,0,0,trauma,FALL,LOW
77,108,23,95,0,0,2,0,1,cardiac,NONE,MEDIUM
56,110,16,95,0,1,1,0,0,accident,ROAD,MEDIUM
42,105,23,93,0,1,0,0,0,trauma,FALL,MEDIUM
47,25,29,84,1,0,1,1,0,respiratory,NONE,CRITICAL
27,96,14,97,0,0,0,0,0,other,NONE,LOW
99,105,19,93,0,0,1,0,0,accident,FALL,MEDIUM
37,92,18,96,0,0,0,0,0,trauma,INDUSTRIAL,LOW
36,106,18,94,0,0,1,0,0,trauma,INDUSTRIAL,MEDIUM
17,116,20,94,0,0,0,0,0,respiratory,NONE,MEDIUM
46,87,16,96,0,0,0,0,0,cardiac,NONE,LOW
45,86,17,97,0,0,1,0,0,fire,FIRE,LOW
25,123,26,89,0,3,3,1,1,accident,ROAD,HIGH
21,130,23,89,2,2,2,1,0,accident,ROAD,HIGH
29,72,14,97,0,0,0,0,1,other,OTHER,LOW
36,132,21,88,2,2,0,1,0,respiratory,NONE,HIGH
35,130,24,90,2,0,2,1,0,stroke,NONE,HIGH
35,93,16,96,0,0,0,0,0,other,OTHER,LOW
97,109,17,93,0,0,0,0,1,cardiac,NONE,MEDIUM
60,111,19,92,0,1,1,0,1,accident,ROAD,MEDIUM
12,70,13,97,0,0,0,0,0,other,OTHER,LOW
21,25,27,83,2,3,2,1,1,accident,ROAD,CRITICAL
55,147,27,86,3,1,1,0,1,cardiac,NONE,CRITICAL
49,126,27,90,2,0,1,1,1,cardiac,NONE,HIGH
65,142,31,86,3,0,0,1,1,stroke,NONE,CRITICAL
36,123,25,91,1,2,1,1,0,fire,FIRE,HIGH
57,93,19,97,0,0,0,0,0,trauma,INDUSTRIAL,LOW
32,97,17,97,0,0,0,0,0,accident,INDUSTRIAL,LOW
35,88,15,97,0,0,0,1,0,accident,INDUSTRIAL,LOW
40,126,18,90,2,0,0,1,0,stroke,NONE,HIGH
70,111,19,92,0,0,0,1,0,respiratory,NONE,MEDIUM
2,36,25,88,2,3,2,0,0,accident,FALL,HIGH
47,41,21,91,1,1,0,0,1,stroke,NONE,HIGH
46,124,27,90,0,1,0,0,0,other,OTHER,HIGH
16,107,20,94,0,0,0,0,0,respiratory,NONE,MEDIUM
18,93,20,97,0,0,0,0,0,other,OTHER,LOW
37,138,27,90,0,0,0,1,1,cardiac,NONE,HIGH
1,25,33,83,1,3,3,0,0,accident,ROAD,CRITICAL
29,112,21,94,0,1,2,0,0,accident,ROAD,MEDIUM
40,25,27,91,0,2,1,0,0,trauma,FALL,HIGH
1,66,16,97,0,0,0,0,0,other,OTHER,LOW
57,60,20,93,0,0,1,0,0,respiratory,NONE,MEDIUM
47,130,27,90,1,0,1,0,0,respiratory,NONE,HIGH
37,143,30,84,2,3,2,0,0,trauma,ROAD,CRITICAL
51,108,21,90,0,2,0,0,0,fire,FIRE,MEDIUM
29,88,15,97,0,0,0,0,0,fire,FIRE,LOW
53,99,13,96,0,0,0,0,0,other,NONE,LOW
43,139,24,90,1,2,3,1,0,trauma,INDUSTRIAL,HIGH
32,50,19,93,0,0,0,1,0,respiratory,NONE,MEDIUM
29,108,19,94,0,0,0,0,0,respiratory,NONE,MEDIUM
24,129,25,90,0,2,1,0,1,trauma,INDUSTRIAL,HIGH
43,111,22,93,0,0,0,0,0,other,OTHER,MEDIUM
68,127,24,90,1,1,0,0,1,cardiac,NONE,HIGH
34,109,14,93,1,0,0,0,0,other,NONE,MEDIUM
80,57,20,95,0,0,0,0,1,cardiac,NONE,MEDIUM
66,130,26,91,0,1,2,1,0,accident,ROAD,HIGH
7,90,13,96,0,1,1,0,0,accident,ROAD,LOW
85,44,22,91,0,1,1,1,0,fire,FIRE,MEDIUM
1,159,34,83,0,0,2,1,0,fire,FIRE,CRITICAL
67,112,18,94,0,0,0,0,0,stroke,NONE,MEDIUM
38,31,23,90,2,0,0,1,0,respiratory,NONE,HIGH
52,56,21,95,0,0,0,1,0,cardiac,NONE,MEDIUM
38,147,30,82,2,0,0,1,1,cardiac,NONE,CRITICAL
24,135,22,90,3,3,3,0,0,trauma,FALL,HIGH
99,108,15,93,0,0,0,1,1,cardiac,NONE,MEDIUM
61,129,18,92,0,0,1,0,0,other,OTHER,MEDIUM
43,98,21,97,0,0,0,0,0,other,NONE,LOW
31,53,23,94,0,0,0,0,0,other,NONE,MEDIUM
59,117,21,92,0,0,0,0,0,accident,ROAD,MEDIUM
42,39,24,90,1,1,0,1,0,respiratory,NONE,HIGH
29,137,20,90,0,1,2,1,0,trauma,FALL,HIGH
1,88,17,95,0,1,0,0,0,other,NONE,LOW
83,104,14,97,0,0,0,0,1,cardiac,NONE,LOW
5,36,27,91,0,0,3,0,0,accident,ROAD,HIGH
21,90,13,96,0,0,0,0,0,accident,ROAD,LOW
38,112,18,94,0,0,0,0,0,stroke,NONE,MEDIUM
28,95,13,95,0,0,0,0,0,respiratory,NONE,LOW
54,124,24,89,0,0,2,0,1,accident,ROAD,HIGH
83,111,18,93,0,0,0,0,0,fire,FIRE,MEDIUM
24,77,16,97,0,0,0,0,0,other,NONE,LOW
55,128,24,91,2,0,0,1,1,cardiac,NONE,HIGH
15,122,23,94,1,0,0,0,0,other,NONE,MEDIUM
74,107,18,94,0,0,3,0,0,trauma,ROAD,MEDIUM
99,105,23,94,1,0,2,1,1,cardiac,NONE,LOW
63,104,22,95,0,2,1,0,0,trauma,FALL,MEDIUM
59,148,29,85,3,0,1,0,1,cardiac,NONE,CRITICAL
64,148,28,85,2,0,0,0,1,cardiac,NONE,CRITICAL
22,147,31,85,3,0,0,1,1,trauma,OTHER,CRITICAL
35,78,15,96,0,0,0,0,0,accident,ROAD,LOW
73,142,28,84,3,0,1,1,1,cardiac,NONE,CRITICAL
73,77,11,97,0,0,0,0,0,stroke,NONE,LOW
48,155,29,84,1,0,0,1,1,cardiac,NONE,CRITICAL
19,133,25,91,0,0,2,1,0,other,OTHER,HIGH
43,144,31,86,3,2,2,1,0,accident,FALL,CRITICAL
50,142,26,85,3,3,3,1,0,accident,ROAD,CRITICAL
40,105,19,94,0,1,1,0,1,fire,FIRE,MEDIUM
7,25,28,85,1,3,3,1,0,fire,FIRE,CRITICAL
56,93,13,97,0,1,0,0,0,accident,ROAD,LOW
16,115,21,95,0,0,0,0,0,other,NONE,MEDIUM
32,98,19,97,0,0,0,0,0,fire,FIRE,LOW
28,152,31,86,3,1,3,0,0,accident,ROAD,CRITICAL
32,123,21,90,0,0,0,1,0,other,NONE,HIGH
52,123,25,91,0,1,1,1,0,fire,FIRE,HIGH
32,105,17,95,0,0,0,1,0,other,NONE,MEDIUM
60,55,15,94,0,0,0,0,1,cardiac,NONE,MEDIUM
6,129,23,90,0,3,1,1,1,trauma,FALL,HIGH
37,114,24,93,0,1,0,1,0,accident,FALL,MEDIUM
50,143,31,84,3,0,1,1,0,stroke,NONE,CRITICAL
6,132,22,90,1,0,1,0,0,accident,INDUSTRIAL,HIGH
61,153,32,83,3,0,0,1,0,respiratory,NONE,CRITICAL
34,41,25,87,1,0,0,0,1,other,OTHER,HIGH
30,55,16,96,0,0,1,0,0,accident,ROAD,LOW
80,151,28,84,3,3,1,0,1,trauma,OTHER,CRITICAL
20,94,16,94,0,0,1,0,0,trauma,ROAD,LOW
55,148,26,83,1,0,2,1,0,stroke,NONE,CRITICAL
81,76,18,97,0,1,1,0,0,accident,ROAD,LOW
25,114,19,94,0,0,0,0,0,accident,ROAD,MEDIUM
18,97,14,97,0,1,0,0,0,accident,ROAD,LOW
54,123,25,88,0,0,0,1,0,respiratory,NONE,HIGH
41,124,28,89,0,2,0,1,0,accident,FALL,HIGH
6,25,31,86,1,0,1,0,0,trauma,OTHER,CRITICAL
46,58,18,95,0,0,0,0,0,other,NONE,MEDIUM
24,112,20,93,0,0,0,0,0,trauma,OTHER,MEDIUM
23,69,13,95,0,0,0,0,0,other,OTHER,LOW
31,143,29,84,1,0,0,0,1,cardiac,NONE,CRITICAL
48,155,26,84,3,2,3,0,0,accident,ROAD,CRITICAL
29,59,19,94,0,1,3,0,0,accident,ROAD,MEDIUM
16,94,16,95,0,0,0,0,0,other,OTHER,LOW
56,151,31,84,3,1,0,1,1,accident,ROAD,CRITICAL
46,133,27,87,3,0,1,0,1,stroke,NONE,HIGH
6,91,10,96,0,1,0,0,0,accident,INDUSTRIAL,LOW
54,51,22,95,0,1,0,0,0,accident,ROAD,MEDIUM
25,124,20,90,1,0,1,1,0,respiratory,NONE,HIGH
79,90,15,97,0,0,1,0,0,other,NONE,LOW
7,122,29,91,2,1,1,0,0,other,OTHER,HIGH
66,122,26,88,0,0,0,1,1,cardiac,NONE,HIGH
43,153,28,85,3,0,0,1,1,cardiac,NONE,CRITICAL
9,106,19,95,0,1,0,0,0,accident,FALL,MEDIUM
65,88,14,97,0,2,0,0,0,accident,FALL,LOW
53,126,24,90,0,2,3,1,0,fire,FIRE,HIGH
67,104,23,94,0,1,0,0,0,accident,INDUSTRIAL,MEDIUM
61,25,26,86,1,0,1,1,0,stroke,NONE,CRITICAL
49,109,20,94,1,0,1,0,1,cardiac,NONE,MEDIUM
73,126,26,91,1,0,0,0,0,respiratory,NONE,HIGH
1,77,21,96,0,0,0,0,0,other,NONE,LOW
62,123,27,90,0,0,1,1,1,stroke,NONE,HIGH
74,127,24,87,1,0,0,1,0,stroke,NONE,HIGH
65,113,19,94,0,1,0,0,0,fire,FIRE,MEDIUM
77,146,28,85,3,0,0,1,0,cardiac,NONE,CRITICAL
26,66,18,94,0,0,0,0,0,accident,FALL,LOW
17,133,27,89,1,1,3,0,0,fire,FIRE,HIGH
24,25,31,84,3,3,3,1,0,accident,ROAD,CRITICAL
49,104,18,95,0,0,0,0,1,cardiac,NONE,MEDIUM
40,121,19,94,1,0,0,0,0,accident,ROAD,MEDIUM
57,31,24,89,0,1,0,0,0,other,NONE,HIGH
61,25,27,84,2,2,0,0,1,stroke,NONE,CRITICAL
71,114,20,94,0,0,0,1,0,cardiac,NONE,MEDIUM
66,170,32,85,3,0,0,1,1,respiratory,NONE,CRITICAL
33,89,16,95,0,0,0,0,0,other,NONE,LOW
36,105,17,94,1,0,0,0,0,respiratory,NONE,MEDIUM
74,127,23,91,0,1,0,0,1,cardiac,NONE,HIGH
54,131,26,91,1,0,0,1,0,stroke,NONE,HIGH
49,127,23,88,0,1,0,1,1,cardiac,NONE,HIGH
38,113,16,93,0,0,1,0,1,other,NONE,MEDIUM
43,127,26,90,1,0,0,0,0,stroke,NONE,HIGH
73,54,21,92,0,0,1,0,1,cardiac,NONE,MEDIUM
64,58,21,94,0,1,0,0,0,accident,FALL,MEDIUM
51,133,24,90,1,0,0,1,0,respiratory,NONE,HIGH
77,87,15,94,0,0,0,0,0,cardiac,NONE,LOW
38,90,12,97,0,0,0,0,0,other,NONE,LOW
41,144,30,86,3,3,3,1,0,fire,FIRE,CRITICAL
45,68,15,95,0,0,0,0,0,other,OTHER,LOW
75,103,18,96,0,0,0,0,0,fire,FIRE,LOW
32,127,19,90,0,0,0,0,0,other,NONE,HIGH
97,127,23,91,0,0,0,0,0,stroke,NONE,HIGH
25,124,24,91,0,0,0,0,1,cardiac,NONE,HIGH
70,123,26,91,1,0,0,1,1,cardiac,NONE,HIGH
35,115,19,94,0,1,1,0,1,accident,ROAD,MEDIUM
68,25,28,84,3,0,0,0,1,cardiac,NONE,CRITICAL
60,119,15,93,0,0,2,1,0,accident,ROAD,MEDIUM
51,89,14,95,0,0,0,1,0,other,NONE,LOW
54,108,17,95,0,1,0,0,1,accident,ROAD,MEDIUM
4,134,18,89,1,2,3,0,0,accident,ROAD,HIGH
19,115,21,95,0,0,0,1,0,respiratory,NONE,MEDIUM
70,124,25,91,2,2,3,1,0,accident,ROAD,HIGH
99,95,10,96,0,0,0,0,0,cardiac,NONE,LOW
2,93,16,97,0,0,0,0,0,other,OTHER,LOW
12,132,24,89,1,2,0,1,0,trauma,INDUSTRIAL,HIGH
20,71,17,97,0,0,0,0,1,other,NONE,LOW
34,89,17,97,0,0,0,0,0,accident,ROAD,LOW
37,129,20,91,2,1,1,1,0,trauma,INDUSTRIAL,HIGH
40,106,18,95,1,1,1,0,0,accident,INDUSTRIAL,MEDIUM
41,111,18,95,0,0,0,0,0,respiratory,NONE,MEDIUM
50,49,22,93,0,2,1,0,0,trauma,FALL,MEDIUM
13,74,17,96,0,1,0,0,0,trauma,ROAD,LOW
23,105,19,93,0,1,3,0,1,fire,FIRE,MEDIUM
58,125,24,91,0,0,1,1,0,respiratory,NONE,HIGH
60,89,15,96,0,0,2,0,0,accident,ROAD,LOW
72,72,19,93,0,0,0,0,0,other,OTHER,LOW
45,149,26,84,3,0,3,1,0,fire,FIRE,CRITICAL
80,159,26,84,2,1,1,1,1,cardiac,NONE,CRITICAL
5,127,23,89,1,2,3,0,0,accident,FALL,HIGH
42,108,23,94,1,1,0,0,0,fire,FIRE,MEDIUM
30,100,16,96,0,0,0,0,0,other,OTHER,LOW
25,89,14,95,0,0,0,0,0,accident,ROAD,LOW
1,93,17,97,0,2,1,0,0,accident,FALL,LOW
42,109,19,94,0,0,0,1,0,respiratory,NONE,MEDIUM
42,40,24,90,1,0,0,0,0,other,OTHER,HIGH
30,134,21,90,0,1,0,0,1,respiratory,NONE,HIGH
40,140,17,89,0,0,0,1,1,cardiac,NONE,HIGH
51,59,19,93,0,0,1,0,0,cardiac,NONE,MEDIUM
99,125,25,91,0,1,1,1,1,cardiac,NONE,HIGH
37,86,15,95,0,0,0,0,0,other,NONE,LOW
77,140,28,91,1,0,3,1,0,trauma,ROAD,HIGH
24,140,23,88,0,0,0,0,1,other,OTHER,HIGH
32,111,22,93,1,0,3,0,0,fire,FIRE,MEDIUM
63,50,19,94,0,0,0,0,1,stroke,NONE,MEDIUM
45,154,29,85,1,1,1,0,0,cardiac,NONE,CRITICAL
41,128,22,90,0,0,0,1,0,other,NONE,HIGH
55,95,19,94,0,0,0,0,0,accident,INDUSTRIAL,LOW
62,113,20,93,0,0,0,0,0,cardiac,NONE,MEDIUM
99,151,31,84,1,1,0,1,0,cardiac,NONE,CRITICAL
59,125,24,91,1,0,1,1,1,cardiac,NONE,HIGH
62,113,15,94,0,3,2,0,0,accident,ROAD,MEDIUM
65,96,18,97,0,0,0,1,0,respiratory,NONE,LOW
62,108,23,94,1,0,0,1,0,cardiac,NONE,MEDIUM
52,127,26,90,1,0,0,0,0,stroke,NONE,HIGH
6,67,14,95,0,1,0,0,0,trauma,INDUSTRIAL,LOW
10,110,20,92,1,0,1,0,0,trauma,OTHER,MEDIUM
54,48,23,92,0,0,1,1,0,respiratory,NONE,MEDIUM
77,144,31,86,1,3,3,1,0,accident,ROAD,CRITICAL
49,117,19,90,0,0,1,0,0,stroke,NONE,MEDIUM
78,125,24,90,0,0,0,1,0,stroke,NONE,HIGH
28,126,24,91,0,2,1,0,0,accident,INDUSTRIAL,HIGH
17,57,22,92,0,0,0,0,0,other,OTHER,MEDIUM
50,143,26,91,1,1,1,0,0,stroke,NONE,HIGH
52,123,28,91,0,0,0,0,0,stroke,NONE,HIGH
37,89,17,97,0,0,0,0,0,other,OTHER,LOW
18,95,18,97,0,2,1,0,0,accident,ROAD,LOW
51,150,27,86,0,0,0,0,1,stroke,NONE,CRITICAL
61,87,14,96,0,0,0,0,0,cardiac,NONE,LOW
48,114,19,96,0,0,0,0,0,accident,ROAD,LOW
13,116,22,93,0,1,1,1,0,trauma,OTHER,MEDIUM
92,130,24,91,0,0,0,1,0,respiratory,NONE,HIGH
21,117,24,94,0,0,0,0,0,stroke,NONE,MEDIUM
50,106,20,92,0,0,0,0,0,respiratory,NONE,MEDIUM
12,127,21,91,1,0,0,0,1,respiratory,NONE,HIGH
22,123,20,94,0,2,2,0,0,accident,FALL,MEDIUM
58,73,13,97,0,0,1,0,0,fire,FIRE,LOW
54,124,24,91,1,0,2,1,1,accident,ROAD,HIGH
36,107,25,95,0,1,0,0,0,accident,FALL,MEDIUM
69,92,21,96,0,1,0,0,1,cardiac,NONE,LOW
65,122,23,91,3,2,3,0,0,trauma,OTHER,HIGH
70,106,26,93,0,0,3,0,0,accident,ROAD,MEDIUM
92,55,16,94,0,0,0,1,0,other,OTHER,MEDIUM
29,109,18,94,0,0,0,0,0,other,NONE,MEDIUM
60,113,24,93,0,0,0,0,1,cardiac,NONE,HIGH
52,25,27,85,2,3,3,1,1,accident,ROAD,CRITICAL
60,144,33,85,2,0,1,0,0,stroke,NONE,CRITICAL
56,104,20,93,0,1,0,0,0,accident,FALL,MEDIUM
83,104,16,97,0,0,0,1,0,respiratory,NONE,LOW
31,89,16,96,0,0,0,0,0,other,OTHER,LOW
15,87,19,96,0,0,0,0,0,other,NONE,LOW
35,112,16,95,0,1,3,0,0,trauma,OTHER,MEDIUM
25,146,31,83,3,2,2,1,1,fire,FIRE,CRITICAL
10,136,24,89,3,0,1,1,0,trauma,FALL,HIGH
55,130,23,88,1,0,0,0,1,stroke,NONE,HIGH
49,25,28,85,3,0,1,0,1,accident,INDUSTRIAL,HIGH
74,124,27,90,2,1,0,0,0,cardiac,NONE,HIGH
23,39,23,89,1,0,2,0,1,accident,ROAD,HIGH
33,28,20,90,0,1,1,1,0,other,NONE,HIGH
55,94,14,97,0,1,0,0,0,other,OTHER,LOW
63,59,21,93,0,0,1,1,0,accident,ROAD,MEDIUM
58,25,30,91,2,0,1,1,0,respiratory,NONE,HIGH
76,112,25,93,0,1,1,0,0,accident,ROAD,MEDIUM
1,146,28,85,0,1,3,1,1,accident,FALL,CRITICAL
18,56,18,95,0,0,0,0,0,other,NONE,MEDIUM
5,88,14,96,0,0,1,0,0,other,NONE,LOW
58,123,22,90,3,0,0,0,0,cardiac,NONE,HIGH
29,149,29,84,1,0,1,1,0,respiratory,NONE,CRITICAL
75,116,17,95,0,0,2,0,0,cardiac,NONE,MEDIUM
50,127,26,91,0,0,2,0,1,other,NONE,HIGH
79,131,23,90,3,0,0,0,1,cardiac,NONE,HIGH
39,107,23,93,0,1,1,0,0,accident,ROAD,MEDIUM
62,148,29,85,3,2,2,1,0,accident,ROAD,CRITICAL
43,38,25,90,2,1,0,0,1,cardiac,NONE,HIGH
72,127,21,89,0,0,0,1,1,cardiac,NONE,HIGH
75,130,26,89,2,1,0,0,1,cardiac,NONE,HIGH
40,25,29,86,3,0,1,1,0,stroke,NONE,CRITICAL
50,77,13,96,0,0,0,0,0,other,OTHER,MEDIUM
2,155,29,83,0,3,3,1,0,fire,FIRE,CRITICAL
46,118,19,95,1,0,0,0,1,cardiac,NONE,MEDIUM
27,127,25,89,2,0,2,0,0,fire,FIRE,HIGH
17,110,20,95,0,1,3,0,0,accident,ROAD,MEDIUM
24,124,23,90,0,0,0,0,1,respiratory,NONE,HIGH
55,91,14,96,0,0,0,0,0,other,OTHER,LOW
66,146,27,84,3,1,0,1,0,stroke,NONE,CRITICAL
22,147,32,85,3,0,2,0,0,cardiac,NONE,CRITICAL
52,93,15,97,0,0,0,0,0,respiratory,NONE,LOW
43,124,21,91,0,0,2,1,1,cardiac,NONE,HIGH
82,160,28,84,0,1,1,1,0,cardiac,NONE,CRITICAL
20,143,28,85,3,2,3,1,1,fire,FIRE,CRITICAL
68,146,27,85,2,0,0,1,0,respiratory,NONE,CRITICAL
52,110,22,94,0,1,2,0,0,accident,INDUSTRIAL,MEDIUM
32,157,30,85,1,1,0,1,1,stroke,NONE,CRITICAL
15,105,21,91,1,0,0,0,0,respiratory,NONE,MEDIUM
39,105,17,93,1,0,0,0,0,trauma,ROAD,MEDIUM
61,111,22,92,1,0,1,0,1,cardiac,NONE,MEDIUM
34,131,22,91,0,0,0,1,1,respiratory,NONE,HIGH
38,147,29,84,1,0,1,0,1,cardiac,NONE,HIGH
68,96,18,97,0,1,1,0,0,accident,FALL,LOW
2,127,26,91,1,0,0,1,0,respiratory,NONE,HIGH
43,128,26,89,1,0,1,0,0,trauma,FALL,HIGH
81,140,25,90,1,0,0,0,0,stroke,NONE,HIGH
4,148,32,84,3,3,1,0,0,trauma,ROAD,CRITICAL
10,67,14,97,0,0,0,0,0,other,NONE,LOW
67,98,17,95,0,1,0,0,0,accident,ROAD,LOW
52,25,28,84,3,0,0,1,0,other,OTHER,CRITICAL
1,149,33,85,3,2,3,1,0,trauma,FALL,CRITICAL
43,130,22,88,1,0,0,1,1,cardiac,NONE,HIGH
50,112,23,94,0,0,0,0,0,other,OTHER,MEDIUM
10,122,30,90,1,0,1,1,0,other,NONE,HIGH
71,128,20,90,0,1,0,0,1,cardiac,NONE,HIGH
39,59,21,94,0,1,0,0,0,stroke,NONE,MEDIUM
29,111,24,94,0,0,0,1,0,respiratory,NONE,MEDIUM
57,127,23,87,1,2,3,1,0,accident,FALL,HIGH
36,137,23,91,0,2,2,0,0,trauma,ROAD,HIGH
63,149,28,84,0,0,0,0,1,cardiac,NONE,CRITICAL
22,138,22,89,0,2,1,1,0,trauma,INDUSTRIAL,HIGH
57,96,18,97,0,0,0,0,0,other,OTHER,LOW
68,25,28,85,2,1,2,1,0,respiratory,NONE,CRITICAL
56,113,19,95,1,0,0,0,0,other,NONE,MEDIUM
1,124,21,91,1,1,2,1,0,accident,ROAD,HIGH
26,109,25,94,0,0,0,1,0,respiratory,NONE,MEDIUM
6,112,20,95,0,0,2,1,0,accident,ROAD,MEDIUM
29,52,18,92,0,1,1,0,0,accident,ROAD,MEDIUM
39,95,14,96,0,0,2,0,0,trauma,OTHER,LOW
54,76,17,96,0,0,1,0,0,trauma,ROAD,LOW
44,118,20,95,0,1,1,0,1,respiratory,NONE,MEDIUM
52,90,17,97,0,1,0,0,0,accident,ROAD,LOW
57,107,18,93,0,2,1,0,0,trauma,OTHER,MEDIUM
41,25,31,85,2,1,3,1,1,accident,ROAD,CRITICAL
55,53,20,94,0,1,0,0,1,cardiac,NONE,MEDIUM
53,123,20,91,1,2,1,0,0,accident,ROAD,HIGH
24,59,19,95,0,0,0,1,0,fire,FIRE,LOW
28,110,22,94,0,0,3,1,1,respiratory,NONE,MEDIUM
46,108,19,94,0,0,0,1,0,fire,FIRE,MEDIUM
61,113,17,95,0,0,0,1,1,other,NONE,MEDIUM
38,115,21,95,1,1,1,0,0,accident,ROAD,MEDIUM
71,108,21,94,0,3,1,0,0,accident,ROAD,MEDIUM
35,117,26,94,1,0,0,0,1,accident,ROAD,MEDIUM
42,113,17,95,1,1,0,0,1,other,OTHER,MEDIUM
42,155,26,84,0,0,0,1,1,respiratory,NONE,CRITICAL
37,97,15,97,0,0,0,0,0,other,NONE,MEDIUM
55,59,20,92,0,0,2,1,0,other,OTHER,MEDIUM
43,89,14,96,1,0,0,0,0,trauma,INDUSTRIAL,LOW
21,25,25,82,2,0,0,1,0,respiratory,NONE,HIGH
59,123,28,90,1,1,0,1,1,accident,ROAD,HIGH
38,70,17,95,0,0,0,1,0,other,NONE,LOW
38,127,20,94,0,1,0,1,0,respiratory,NONE,MEDIUM
55,116,15,95,0,0,3,1,1,accident,ROAD,HIGH
56,124,23,89,1,0,2,0,0,accident,INDUSTRIAL,HIGH
8,147,29,83,1,2,3,1,0,trauma,INDUSTRIAL,CRITICAL
64,89,14,97,0,0,0,0,0,trauma,OTHER,LOW
39,55,14,97,0,0,0,0,0,fire,FIRE,LOW
21,126,27,88,2,0,0,1,0,cardiac,NONE,HIGH
71,41,26,86,1,2,3,0,1,fire,FIRE,HIGH
81,128,24,91,0,0,0,1,1,cardiac,NONE,HIGH
68,57,23,94,0,0,0,0,0,respiratory,NONE,MEDIUM
79,88,14,97,0,0,0,0,0,other,OTHER,LOW
50,106,17,93,0,0,0,1,0,other,NONE,MEDIUM
37,36,25,91,0,1,2,1,0,other,NONE,HIGH
1,64,18,97,0,0,0,0,0,other,OTHER,LOW
40,62,17,95,0,0,0,0,0,other,OTHER,LOW
51,90,15,96,0,1,0,0,0,other,OTHER,LOW
84,106,20,94,0,0,1,0,0,cardiac,NONE,MEDIUM
80,25,31,84,3,0,0,0,0,cardiac,NONE,CRITICAL
57,146,25,87,1,3,2,1,1,trauma,INDUSTRIAL,HIGH
34,69,16,97,0,0,0,1,0,respiratory,NONE,MEDIUM
43,56,20,93,1,1,1,0,0,trauma,FALL,MEDIUM
50,113,23,94,0,0,0,1,0,respiratory,NONE,MEDIUM
16,104,23,93,1,0,0,0,0,other,OTHER,MEDIUM
66,37,26,91,0,0,0,1,1,cardiac,NONE,HIGH
78,157,28,85,3,0,0,1,1,cardiac,NONE,CRITICAL
95,126,25,90,0,0,0,0,1,cardiac,NONE,HIGH
72,88,13,96,0,0,0,0,0,cardiac,NONE,LOW
34,122,18,88,1,0,0,1,0,other,OTHER,HIGH
6,150,28,85,1,1,2,1,0,other,NONE,CRITICAL
4,34,24,90,0,1,1,1,0,fire,FIRE,HIGH
23,117,15,93,0,1,3,0,1,accident,FALL,MEDIUM
69,127,24,91,0,3,3,0,1,trauma,FALL,HIGH
69,34,26,91,2,1,1,0,0,accident,FALL,HIGH
21,90,14,96,0,1,1,0,1,accident,ROAD,LOW
64,39,24,90,2,1,2,1,0,accident,FALL,HIGH
1,113,19,95,0,0,1,0,0,other,NONE,MEDIUM
45,109,18,94,0,0,0,0,0,other,NONE,MEDIUM
65,118,22,95,0,1,0,1,0,trauma,ROAD,MEDIUM
50,31,24,90,2,0,1,0,1,cardiac,NONE,HIGH
47,145,28,86,3,1,0,1,1,cardiac,NONE,CRITICAL
44,114,18,94,0,0,1,0,0,trauma,FALL,MEDIUM
86,122,24,91,0,3,2,1,0,fire,FIRE,HIGH
13,110,18,95,0,0,0,0,0,accident,ROAD,MEDIUM
42,59,17,95,1,0,2,0,0,accident,ROAD,MEDIUM
26,94,14,96,0,0,1,1,0,fire,FIRE,LOW
65,87,14,97,0,0,0,0,1,cardiac,NONE,LOW
40,151,30,84,3,3,3,0,0,accident,INDUSTRIAL,CRITICAL
21,128,24,91,0,1,3,1,0,accident,ROAD,HIGH
60,67,15,97,0,0,0,0,0,respiratory,NONE,LOW
28,114,22,93,0,0,1,0,0,accident,ROAD,MEDIUM
69,131,27,91,0,0,1,1,0,other,NONE,HIGH
6,90,17,97,0,0,0,0,0,other,NONE,LOW
68,109,18,95,0,0,0,1,0,other,NONE,MEDIUM
25,108,21,92,0,0,0,0,0,other,OTHER,MEDIUM
63,107,21,92,1,0,0,0,0,respiratory,NONE,LOW
33,127,26,91,0,0,1,1,0,respiratory,NONE,HIGH
39,157,31,85,2,0,1,1,1,fire,FIRE,CRITICAL
41,49,18,94,0,2,1,0,0,accident,ROAD,MEDIUM
52,109,19,94,0,1,0,0,0,other,OTHER,MEDIUM
77,146,27,86,1,0,2,0,1,cardiac,NONE,CRITICAL
99,104,22,94,0,0,0,0,0,stroke,NONE,MEDIUM
42,135,23,91,1,3,1,1,1,trauma,FALL,HIGH
54,142,29,84,1,2,1,1,0,accident,FALL,CRITICAL
67,108,23,93,0,0,1,0,0,trauma,ROAD,MEDIUM
39,87,24,95,0,0,0,0,0,other,OTHER,LOW
50,28,21,90,0,1,0,0,0,fire,FIRE,HIGH
30,111,18,93,0,0,2,0,0,trauma,FALL,MEDIUM
56,58,19,94,0,0,0,0,0,accident,ROAD,MEDIUM
6,56,17,91,0,0,0,0,0,cardiac,NONE,MEDIUM
23,115,13,93,0,1,2,1,0,trauma,ROAD,MEDIUM
1,41,26,89,2,0,0,0,0,other,NONE,HIGH
42,124,23,93,0,0,0,0,0,other,OTHER,MEDIUM
7,72,20,96,0,0,0,0,0,fire,FIRE,LOW
51,112,22,95,0,0,0,0,1,cardiac,NONE,MEDIUM
50,144,29,84,0,0,0,0,1,other,OTHER,CRITICAL
18,98,23,94,0,0,1,1,0,accident,ROAD,LOW
28,145,30,85,1,1,1,1,0,stroke,NONE,CRITICAL
37,38,20,90,0,1,3,0,1,accident,ROAD,HIGH
54,125,25,91,1,0,1,1,1,respiratory,NONE,HIGH
35,128,26,89,0,0,0,1,1,cardiac,NONE,HIGH
59,25,28,85,1,1,3,1,1,accident,ROAD,CRITICAL
75,34,29,91,0,1,0,1,0,stroke,NONE,HIGH
5,94,13,97,0,0,0,0,0,accident,FALL,LOW
48,25,29,84,3,3,3,0,1,accident,ROAD,CRITICAL
42,143,31,86,0,0,0,1,1,respiratory,NONE,CRITICAL
81,115,21,94,0,1,0,0,0,accident,ROAD,MEDIUM
73,123,24,90,1,0,0,0,1,cardiac,NONE,HIGH
31,101,19,96,0,0,0,0,0,accident,ROAD,LOW
12,57,22,92,0,2,1,0,0,accident,INDUSTRIAL,MEDIUM
43,123,17,89,1,0,0,1,0,respiratory,NONE,HIGH
33,110,20,92,0,0,0,0,0,accident,ROAD,MEDIUM
49,123,25,91,1,0,0,1,1,other,OTHER,HIGH
35,107,21,94,0,0,0,0,0,stroke,NONE,MEDIUM
27,94,14,97,0,0,0,0,0,trauma,ROAD,LOW
47,169,32,85,0,0,1,1,1,accident,FALL,CRITICAL
1,125,20,91,1,0,3,1,1,accident,INDUSTRIAL,HIGH
99,46,17,93,0,0,1,1,0,stroke,NONE,MEDIUM
37,86,15,96,0,0,0,0,0,other,NONE,LOW
39,93,13,96,0,0,1,0,0,accident,FALL,LOW
30,97,18,97,0,0,1,0,0,trauma,ROAD,LOW
46,39,21,89,1,0,1,0,1,stroke,NONE,HIGH
38,57,21,94,0,1,0,0,1,trauma,OTHER,MEDIUM
38,133,22,91,1,3,1,0,0,accident,ROAD,HIGH
99,154,28,85,1,0,0,1,1,cardiac,NONE,CRITICAL
78,133,23,90,0,0,2,1,0,trauma,OTHER,HIGH
46,91,22,95,0,0,0,0,0,trauma,FALL,LOW
52,95,12,97,0,0,0,0,0,cardiac,NONE,LOW
39,130,25,91,0,1,0,1,0,other,NONE,HIGH
82,146,30,82,3,0,0,1,1,stroke,NONE,CRITICAL
63,99,16,97,0,0,0,0,0,other,NONE,LOW
74,158,32,85,2,1,3,1,0,accident,ROAD,CRITICAL
22,53,18,93,0,1,2,0,0,accident,ROAD,MEDIUM
59,87,17,97,0,0,0,0,0,other,NONE,LOW
37,124,23,88,2,1,0,1,1,trauma,OTHER,HIGH
52,108,15,95,0,0,0,0,1,other,OTHER,MEDIUM
44,97,20,97,0,0,0,0,0,other,NONE,LOW
48,112,22,95,0,0,0,1,0,stroke,NONE,MEDIUM
1,29,28,90,0,1,0,0,0,accident,FALL,HIGH
52,100,14,96,0,0,0,0,0,other,OTHER,LOW
61,114,19,95,0,0,0,0,0,respiratory,NONE,MEDIUM
28,114,22,95,0,2,0,0,0,trauma,ROAD,MEDIUM
1,31,25,91,0,0,0,1,0,respiratory,NONE,HIGH
88,55,18,94,0,0,0,0,0,cardiac,NONE,MEDIUM
52,87,16,96,0,0,0,0,0,respiratory,NONE,LOW
48,144,29,85,1,0,0,1,1,cardiac,NONE,CRITICAL
44,121,20,95,0,0,1,1,0,cardiac,NONE,MEDIUM
23,100,17,96,0,0,0,1,0,accident,ROAD,LOW
27,146,31,86,3,0,3,0,1,accident,INDUSTRIAL,CRITICAL
44,106,22,94,0,0,1,0,0,other,NONE,MEDIUM
87,107,23,95,0,1,0,0,1,stroke,NONE,MEDIUM
19,145,29,86,2,0,1,1,0,respiratory,NONE,CRITICAL
52,25,26,84,2,1,1,1,0,respiratory,NONE,CRITICAL
93,105,19,93,0,0,0,0,1,cardiac,NONE,MEDIUM
37,142,32,86,0,0,2,1,0,respiratory,NONE,CRITICAL
19,95,17,97,0,1,1,0,0,trauma,OTHER,LOW
59,98,19,96,0,0,0,0,0,accident,FALL,LOW
99,42,20,91,0,0,0,0,1,cardiac,NONE,HIGH
26,116,21,94,0,0,0,0,0,other,OTHER,HIGH
26,87,15,97,1,0,1,0,0,trauma,INDUSTRIAL,LOW
43,108,18,95,1,2,1,1,1,trauma,OTHER,MEDIUM
37,100,16,97,0,0,0,0,0,fire,FIRE,LOW
47,42,24,88,0,2,2,1,0,fire,FIRE,HIGH
12,110,20,95,0,0,1,0,0,respiratory,NONE,MEDIUM
65,146,28,85,1,2,3,1,0,accident,ROAD,CRITICAL
27,143,26,85,1,3,1,1,0,accident,ROAD,CRITICAL
56,124,17,89,1,1,0,1,1,fire,FIRE,HIGH
40,94,12,97,0,0,0,0,0,other,NONE,LOW
15,111,21,95,0,0,1,0,1,other,OTHER,MEDIUM
47,72,17,95,0,0,0,1,0,respiratory,NONE,LOW
51,109,17,95,0,0,0,0,0,stroke,NONE,MEDIUM
13,25,27,84,3,3,2,0,1,accident,ROAD,CRITICAL
15,33,30,86,1,0,0,0,0,accident,ROAD,HIGH
61,114,23,93,0,0,0,1,0,other,NONE,MEDIUM
36,105,22,92,0,0,0,1,0,respiratory,NONE,MEDIUM
74,37,26,88,2,0,0,0,1,cardiac,NONE,HIGH
78,111,29,95,1,1,0,0,1,cardiac,NONE,MEDIUM
39,42,26,89,1,0,1,1,1,other,OTHER,HIGH
41,151,26,86,3,2,3,1,0,accident,ROAD,CRITICAL
34,142,27,82,1,1,0,1,1,respiratory,NONE,CRITICAL
42,132,26,91,1,2,3,0,1,trauma,OTHER,HIGH
19,121,26,94,0,1,1,1,0,trauma,FALL,MEDIUM
43,32,23,91,1,0,1,1,0,trauma,INDUSTRIAL,HIGH
11,135,21,90,1,0,0,0,1,respiratory,NONE,HIGH
43,89,15,95,0,0,0,0,0,other,NONE,LOW
76,105,15,95,1,0,1,1,0,trauma,ROAD,MEDIUM
20,86,20,94,0,0,0,0,0,accident,ROAD,LOW
43,91,17,95,0,0,1,0,0,fire,FIRE,LOW
51,123,23,89,0,2,1,0,0,trauma,ROAD,HIGH
56,86,17,94,0,0,0,0,0,other,NONE,LOW
76,37,23,90,1,1,1,0,0,stroke,NONE,HIGH
61,114,27,94,0,0,0,0,0,cardiac,NONE,MEDIUM
42,129,24,90,2,1,2,0,1,cardiac,NONE,HIGH
19,106,21,94,0,2,2,0,0,trauma,OTHER,MEDIUM
17,42,23,89,0,0,0,0,0,other,NONE,HIGH
95,136,26,91,3,0,1,0,0,stroke,NONE,HIGH
4,106,19,95,0,0,0,0,1,cardiac,NONE,MEDIUM
1,120,18,92,0,3,0,0,0,accident,ROAD,MEDIUM
1,105,19,93,0,0,0,1,0,respiratory,NONE,MEDIUM
56,147,30,85,3,0,0,0,0,cardiac,NONE,HIGH
67,25,27,85,1,0,0,1,1,cardiac,NONE,CRITICAL
52,127,22,89,0,0,0,1,1,cardiac,NONE,HIGH
81,105,14,92,0,0,0,0,1,cardiac,NONE,MEDIUM
52,116,20,93,0,1,0,1,0,fire,FIRE,MEDIUM
97,143,27,85,3,1,1,0,0,stroke,NONE,CRITICAL
15,125,20,91,0,0,0,1,1,respiratory,NONE,HIGH
55,118,22,94,0,0,0,0,0,respiratory,NONE,MEDIUM
61,152,37,85,2,3,0,1,0,trauma,FALL,CRITICAL
84,86,16,97,0,0,0,0,0,other,OTHER,LOW
72,92,15,96,0,0,0,0,0,other,OTHER,LOW
41,107,21,91,0,0,1,0,0,accident,ROAD,MEDIUM
13,137,25,89,2,0,1,1,1,respiratory,NONE,HIGH
62,109,15,94,0,0,0,0,0,respiratory,NONE,MEDIUM
81,123,27,91,1,0,0,0,0,other,OTHER,HIGH
91,149,29,85,3,0,0,1,0,stroke,NONE,CRITICAL
63,113,19,94,0,1,1,0,0,fire,FIRE,MEDIUM
86,124,24,90,0,0,0,1,1,cardiac,NONE,HIGH
25,157,27,85,1,2,1,1,1,respiratory,NONE,CRITICAL
31,114,20,94,0,2,0,1,0,accident,ROAD,MEDIUM
31,113,25,95,2,0,0,0,0,accident,INDUSTRIAL,MEDIUM
19,149,25,85,3,0,0,0,0,other,NONE,CRITICAL
54,147,29,86,3,3,3,1,1,accident,ROAD,CRITICAL
59,145,34,83,2,2,3,1,1,trauma,OTHER,CRITICAL
48,105,23,91,0,1,0,1,1,other,NONE,MEDIUM
28,108,18,95,1,1,3,0,0,accident,ROAD,MEDIUM
26,150,31,82,3,3,3,1,1,accident,INDUSTRIAL,CRITICAL
16,106,23,95,0,0,0,1,0,respiratory,NONE,MEDIUM
61,131,24,91,1,1,0,0,1,cardiac,NONE,HIGH
27,87,16,96,0,0,0,0,0,respiratory,NONE,LOW
17,57,21,93,0,0,0,0,0,respiratory,NONE,MEDIUM
24,108,19,93,1,0,1,1,0,accident,ROAD,MEDIUM
68,148,34,85,2,0,0,1,1,stroke,NONE,CRITICAL
55,87,14,97,0,0,0,0,0,other,OTHER,LOW
46,134,21,90,1,0,1,0,0,trauma,ROAD,HIGH
56,93,11,95,0,0,0,0,0,other,OTHER,LOW
19,94,16,95,0,1,0,0,0,accident,ROAD,LOW
44,103,16,96,0,0,0,0,0,trauma,FALL,LOW
53,68,20,96,0,0,1,0,0,accident,ROAD,LOW
52,95,14,96,0,0,0,0,0,accident,ROAD,LOW
62,122,22,91,0,0,0,0,1,cardiac,NONE,HIGH
43,130,23,91,2,2,1,0,1,trauma,INDUSTRIAL,HIGH
90,149,31,84,0,1,1,1,1,cardiac,NONE,CRITICAL
78,40,21,94,0,0,0,0,1,cardiac,NONE,MEDIUM
35,86,18,97,0,0,0,1,0,cardiac,NONE,LOW
34,145,26,85,0,1,1,1,1,fire,FIRE,CRITICAL
35,93,21,97,0,0,1,0,0,fire,FIRE,LOW
64,110,16,93,0,0,0,0,0,other,NONE,MEDIUM
73,91,17,93,0,0,0,0,0,other,OTHER,LOW
48,90,17,97,0,1,0,1,0,fire,FIRE,MEDIUM
56,64,17,96,0,0,1,0,0,accident,ROAD,LOW
57,146,24,84,3,0,1,0,0,stroke,NONE,CRITICAL
66,104,21,95,0,0,0,1,0,stroke,NONE,MEDIUM
1,89,18,94,0,0,0,0,0,other,OTHER,LOW
62,133,24,89,0,2,3,0,1,fire,FIRE,HIGH
48,115,12,92,0,0,0,0,1,cardiac,NONE,MEDIUM
73,120,18,93,0,0,0,0,0,cardiac,NONE,MEDIUM
15,149,26,84,1,1,3,0,0,trauma,INDUSTRIAL,CRITICAL
37,104,14,97,0,1,1,0,0,accident,INDUSTRIAL,LOW
42,125,26,91,0,0,0,1,1,cardiac,NONE,HIGH
31,106,19,95,0,0,2,1,0,trauma,ROAD,MEDIUM
46,124,26,90,2,2,2,1,1,accident,ROAD,HIGH
73,151,30,85,0,0,0,1,1,cardiac,NONE,CRITICAL
6,93,16,96,0,0,0,0,0,other,OTHER,LOW
46,58,21,92,0,1,2,0,0,trauma,OTHER,MEDIUM
66,110,25,94,0,1,0,0,1,trauma,OTHER,HIGH
37,129,24,91,1,1,0,1,0,respiratory,NONE,HIGH
56,112,19,93,0,0,0,0,0,other,OTHER,MEDIUM
24,109,20,94,0,0,0,0,0,accident,ROAD,MEDIUM
47,95,18,97,0,0,1,0,0,other,OTHER,LOW
34,92,11,96,0,0,0,0,1,respiratory,NONE,LOW
67,76,16,97,0,0,0,0,0,other,NONE,LOW
56,105,19,90,0,0,0,1,1,respiratory,NONE,HIGH
39,107,20,93,0,1,2,1,0,accident,FALL,MEDIUM
23,52,22,92,0,0,1,0,0,trauma,OTHER,MEDIUM
46,126,24,91,0,0,2,0,1,cardiac,NONE,HIGH
50,126,20,90,0,0,2,1,0,cardiac,NONE,HIGH
50,151,26,84,3,0,1,1,1,cardiac,NONE,CRITICAL
32,148,27,85,2,3,3,1,0,accident,INDUSTRIAL,CRITICAL
40,73,14,97,0,0,0,0,0,trauma,INDUSTRIAL,LOW
24,28,20,88,0,2,0,1,0,fire,FIRE,HIGH
38,33,27,90,0,1,0,0,1,fire,FIRE,HIGH
22,48,22,94,0,0,1,0,0,accident,INDUSTRIAL,MEDIUM
43,147,30,82,2,0,0,1,1,trauma,OTHER,CRITICAL
18,110,20,94,0,0,3,0,0,trauma,FALL,MEDIUM
23,114,16,94,0,2,1,0,1,accident,INDUSTRIAL,MEDIUM
58,128,28,91,0,1,2,1,0,trauma,FALL,HIGH
40,140,24,89,1,1,1,0,0,trauma,ROAD,HIGH
51,149,27,85,1,1,0,1,0,respiratory,NONE,CRITICAL
56,129,21,90,1,0,0,0,0,other,NONE,HIGH
39,122,24,89,0,3,0,0,0,accident,ROAD,HIGH
31,91,16,97,0,0,0,0,1,trauma,ROAD,LOW
59,126,28,91,0,0,0,1,1,cardiac,NONE,HIGH
73,109,19,95,0,1,2,0,1,accident,ROAD,MEDIUM
81,134,26,89,0,0,1,1,1,cardiac,NONE,HIGH
57,73,17,96,0,0,0,0,0,respiratory,NONE,LOW
68,124,27,90,0,2,2,0,0,accident,ROAD,HIGH
59,47,19,92,0,0,0,1,1,other,OTHER,MEDIUM
18,129,23,91,1,2,1,1,0,accident,ROAD,MEDIUM
83,25,27,85,3,1,2,0,1,cardiac,NONE,CRITICAL
18,118,21,93,0,0,0,0,1,respiratory,NONE,MEDIUM
83,136,28,90,0,0,0,1,0,respiratory,NONE,HIGH
41,115,25,95,1,2,1,1,0,trauma,ROAD,MEDIUM
40,93,14,95,0,0,0,0,0,trauma,INDUSTRIAL,LOW
73,129,22,91,3,0,0,1,1,cardiac,NONE,HIGH
1,143,24,90,0,1,2,0,0,trauma,ROAD,HIGH
16,41,22,90,2,3,1,1,1,trauma,OTHER,HIGH
56,112,19,92,0,0,0,0,0,stroke,NONE,MEDIUM
20,87,17,95,0,0,0,0,0,respiratory,NONE,LOW
62,109,16,93,0,0,0,0,0,stroke,NONE,MEDIUM
13,111,16,95,0,0,1,0,1,other,NONE,MEDIUM
63,144,31,86,3,3,2,0,1,accident,FALL,CRITICAL
25,114,21,93,0,1,1,0,0,trauma,FALL,MEDIUM
46,109,22,94,0,0,1,0,0,accident,FALL,MEDIUM
10,145,23,89,1,2,0,1,0,fire,FIRE,HIGH
45,90,21,97,0,0,0,0,0,accident,ROAD,LOW
54,135,23,91,1,0,0,1,1,respiratory,NONE,HIGH
50,96,16,95,0,0,0,0,0,stroke,NONE,LOW
34,124,26,91,0,0,0,1,0,respiratory,NONE,HIGH
11,48,18,94,0,1,1,1,1,accident,FALL,MEDIUM
17,58,20,94,0,1,2,0,0,accident,ROAD,MEDIUM
55,124,23,89,2,1,3,0,0,fire,FIRE,HIGH
46,35,26,90,2,2,0,1,1,cardiac,NONE,HIGH
17,145,29,86,1,0,0,1,1,respiratory,NONE,CRITICAL
36,126,22,90,0,0,0,0,1,cardiac,NONE,HIGH
81,129,28,90,1,0,0,1,0,other,OTHER,HIGH
54,93,16,97,0,1,0,0,0,trauma,OTHER,LOW
21,91,16,95,0,0,0,0,0,other,NONE,LOW
56,129,26,91,1,0,0,0,1,cardiac,NONE,HIGH
42,91,15,96,0,0,0,0,0,cardiac,NONE,LOW
31,107,24,95,0,0,2,0,0,accident,ROAD,MEDIUM
61,145,30,84,3,0,1,0,1,stroke,NONE,CRITICAL
55,38,23,91,0,2,1,0,0,accident,ROAD,HIGH
68,117,21,93,0,0,1,0,0,accident,ROAD,MEDIUM
6,111,19,95,0,0,1,0,0,accident,FALL,MEDIUM
51,143,27,84,2,3,3,0,1,accident,INDUSTRIAL,CRITICAL
30,108,16,92,0,0,2,0,0,trauma,ROAD,MEDIUM
46,126,20,89,0,0,0,0,1,cardiac,NONE,HIGH
53,92,20,95,0,0,0,0,0,other,OTHER,LOW
50,69,17,95,0,0,0,0,0,accident,ROAD,LOW
55,130,21,90,1,1,3,0,0,accident,INDUSTRIAL,HIGH
53,126,26,91,1,1,2,0,0,accident,ROAD,HIGH
29,90,15,97,0,0,0,1,0,other,NONE,LOW
43,42,23,90,1,3,1,1,0,accident,INDUSTRIAL,HIGH
29,110,17,91,0,1,3,0,0,accident,INDUSTRIAL,MEDIUM
41,59,20,94,0,0,3,0,1,accident,ROAD,MEDIUM
41,129,26,87,1,3,2,0,0,trauma,FALL,HIGH
47,127,25,90,1,0,0,0,0,stroke,NONE,HIGH
63,113,24,92,0,0,0,0,0,fire,FIRE,MEDIUM
14,131,22,90,2,1,2,1,1,fire,FIRE,HIGH
39,159,34,85,1,3,2,0,0,trauma,INDUSTRIAL,CRITICAL
38,125,17,91,0,0,1,1,1,cardiac,NONE,HIGH
30,124,24,91,1,3,1,0,0,accident,ROAD,HIGH
57,92,18,94,0,0,0,0,0,accident,FALL,LOW
41,125,21,91,3,2,1,0,0,accident,INDUSTRIAL,HIGH
34,113,19,94,0,0,1,0,0,accident,ROAD,MEDIUM
77,124,24,89,3,1,1,1,0,cardiac,NONE,HIGH
81,127,24,90,3,0,0,0,0,stroke,NONE,HIGH
47,129,23,91,0,3,2,0,0,accident,ROAD,HIGH
47,106,19,95,0,0,0,0,0,other,NONE,HIGH
51,119,21,90,0,1,0,0,0,other,OTHER,MEDIUM
1,129,24,89,1,3,1,0,0,accident,ROAD,HIGH
54,108,21,93,0,0,0,1,0,cardiac,NONE,MEDIUM
48,117,17,92,0,0,2,1,1,respiratory,NONE,MEDIUM
62,122,22,95,0,0,0,0,0,other,OTHER,MEDIUM
31,113,22,91,0,0,0,0,0,other,NONE,MEDIUM
82,94,17,97,0,0,0,0,0,cardiac,NONE,LOW
60,113,19,95,0,0,0,1,1,cardiac,NONE,MEDIUM
54,25,32,84,0,2,2,1,0,trauma,FALL,CRITICAL
29,124,28,91,1,0,1,1,0,trauma,INDUSTRIAL,HIGH
33,110,20,94,0,1,1,0,0,accident,ROAD,MEDIUM
73,69,17,94,0,0,0,0,0,accident,FALL,LOW
61,143,28,85,2,2,3,1,1,trauma,FALL,CRITICAL
55,110,20,93,0,0,1,0,1,accident,ROAD,MEDIUM
78,154,27,84,1,1,0,1,1,cardiac,NONE,CRITICAL
20,124,29,91,1,1,0,1,0,stroke,NONE,HIGH
40,88,19,97,0,0,1,0,0,fire,FIRE,LOW
61,111,21,91,1,0,1,0,0,accident,ROAD,MEDIUM
45,111,20,94,0,0,1,0,0,fire,FIRE,MEDIUM
53,42,17,94,0,1,2,0,0,accident,ROAD,MEDIUM
32,93,14,93,0,1,0,0,0,accident,INDUSTRIAL,LOW
57,129,21,91,0,0,1,0,0,accident,ROAD,HIGH
82,54,12,94,0,0,0,0,0,other,NONE,LOW
45,144,29,85,3,0,2,0,0,trauma,ROAD,CRITICAL
91,123,26,89,3,0,0,1,0,stroke,NONE,HIGH
45,25,32,84,3,0,1,1,1,respiratory,NONE,CRITICAL
63,125,22,90,1,0,1,0,0,trauma,ROAD,HIGH
47,67,20,94,0,0,0,0,1,cardiac,NONE,LOW
22,76,17,95,0,0,0,0,1,other,NONE,LOW
58,115,18,93,0,0,0,1,1,respiratory,NONE,MEDIUM
36,99,15,96,0,1,0,0,0,accident,ROAD,LOW
64,40,20,89,1,0,0,0,1,cardiac,NONE,HIGH
60,104,19,95,0,1,0,1,1,accident,ROAD,MEDIUM
37,105,20,94,0,0,0,0,1,other,NONE,MEDIUM
80,58,20,92,0,0,0,1,0,cardiac,NONE,MEDIUM
64,125,20,91,0,0,0,1,0,respiratory,NONE,HIGH
33,143,30,84,2,0,0,0,1,respiratory,NONE,CRITICAL
54,107,22,94,0,0,0,0,0,accident,ROAD,MEDIUM
36,124,23,88,3,3,2,0,0,accident,INDUSTRIAL,HIGH
22,150,30,86,1,3,1,0,0,trauma,FALL,CRITICAL
12,25,30,84,2,0,1,1,1,respiratory,NONE,CRITICAL
51,76,18,94,0,0,0,0,0,other,NONE,LOW
70,143,29,86,3,1,0,0,0,stroke,NONE,CRITICAL
77,37,22,91,0,1,3,1,0,accident,ROAD,HIGH
73,91,18,95,0,0,0,0,0,respiratory,NONE,LOW
68,25,29,84,0,1,3,1,0,trauma,ROAD,CRITICAL
33,145,29,85,3,2,3,1,1,trauma,OTHER,CRITICAL
35,145,29,85,3,3,3,1,1,accident,ROAD,CRITICAL
81,90,12,96,0,0,0,0,0,other,NONE,LOW
34,90,18,97,0,0,0,1,0,other,NONE,LOW
84,25,29,84,2,1,2,0,0,stroke,NONE,CRITICAL
60,127,19,91,0,0,0,0,1,other,NONE,HIGH
77,60,19,94,1,1,2,1,0,fire,FIRE,MEDIUM
53,119,21,95,0,2,0,0,0,accident,ROAD,MEDIUM
43,55,17,94,0,0,1,1,0,accident,ROAD,MEDIUM
61,123,20,90,2,0,1,1,1,cardiac,NONE,HIGH
99,110,23,94,0,0,0,0,0,stroke,NONE,MEDIUM
20,107,19,93,0,0,0,0,0,respiratory,NONE,LOW
19,149,28,84,3,0,3,1,1,trauma,INDUSTRIAL,CRITICAL
65,105,23,95,0,0,0,0,0,respiratory,NONE,MEDIUM
5,25,31,84,3,2,1,1,0,respiratory,NONE,CRITICAL
21,88,16,95,0,1,1,1,0,accident,FALL,LOW
31,104,21,93,0,0,0,0,1,cardiac,NONE,MEDIUM
69,65,18,96,0,0,0,0,0,other,OTHER,LOW
68,163,28,85,2,3,2,1,1,trauma,FALL,CRITICAL
29,105,17,93,0,0,0,0,0,other,OTHER,MEDIUM
55,128,25,91,1,0,0,0,1,cardiac,NONE,MEDIUM
50,110,13,95,0,0,1,0,0,trauma,INDUSTRIAL,LOW
92,58,24,94,0,0,0,0,0,cardiac,NONE,MEDIUM
20,127,28,91,2,2,2,1,0,accident,INDUSTRIAL,HIGH
28,113,17,93,0,0,0,0,1,other,NONE,MEDIUM
48,138,21,91,0,1,1,1,0,fire,FIRE,HIGH
43,41,25,91,2,1,0,1,0,respiratory,NONE,HIGH
30,60,21,94,0,1,0,0,0,accident,ROAD,MEDIUM
44,90,19,97,0,0,0,0,0,accident,INDUSTRIAL,MEDIUM
47,147,29,84,0,2,2,0,0,trauma,INDUSTRIAL,CRITICAL
26,52,20,93,0,0,0,1,0,respiratory,NONE,MEDIUM
57,95,16,97,0,0,0,0,0,respiratory,NONE,LOW
51,129,22,89,1,1,3,0,0,accident,FALL,HIGH
25,116,19,94,0,0,0,0,0,other,NONE,MEDIUM
47,116,18,94,0,0,0,0,1,respiratory,NONE,MEDIUM
23,95,16,96,0,0,0,1,0,fire,FIRE,LOW
16,149,29,85,2,1,0,1,1,cardiac,NONE,CRITICAL
46,113,17,93,0,0,0,1,0,respiratory,NONE,MEDIUM
41,132,24,91,2,0,0,0,1,stroke,NONE,HIGH
41,111,24,93,0,1,0,0,0,trauma,OTHER,MEDIUM
38,90,14,97,0,0,0,0,0,accident,INDUSTRIAL,LOW
51,110,30,92,1,1,1,0,0,accident,FALL,MEDIUM
47,41,26,91,0,1,2,1,1,trauma,ROAD,HIGH
81,91,15,97,0,0,0,0,0,accident,ROAD,LOW
25,97,21,97,0,0,0,0,1,other,OTHER,LOW
74,103,15,96,0,0,1,0,0,other,OTHER,LOW
67,40,26,89,1,0,0,1,0,other,OTHER,HIGH
35,110,19,95,0,1,0,0,0,trauma,OTHER,MEDIUM
24,104,18,94,0,0,0,0,1,other,OTHER,MEDIUM
48,126,25,91,0,1,0,1,1,respiratory,NONE,HIGH
95,143,30,81,3,0,0,1,0,cardiac,NONE,CRITICAL
46,123,27,91,0,0,1,0,1,cardiac,NONE,HIGH
66,58,20,91,1,0,0,0,1,cardiac,NONE,MEDIUM
25,94,23,97,0,0,0,0,1,respiratory,NONE,LOW
55,144,34,82,3,3,3,0,0,accident,FALL,CRITICAL
15,114,20,94,1,1,0,0,0,accident,ROAD,MEDIUM
29,126,27,88,2,0,0,1,0,respiratory,NONE,HIGH
85,124,23,91,3,0,0,1,1,cardiac,NONE,HIGH
8,137,22,90,1,1,3,0,0,trauma,FALL,HIGH
63,104,21,93,0,1,3,0,0,fire,FIRE,MEDIUM
37,131,21,90,0,1,0,0,0,stroke,NONE,HIGH
45,105,22,94,0,0,0,0,1,other,OTHER,MEDIUM
32,113,19,94,0,2,2,0,0,accident,ROAD,MEDIUM
16,76,13,97,0,0,0,0,1,other,OTHER,LOW
19,120,19,95,0,0,0,0,0,accident,ROAD,MEDIUM
42,124,28,87,0,1,1,0,0,accident,ROAD,HIGH
5,123,24,91,0,1,0,1,0,respiratory,NONE,HIGH
31,106,19,94,0,0,0,1,1,respiratory,NONE,MEDIUM
36,134,26,90,2,1,2,0,0,trauma,INDUSTRIAL,HIGH
49,155,36,85,1,0,0,1,1,cardiac,NONE,CRITICAL
63,106,16,94,0,1,0,0,1,accident,INDUSTRIAL,MEDIUM
34,110,21,93,0,0,0,0,0,other,NONE,MEDIUM
38,54,21,94,0,1,2,1,1,accident,ROAD,MEDIUM
19,104,21,94,0,0,0,0,0,respiratory,NONE,LOW
27,104,19,94,0,0,0,0,0,respiratory,NONE,MEDIUM
26,153,28,85,0,3,3,0,0,accident,ROAD,CRITICAL
34,108,22,94,1,0,0,0,0,other,OTHER,MEDIUM
45,135,27,90,0,0,0,1,0,other,NONE,HIGH
43,111,18,93,0,0,3,0,0,accident,INDUSTRIAL,MEDIUM
64,87,20,97,0,0,0,0,0,accident,INDUSTRIAL,LOW
76,91,13,97,0,0,0,1,0,respiratory,NONE,LOW
69,113,21,94,0,0,0,0,1,other,OTHER,MEDIUM
69,145,25,85,0,0,2,1,1,respiratory,NONE,CRITICAL
46,137,26,91,0,0,0,0,1,cardiac,NONE,HIGH
28,106,21,92,0,0,0,0,0,accident,FALL,MEDIUM
60,110,23,95,1,0,1,0,0,stroke,NONE,MEDIUM
59,98,17,97,0,0,0,0,0,fire,FIRE,LOW
57,153,28,86,1,1,1,1,0,cardiac,NONE,CRITICAL
24,107,17,92,0,1,1,1,0,accident,FALL,MEDIUM
32,92,13,96,0,0,0,1,0,respiratory,NONE,LOW
29,59,14,90,0,0,1,0,0,trauma,OTHER,MEDIUM
47,77,12,97,0,0,0,0,0,respiratory,NONE,LOW
34,125,27,90,0,3,2,1,1,accident,ROAD,HIGH
26,56,25,93,0,1,1,0,0,trauma,OTHER,MEDIUM
13,106,19,93,0,0,3,0,0,accident,INDUSTRIAL,MEDIUM
11,102,16,97,0,0,1,0,0,trauma,ROAD,LOW
30,124,20,95,0,1,1,0,0,trauma,ROAD,MEDIUM
41,110,19,93,0,1,0,0,0,fire,FIRE,MEDIUM
30,104,15,94,0,1,1,1,0,accident,FALL,MEDIUM
47,148,28,82,3,3,3,1,0,trauma,OTHER,CRITICAL
50,108,23,94,0,0,0,0,1,cardiac,NONE,MEDIUM
24,146,24,85,3,1,0,1,0,other,OTHER,CRITICAL
61,109,17,89,0,1,2,0,0,trauma,FALL,MEDIUM
39,124,23,93,0,3,0,0,1,trauma,ROAD,MEDIUM
78,105,15,97,0,0,0,0,0,other,NONE,LOW
57,109,17,96,0,0,0,0,0,respiratory,NONE,LOW
77,108,23,94,1,0,0,1,0,cardiac,NONE,MEDIUM
22,54,16,97,0,0,0,0,1,cardiac,NONE,LOW
71,107,16,95,0,0,0,0,1,cardiac,NONE,MEDIUM
79,54,18,93,0,1,1,0,0,accident,ROAD,MEDIUM
23,150,29,84,1,3,3,1,0,accident,INDUSTRIAL,CRITICAL
50,91,13,97,0,0,0,0,0,other,NONE,LOW
31,93,15,96,0,0,0,0,0,other,OTHER,LOW
61,105,19,94,0,0,1,0,1,accident,ROAD,LOW
48,143,27,86,3,0,0,0,1,cardiac,NONE,CRITICAL
31,92,17,96,0,0,0,0,0,other,NONE,LOW
53,26,28,89,0,1,3,1,1,trauma,FALL,HIGH
59,52,22,93,0,0,1,0,0,accident,FALL,MEDIUM
1,111,18,94,0,2,2,0,0,accident,FALL,MEDIUM
55,76,15,97,0,0,0,0,0,other,OTHER,LOW
36,109,22,91,0,0,1,0,0,respiratory,NONE,MEDIUM
58,133,23,89,0,0,0,0,1,cardiac,NONE,HIGH
63,122,26,90,3,0,0,0,1,other,NONE,HIGH
68,131,22,90,1,0,0,1,0,stroke,NONE,HIGH
69,97,15,96,0,0,0,0,0,accident,ROAD,LOW
9,92,12,97,0,2,0,0,0,accident,ROAD,LOW
49,93,14,97,0,0,0,0,0,other,NONE,LOW
57,122,24,89,2,0,0,1,0,stroke,NONE,HIGH
57,148,28,83,2,0,2,1,0,respiratory,NONE,CRITICAL
53,131,27,91,1,0,0,0,1,cardiac,NONE,HIGH
83,38,24,91,0,1,0,0,1,cardiac,NONE,HIGH
31,91,18,96,0,0,0,0,0,accident,ROAD,LOW
60,123,20,89,0,2,2,1,0,accident,ROAD,HIGH
72,25,30,85,2,2,3,1,1,fire,FIRE,CRITICAL
12,147,30,85,1,0,0,1,0,respiratory,NONE,CRITICAL
52,55,21,92,0,0,0,1,0,respiratory,NONE,MEDIUM
34,88,15,97,0,1,1,0,0,accident,ROAD,LOW
1,144,28,82,0,0,3,1,0,accident,ROAD,CRITICAL
35,105,15,93,0,0,0,1,0,fire,FIRE,MEDIUM
26,146,28,86,0,1,3,1,0,trauma,FALL,CRITICAL
65,31,21,89,0,0,1,1,0,stroke,NONE,HIGH
35,106,24,95,0,0,1,1,0,accident,ROAD,MEDIUM
51,148,31,84,3,1,1,1,1,fire,FIRE,CRITICAL
36,111,22,94,0,0,0,0,1,other,OTHER,MEDIUM
28,119,19,95,0,0,3,0,0,accident,ROAD,MEDIUM
60,119,20,95,0,0,2,0,0,trauma,ROAD,HIGH
76,144,27,86,2,2,2,1,1,trauma,INDUSTRIAL,CRITICAL
57,105,18,92,0,0,0,0,0,trauma,ROAD,MEDIUM
29,94,12,97,0,0,1,0,0,accident,FALL,LOW
35,110,18,94,2,0,1,0,0,other,OTHER,MEDIUM
34,124,18,93,0,1,0,1,0,other,NONE,MEDIUM
41,137,25,89,1,0,0,0,0,other,OTHER,CRITICAL
49,25,24,85,0,1,3,1,0,accident,INDUSTRIAL,CRITICAL
43,60,23,93,0,0,1,1,0,accident,ROAD,MEDIUM
15,33,26,91,0,1,0,0,1,stroke,NONE,HIGH
32,116,15,94,0,1,0,0,0,accident,ROAD,MEDIUM
1,108,15,94,0,1,1,1,0,trauma,OTHER,MEDIUM
30,34,22,89,0,0,0,1,1,cardiac,NONE,HIGH
60,151,25,86,3,0,2,1,1,cardiac,NONE,CRITICAL
39,93,11,96,0,0,1,0,0,accident,FALL,LOW
16,86,20,97,0,0,0,0,0,other,OTHER,LOW
74,35,23,88,1,0,0,1,1,cardiac,NONE,HIGH
58,94,14,97,0,0,2,0,0,fire,FIRE,LOW
1,133,21,91,0,2,3,1,0,fire,FIRE,HIGH
37,87,15,96,0,0,1,0,0,accident,FALL,LOW
8,106,21,93,0,0,0,0,0,respiratory,NONE,MEDIUM
43,155,28,84,0,1,0,1,1,cardiac,NONE,CRITICAL
50,89,16,95,0,0,0,0,0,other,OTHER,LOW
58,145,26,86,1,0,1,1,0,other,NONE,CRITICAL
39,95,11,96,0,0,0,0,0,other,NONE,LOW
58,117,20,90,0,0,0,0,1,cardiac,NONE,MEDIUM
48,136,22,91,0,0,2,0,1,trauma,FALL,HIGH
69,93,14,97,0,0,1,0,0,accident,FALL,LOW
71,136,26,90,0,0,0,1,1,cardiac,NONE,HIGH
64,91,15,94,0,1,1,0,0,fire,FIRE,LOW
66,132,22,90,0,1,3,0,1,accident,ROAD,HIGH
36,110,19,92,0,0,0,0,1,cardiac,NONE,MEDIUM
67,148,29,84,1,0,1,0,1,cardiac,NONE,CRITICAL
35,148,25,85,1,0,0,0,1,other,NONE,CRITICAL
14,88,17,94,0,0,0,1,0,respiratory,NONE,LOW
44,137,23,91,0,3,2,1,0,trauma,INDUSTRIAL,HIGH
78,133,24,90,0,0,0,0,1,cardiac,NONE,HIGH
60,104,20,97,0,0,0,0,1,cardiac,NONE,LOW
66,117,22,94,1,0,0,0,0,trauma,FALL,MEDIUM
22,97,16,95,0,0,0,0,0,other,OTHER,LOW
38,151,27,85,2,0,0,1,0,respiratory,NONE,CRITICAL
39,123,25,88,2,2,1,0,0,respiratory,NONE,HIGH
30,112,21,95,0,0,0,0,0,accident,INDUSTRIAL,HIGH
57,144,31,85,3,0,0,1,1,cardiac,NONE,CRITICAL
38,91,15,97,0,1,0,0,0,accident,INDUSTRIAL,LOW
50,130,22,91,1,1,1,0,1,accident,INDUSTRIAL,HIGH
25,95,16,94,0,0,0,0,0,other,OTHER,LOW
58,105,21,92,0,1,3,1,0,accident,ROAD,MEDIUM
35,109,20,93,0,1,0,1,1,accident,FALL,MEDIUM
25,119,18,94,0,0,0,1,0,other,OTHER,MEDIUM
26,77,19,97,0,1,0,0,0,respiratory,NONE,LOW
55,91,16,96,0,0,0,0,1,respiratory,NONE,LOW
49,88,15,96,0,0,0,0,0,other,NONE,LOW
37,124,26,90,2,0,2,0,0,accident,ROAD,HIGH
61,160,30,83,1,3,3,0,0,accident,FALL,CRITICAL
42,25,32,84,3,2,1,0,1,accident,ROAD,CRITICAL
99,106,21,95,0,0,0,0,1,cardiac,NONE,MEDIUM
28,25,27,84,0,1,3,0,1,accident,ROAD,CRITICAL
34,93,10,95,0,0,0,0,0,other,NONE,LOW
73,51,21,94,0,0,0,0,0,stroke,NONE,MEDIUM
50,60,19,94,0,1,1,0,1,accident,FALL,MEDIUM
24,107,19,91,0,0,1,0,0,accident,FALL,MEDIUM
66,120,18,92,0,0,0,0,0,other,NONE,HIGH
51,127,25,91,0,1,0,0,1,respiratory,NONE,HIGH
33,107,20,93,1,0,1,0,0,accident,FALL,MEDIUM
34,126,25,89,0,0,0,0,1,respiratory,NONE,HIGH
69,106,25,94,0,0,0,1,1,cardiac,NONE,MEDIUM
96,154,26,85,1,2,1,1,1,cardiac,NONE,CRITICAL
51,108,22,92,0,0,0,0,0,accident,INDUSTRIAL,MEDIUM
58,127,20,91,1,0,0,0,0,stroke,NONE,HIGH
24,151,36,84,2,0,1,1,1,other,NONE,CRITICAL
31,87,14,95,0,0,1,0,0,trauma,INDUSTRIAL,LOW
23,108,25,94,0,0,1,1,0,fire,FIRE,MEDIUM
8,106,20,95,0,2,1,1,0,accident,ROAD,MEDIUM
44,92,17,96,0,0,1,0,0,accident,ROAD,LOW
30,90,10,97,0,0,0,1,0,other,OTHER,LOW
54,113,19,97,0,0,2,0,0,accident,ROAD,LOW
66,99,17,94,0,1,1,0,1,accident,ROAD,LOW
49,90,14,95,0,0,0,0,0,other,OTHER,LOW
35,125,23,91,1,1,2,1,0,accident,ROAD,HIGH
24,88,20,97,0,0,0,0,1,accident,ROAD,LOW
78,126,24,91,2,0,0,0,0,respiratory,NONE,HIGH
46,25,31,86,3,1,0,1,0,fire,FIRE,CRITICAL
36,77,14,96,0,0,0,0,0,respiratory,NONE,LOW
54,158,26,84,3,1,0,1,1,cardiac,NONE,CRITICAL
17,93,15,95,0,0,0,0,0,accident,INDUSTRIAL,LOW
47,115,15,93,0,0,0,0,0,stroke,NONE,MEDIUM
42,25,31,84,2,0,1,1,1,cardiac,NONE,CRITICAL
27,99,18,94,0,0,0,0,0,accident,ROAD,LOW
37,134,26,91,1,2,1,1,0,accident,ROAD,HIGH
40,130,23,90,1,0,0,0,0,stroke,NONE,HIGH
42,64,22,97,0,0,0,0,0,other,NONE,LOW
47,104,16,97,0,1,0,0,0,other,OTHER,LOW
75,146,29,83,3,1,0,1,1,cardiac,NONE,CRITICAL
29,123,23,94,1,1,0,0,0,fire,FIRE,MEDIUM
85,129,18,91,0,2,1,0,1,trauma,FALL,HIGH
14,88,16,97,0,0,1,0,0,fire,FIRE,LOW
21,106,21,95,0,0,1,0,0,accident,FALL,MEDIUM
72,107,18,95,0,0,0,0,0,trauma,FALL,MEDIUM
58,111,20,95,0,0,0,0,0,other,OTHER,MEDIUM
69,40,23,91,1,0,0,0,1,cardiac,NONE,HIGH
55,105,19,94,0,0,0,0,0,other,OTHER,MEDIUM
36,124,22,87,0,0,0,1,0,respiratory,NONE,HIGH
39,105,23,92,0,0,0,1,0,other,NONE,MEDIUM
40,122,28,91,1,0,1,0,1,cardiac,NONE,CRITICAL
20,106,24,94,0,0,0,1,0,respiratory,NONE,MEDIUM
34,109,24,93,0,0,1,0,0,other,OTHER,MEDIUM
88,112,18,95,0,0,1,0,0,accident,ROAD,MEDIUM
58,143,30,84,3,2,2,0,0,accident,ROAD,CRITICAL
90,113,22,94,0,0,0,0,0,stroke,NONE,MEDIUM
14,95,12,97,0,0,0,0,0,other,OTHER,LOW
27,117,24,93,0,2,3,1,1,accident,ROAD,MEDIUM
43,89,11,97,0,0,0,0,0,other,NONE,LOW
44,105,21,95,0,2,1,0,0,trauma,FALL,MEDIUM
43,91,16,97,0,0,0,0,0,other,OTHER,LOW
99,128,26,91,1,1,1,1,1,cardiac,NONE,HIGH
54,71,11,94,0,0,0,0,0,other,OTHER,LOW
41,92,17,96,0,0,1,0,0,trauma,FALL,LOW
46,131,27,91,0,2,1,1,0,accident,ROAD,HIGH
57,108,22,95,0,0,0,0,1,other,NONE,MEDIUM
65,75,16,96,0,0,0,0,0,respiratory,NONE,LOW
9,87,15,94,0,0,1,0,0,accident,FALL,LOW
38,97,16,97,0,0,1,0,0,trauma,FALL,LOW
43,91,20,95,0,0,0,0,0,accident,ROAD,LOW
77,126,25,90,1,0,0,0,0,cardiac,NONE,MEDIUM
7,106,21,91,1,0,0,0,0,respiratory,NONE,MEDIUM
55,121,21,95,0,0,0,0,0,other,NONE,MEDIUM
13,93,15,96,0,0,0,0,0,other,OTHER,LOW
18,145,28,85,3,1,3,1,0,accident,INDUSTRIAL,CRITICAL
82,53,20,94,1,0,0,0,1,cardiac,NONE,MEDIUM
51,107,21,93,1,3,0,0,0,trauma,FALL,MEDIUM
43,146,29,85,1,1,1,1,0,cardiac,NONE,CRITICAL
43,126,22,93,0,1,1,0,0,trauma,ROAD,MEDIUM
79,153,29,86,2,1,1,1,1,trauma,INDUSTRIAL,CRITICAL
20,156,32,86,3,0,1,1,1,cardiac,NONE,CRITICAL
38,87,12,97,0,0,0,1,0,other,NONE,LOW
75,154,32,86,1,3,3,1,0,accident,ROAD,HIGH
35,117,23,93,1,0,0,1,1,other,OTHER,MEDIUM
54,127,23,89,0,0,0,0,0,other,NONE,HIGH
47,96,17,97,0,0,2,0,0,accident,ROAD,LOW
46,94,15,97,0,0,0,0,0,other,NONE,LOW
32,114,24,94,0,0,1,0,1,accident,ROAD,MEDIUM
69,144,23,88,0,3,0,0,0,accident,ROAD,HIGH
10,143,32,82,2,0,0,0,0,cardiac,NONE,CRITICAL
19,152,28,85,3,3,0,1,0,fire,FIRE,CRITICAL
18,105,22,91,0,0,1,0,0,trauma,FALL,MEDIUM
69,133,27,91,0,0,1,1,1,cardiac,NONE,HIGH
45,76,14,97,0,0,0,0,0,trauma,INDUSTRIAL,LOW
68,143,34,85,2,0,2,1,0,cardiac,NONE,CRITICAL
53,123,26,91,1,0,0,1,0,respiratory,NONE,HIGH
80,145,30,85,2,0,1,1,1,cardiac,NONE,CRITICAL
1,149,31,85,2,2,0,1,0,other,OTHER,CRITICAL
48,109,19,95,0,1,0,0,0,accident,FALL,MEDIUM
65,142,23,91,0,0,0,0,0,cardiac,NONE,HIGH
27,56,18,94,0,1,2,0,1,accident,ROAD,MEDIUM
75,127,25,93,0,2,3,0,0,accident,INDUSTRIAL,MEDIUM
69,107,26,92,1,0,0,0,1,cardiac,NONE,MEDIUM
62,149,25,86,2,0,0,1,0,stroke,NONE,CRITICAL
54,125,27,90,0,0,0,1,1,respiratory,NONE,HIGH
31,88,23,97,0,0,0,0,0,accident,ROAD,LOW
77,106,20,93,0,0,0,0,0,cardiac,NONE,LOW
71,36,23,90,2,0,0,0,1,cardiac,NONE,HIGH
26,42,23,94,0,0,0,0,1,accident,FALL,MEDIUM
16,94,19,96,0,0,0,0,0,other,NONE,LOW
60,105,23,92,0,0,0,0,1,cardiac,NONE,MEDIUM
57,149,30,86,1,0,0,0,1,cardiac,NONE,CRITICAL
68,152,32,84,1,0,0,1,1,cardiac,NONE,CRITICAL
33,156,31,85,3,3,1,1,0,accident,ROAD,CRITICAL
63,122,24,90,0,0,0,0,0,cardiac,NONE,HIGH
55,25,30,84,3,0,1,0,1,cardiac,NONE,CRITICAL
24,106,21,95,0,2,2,1,0,trauma,INDUSTRIAL,MEDIUM
25,45,22,95,0,0,0,0,0,respiratory,NONE,MEDIUM
61,114,19,94,0,1,1,0,1,cardiac,NONE,MEDIUM
59,109,19,93,0,0,1,0,0,trauma,ROAD,MEDIUM
35,90,16,93,0,2,0,0,0,trauma,ROAD,LOW
76,111,20,95,0,0,0,0,1,cardiac,NONE,MEDIUM
50,132,26,90,1,3,3,0,1,accident,ROAD,HIGH
14,75,8,96,0,0,1,0,0,trauma,INDUSTRIAL,LOW
93,126,24,90,0,0,0,1,0,respiratory,NONE,HIGH
47,97,15,97,0,0,1,0,0,other,OTHER,LOW
80,110,23,94,0,0,2,0,1,cardiac,NONE,LOW
50,114,21,94,0,0,0,0,0,cardiac,NONE,MEDIUM
83,89,19,96,0,0,0,0,0,other,OTHER,LOW
41,92,19,95,0,0,0,0,0,accident,INDUSTRIAL,LOW
4,92,19,93,0,0,1,0,0,respiratory,NONE,LOW
26,127,23,90,2,2,3,1,0,fire,FIRE,HIGH
31,94,19,96,0,1,0,0,0,other,NONE,LOW
26,146,23,90,0,0,1,1,1,accident,FALL,HIGH
54,108,18,93,0,0,1,0,1,accident,ROAD,MEDIUM
17,69,16,97,0,0,0,0,0,other,NONE,LOW
11,25,32,83,1,3,2,1,0,accident,ROAD,CRITICAL
10,87,15,95,0,0,0,0,0,other,NONE,LOW
54,107,22,95,0,0,0,0,0,respiratory,NONE,MEDIUM
44,113,18,95,0,0,0,1,0,respiratory,NONE,MEDIUM
64,122,27,90,1,0,3,1,0,trauma,ROAD,HIGH
81,126,21,91,0,0,1,0,1,cardiac,NONE,HIGH
64,143,32,85,3,3,3,1,0,trauma,OTHER,CRITICAL
40,105,17,95,0,0,3,0,0,accident,ROAD,MEDIUM
24,110,12,96,0,0,0,0,0,stroke,NONE,LOW
50,124,20,93,0,0,0,0,1,cardiac,NONE,MEDIUM
31,126,24,91,0,3,1,1,1,fire,FIRE,HIGH
65,143,28,86,1,0,1,0,1,cardiac,NONE,CRITICAL
35,156,31,86,1,0,2,0,0,accident,ROAD,CRITICAL
6,107,18,95,0,0,0,1,0,respiratory,NONE,MEDIUM
53,95,12,94,0,0,0,0,0,other,OTHER,LOW
84,154,30,85,2,2,1,1,1,cardiac,NONE,CRITICAL
16,111,22,93,1,2,1,0,1,accident,ROAD,MEDIUM
52,87,14,97,0,0,0,0,0,respiratory,NONE,LOW
8,74,17,96,0,0,0,0,0,other,NONE,LOW
29,149,31,85,3,0,1,1,0,stroke,NONE,CRITICAL
41,106,20,94,0,1,3,1,1,accident,INDUSTRIAL,MEDIUM
85,127,26,91,0,1,0,0,0,trauma,INDUSTRIAL,MEDIUM
61,145,24,85,0,3,0,0,0,accident,FALL,CRITICAL
1,72,16,97,0,0,0,1,0,respiratory,NONE,LOW
39,130,23,89,2,1,1,1,0,other,NONE,HIGH
78,108,19,95,0,0,1,1,0,other,NONE,MEDIUM
46,122,24,90,1,0,2,1,0,trauma,INDUSTRIAL,HIGH
62,119,19,94,0,0,0,0,0,other,OTHER,MEDIUM
38,147,31,84,3,3,3,1,1,accident,INDUSTRIAL,CRITICAL
23,147,30,84,0,1,0,0,0,other,OTHER,CRITICAL
21,113,13,94,0,0,1,0,0,other,OTHER,MEDIUM
72,45,21,92,0,0,0,0,1,cardiac,NONE,MEDIUM
37,93,14,96,0,0,1,0,0,accident,FALL,LOW
51,161,34,84,3,3,0,1,1,trauma,INDUSTRIAL,CRITICAL
34,132,24,91,0,0,2,1,0,respiratory,NONE,HIGH
62,54,20,95,0,0,0,0,0,other,NONE,MEDIUM
27,133,20,90,1,0,2,1,0,accident,ROAD,MEDIUM
60,96,16,96,0,1,0,0,0,respiratory,NONE,LOW
72,126,25,89,1,0,0,0,0,cardiac,NONE,HIGH
62,141,25,91,3,0,1,1,0,stroke,NONE,HIGH
66,25,23,85,3,0,0,0,1,stroke,NONE,CRITICAL
89,135,32,90,1,0,0,0,0,trauma,FALL,HIGH
47,42,23,91,1,0,0,1,1,respiratory,NONE,CRITICAL
58,125,23,90,2,0,0,1,1,respiratory,NONE,HIGH
21,129,26,89,1,2,3,1,1,fire,FIRE,CRITICAL
31,123,26,90,2,0,2,1,0,trauma,FALL,HIGH
47,148,28,86,1,1,0,1,1,respiratory,NONE,CRITICAL
32,147,27,85,2,0,0,1,0,respiratory,NONE,CRITICAL
57,151,30,86,1,3,0,1,1,cardiac,NONE,CRITICAL
46,108,18,95,1,0,0,0,0,cardiac,NONE,MEDIUM
61,143,26,84,2,1,0,1,1,stroke,NONE,CRITICAL
51,109,19,94,0,1,2,0,1,accident,FALL,HIGH
40,38,25,91,1,0,2,0,1,trauma,INDUSTRIAL,HIGH
50,96,18,97,1,0,0,0,0,respiratory,NONE,LOW
51,134,22,91,0,0,0,1,0,respiratory,NONE,HIGH
59,111,19,92,1,0,1,0,0,trauma,ROAD,MEDIUM
45,112,21,95,0,0,1,0,0,accident,ROAD,MEDIUM
1,124,29,91,2,0,0,0,0,other,OTHER,HIGH
36,133,21,90,2,1,0,0,0,respiratory,NONE,HIGH
20,132,26,91,1,0,1,1,0,respiratory,NONE,HIGH
30,105,22,94,0,1,0,0,0,other,OTHER,MEDIUM
43,97,14,97,0,0,0,0,0,cardiac,NONE,LOW
16,93,15,97,0,0,0,1,0,respiratory,NONE,LOW
51,87,19,96,0,0,0,0,0,other,OTHER,LOW
36,115,18,93,0,0,0,0,0,other,OTHER,MEDIUM
80,25,31,84,3,1,1,1,1,stroke,NONE,CRITICAL
54,129,24,90,2,0,0,1,1,cardiac,NONE,HIGH
44,125,27,89,1,1,1,1,0,accident,FALL,HIGH
32,108,23,95,0,0,1,1,0,accident,ROAD,MEDIUM
70,124,18,91,1,0,0,1,1,stroke,NONE,HIGH
1,117,21,92,1,0,0,0,0,stroke,NONE,MEDIUM
58,51,20,95,0,0,0,1,1,cardiac,NONE,MEDIUM
19,155,28,84,1,0,2,1,0,other,NONE,CRITICAL
15,97,16,96,0,0,0,0,0,accident,ROAD,LOW
20,108,20,95,0,1,0,0,1,accident,ROAD,MEDIUM
24,86,16,97,0,0,0,0,0,respiratory,NONE,LOW
92,25,24,90,2,0,0,1,1,cardiac,NONE,HIGH
44,25,27,83,3,0,1,0,0,stroke,NONE,CRITICAL
73,109,17,91,0,0,0,0,1,cardiac,NONE,MEDIUM
38,105,18,94,0,1,2,1,0,accident,ROAD,MEDIUM
40,92,17,95,0,0,0,0,0,accident,INDUSTRIAL,LOW
55,127,20,90,0,0,0,0,0,stroke,NONE,HIGH
47,88,16,97,0,0,0,0,0,other,OTHER,LOW
52,99,14,97,0,0,1,0,0,accident,ROAD,LOW
54,135,23,91,1,1,0,1,1,other,NONE,CRITICAL
37,170,27,84,2,1,1,1,0,respiratory,NONE,CRITICAL
23,133,25,89,0,1,1,1,1,trauma,INDUSTRIAL,HIGH
52,25,34,86,1,3,0,1,0,respiratory,NONE,CRITICAL
41,102,16,96,0,0,0,1,0,cardiac,NONE,LOW
2,32,26,90,0,1,1,1,0,trauma,INDUSTRIAL,HIGH
37,136,25,91,3,0,3,1,0,accident,INDUSTRIAL,HIGH
59,89,18,97,0,0,0,0,0,other,OTHER,LOW
66,106,18,92,0,1,1,0,1,cardiac,NONE,MEDIUM
80,49,21,94,1,1,0,1,1,cardiac,NONE,MEDIUM
53,111,22,95,0,0,0,0,0,other,NONE,MEDIUM
63,107,22,94,0,0,0,1,1,respiratory,NONE,MEDIUM
70,42,24,89,1,0,0,1,0,cardiac,NONE,HIGH
58,92,19,97,0,0,0,0,0,trauma,ROAD,LOW
72,134,24,90,0,1,1,1,0,fire,FIRE,HIGH
64,128,24,91,1,0,0,1,0,respiratory,NONE,HIGH
63,135,26,91,1,0,0,0,0,stroke,NONE,HIGH
59,107,20,93,0,1,1,1,0,accident,FALL,MEDIUM
53,148,30,84,2,0,0,1,0,respiratory,NONE,CRITICAL
50,93,16,96,0,1,0,0,0,accident,ROAD,LOW
61,109,21,94,1,0,0,0,0,accident,INDUSTRIAL,MEDIUM
14,119,14,93,0,0,0,0,0,respiratory,NONE,MEDIUM
49,98,16,96,0,0,0,0,1,other,OTHER,MEDIUM
58,145,27,84,2,0,2,1,0,fire,FIRE,CRITICAL
25,157,27,84,1,3,0,1,0,trauma,ROAD,CRITICAL
6,59,21,93,1,0,0,0,0,respiratory,NONE,MEDIUM
65,153,34,86,3,0,1,1,1,cardiac,NONE,CRITICAL
35,48,19,92,0,0,0,0,0,other,OTHER,MEDIUM
83,153,28,84,2,0,1,0,0,stroke,NONE,CRITICAL
94,25,30,82,1,0,0,0,0,cardiac,NONE,CRITICAL
53,155,25,85,0,1,3,0,0,trauma,INDUSTRIAL,CRITICAL
50,35,23,89,0,2,3,0,1,trauma,INDUSTRIAL,HIGH
63,152,28,85,3,1,1,1,1,cardiac,NONE,CRITICAL
13,91,15,96,0,0,0,0,0,other,OTHER,LOW
80,124,26,91,0,0,0,0,0,stroke,NONE,HIGH
26,127,18,88,0,2,1,1,1,accident,INDUSTRIAL,HIGH
1,135,23,91,2,1,3,1,0,trauma,ROAD,HIGH
7,107,29,94,0,0,1,1,0,other,NONE,MEDIUM
37,134,27,91,0,0,0,1,1,cardiac,NONE,HIGH
35,86,21,97,0,0,2,0,0,accident,FALL,LOW
69,127,27,89,1,0,0,0,1,cardiac,NONE,CRITICAL
56,132,28,91,0,1,3,0,0,trauma,OTHER,HIGH
26,156,28,86,3,1,0,1,1,cardiac,NONE,CRITICAL
61,114,21,93,0,1,0,1,1,cardiac,NONE,MEDIUM
26,109,22,94,0,0,1,1,0,trauma,FALL,MEDIUM
55,109,17,94,1,0,1,0,0,accident,ROAD,MEDIUM
47,152,25,84,1,1,1,1,0,accident,ROAD,CRITICAL
78,148,30,83,2,3,3,1,0,accident,INDUSTRIAL,CRITICAL
40,146,29,83,1,0,1,0,0,respiratory,NONE,CRITICAL
64,122,22,91,0,0,0,1,0,respiratory,NONE,HIGH
1,56,21,94,1,0,2,0,0,fire,FIRE,MEDIUM
99,129,24,89,0,0,0,1,1,stroke,NONE,HIGH
41,148,25,91,1,3,1,1,0,accident,ROAD,HIGH
18,100,16,97,0,2,0,0,0,accident,FALL,LOW
43,136,23,90,1,1,1,1,0,other,NONE,HIGH
72,107,19,94,0,1,0,0,0,cardiac,NONE,MEDIUM
1,127,20,94,0,1,1,0,0,other,OTHER,MEDIUM
32,149,26,85,3,1,1,1,1,cardiac,NONE,CRITICAL
5,90,15,97,0,0,1,0,0,other,OTHER,LOW
44,95,17,97,0,0,0,0,0,other,OTHER,LOW
18,93,15,96,0,0,0,0,0,other,OTHER,LOW
37,25,26,90,1,0,1,1,0,respiratory,NONE,HIGH
66,139,28,90,1,0,0,0,1,cardiac,NONE,HIGH
38,93,15,97,0,0,0,0,0,accident,ROAD,LOW
44,109,20,94,1,2,1,0,0,accident,ROAD,MEDIUM
66,25,30,85,3,0,0,1,1,stroke,NONE,CRITICAL
36,126,19,91,2,2,0,1,0,accident,FALL,HIGH
48,94,16,96,0,0,0,0,0,other,NONE,LOW
83,122,28,91,0,0,0,0,1,other,OTHER,HIGH
86,149,29,86,3,0,1,1,1,cardiac,NONE,CRITICAL
37,144,28,86,3,1,3,1,0,trauma,INDUSTRIAL,CRITICAL
74,111,18,94,0,0,1,0,0,trauma,INDUSTRIAL,MEDIUM
52,133,23,90,2,0,0,1,0,cardiac,NONE,HIGH
59,106,20,93,1,0,1,0,0,trauma,ROAD,MEDIUM
34,126,24,90,2,1,2,1,0,accident,INDUSTRIAL,HIGH
29,118,16,93,0,1,0,0,0,accident,INDUSTRIAL,MEDIUM
22,145,27,84,2,0,0,1,0,other,NONE,CRITICAL
52,89,18,97,0,0,0,0,0,accident,INDUSTRIAL,LOW
28,87,13,95,0,0,0,1,0,other,OTHER,LOW
47,87,11,97,0,1,0,0,0,trauma,OTHER,LOW
1,111,18,89,0,1,1,0,1,accident,INDUSTRIAL,MEDIUM
23,110,18,94,0,0,0,0,0,trauma,FALL,MEDIUM
24,124,27,91,0,1,2,0,0,trauma,FALL,HIGH
21,137,25,90,0,3,1,1,0,accident,ROAD,HIGH
25,117,21,94,0,0,0,0,1,cardiac,NONE,LOW
79,146,28,86,3,1,2,0,0,accident,ROAD,CRITICAL
70,118,18,94,0,1,0,1,1,stroke,NONE,MEDIUM
58,140,21,90,0,1,3,0,1,accident,INDUSTRIAL,HIGH
99,25,30,82,1,0,0,1,1,stroke,NONE,CRITICAL
48,96,12,94,0,1,0,1,0,accident,ROAD,LOW
65,142,28,85,3,1,0,1,0,respiratory,NONE,CRITICAL
53,101,17,97,0,0,0,0,0,cardiac,NONE,LOW
6,114,21,94,0,1,0,1,0,respiratory,NONE,MEDIUM
38,70,11,97,0,1,0,0,0,accident,ROAD,LOW
67,155,31,85,3,0,0,0,0,stroke,NONE,CRITICAL
52,123,24,91,2,0,0,1,0,respiratory,NONE,HIGH
38,126,24,89,0,0,0,1,1,cardiac,NONE,HIGH
33,109,16,94,1,0,3,0,1,trauma,ROAD,MEDIUM
88,151,25,85,1,0,0,0,0,stroke,NONE,CRITICAL
58,116,23,92,0,2,1,0,1,accident,FALL,MEDIUM
18,96,15,96,0,0,1,0,0,fire,FIRE,LOW
82,129,24,91,1,2,1,0,0,trauma,FALL,HIGH
70,146,36,85,0,0,1,0,1,cardiac,NONE,CRITICAL
18,147,31,84,3,0,1,1,0,accident,INDUSTRIAL,CRITICAL
68,128,24,91,1,0,0,0,0,stroke,NONE,HIGH
80,39,23,90,2,0,0,0,1,cardiac,NONE,HIGH
28,144,21,90,1,0,0,1,1,respiratory,NONE,HIGH
15,109,17,92,0,0,0,0,0,other,OTHER,MEDIUM
16,117,21,95,0,1,0,0,0,trauma,FALL,MEDIUM
52,106,21,95,0,0,0,0,0,other,OTHER,MEDIUM
60,147,26,85,2,0,1,1,1,cardiac,NONE,CRITICAL
50,96,14,97,0,0,0,1,0,cardiac,NONE,LOW
60,89,18,95,0,0,0,0,0,other,OTHER,MEDIUM
13,49,17,95,0,0,0,0,0,accident,ROAD,MEDIUM
36,38,25,88,0,0,3,0,0,accident,FALL,HIGH
16,25,38,85,1,1,0,1,1,stroke,NONE,CRITICAL
40,89,16,96,0,0,0,0,0,other,OTHER,LOW
29,124,23,90,0,0,0,0,1,cardiac,NONE,HIGH
38,94,11,97,0,0,0,0,0,accident,ROAD,LOW
11,112,21,93,0,3,0,1,1,accident,ROAD,MEDIUM
59,47,19,94,0,0,0,1,0,cardiac,NONE,MEDIUM
26,25,28,85,1,3,2,1,0,fire,FIRE,CRITICAL
29,126,22,90,2,0,0,0,0,respiratory,NONE,HIGH
33,111,25,93,0,0,0,0,1,other,NONE,MEDIUM
90,69,14,96,0,0,0,0,0,other,NONE,LOW
60,72,17,97,0,0,0,0,0,other,NONE,LOW
61,40,29,90,1,0,0,1,1,cardiac,NONE,HIGH
53,106,21,93,2,0,0,0,0,other,NONE,HIGH
56,115,19,94,0,0,0,0,0,accident,ROAD,MEDIUM
33,105,22,95,0,1,0,0,0,trauma,FALL,MEDIUM
83,115,22,93,0,0,0,1,1,respiratory,NONE,MEDIUM
27,144,26,85,3,0,1,0,1,cardiac,NONE,CRITICAL
29,93,17,96,1,0,0,0,0,accident,ROAD,LOW
9,125,25,91,0,3,2,0,1,trauma,ROAD,MEDIUM
22,128,20,91,1,3,0,0,0,trauma,ROAD,HIGH
73,88,11,95,0,1,1,0,0,accident,ROAD,LOW
63,59,20,94,0,0,0,1,0,respiratory,NONE,MEDIUM
72,127,27,91,2,0,0,1,1,other,NONE,HIGH
72,112,19,94,0,0,0,1,0,cardiac,NONE,MEDIUM
27,107,17,94,0,0,0,0,0,respiratory,NONE,MEDIUM
85,32,26,90,2,1,0,1,1,cardiac,NONE,HIGH
66,111,20,92,1,0,0,0,0,stroke,NONE,MEDIUM
44,145,34,86,3,2,3,1,1,trauma,ROAD,CRITICAL
32,111,18,95,0,2,0,0,0,accident,ROAD,MEDIUM
52,131,25,90,0,2,1,1,1,fire,FIRE,HIGH
36,89,15,96,0,1,0,0,0,trauma,OTHER,LOW
69,117,19,92,0,0,0,0,1,respiratory,NONE,MEDIUM
41,35,22,90,0,0,0,1,1,cardiac,NONE,CRITICAL
38,110,19,94,0,0,1,0,0,trauma,FALL,MEDIUM
28,119,20,94,0,0,0,0,1,respiratory,NONE,MEDIUM
39,124,27,91,0,2,0,1,0,respiratory,NONE,HIGH
51,105,26,94,0,2,1,0,0,accident,ROAD,MEDIUM
20,152,26,85,1,0,0,1,0,other,NONE,CRITICAL
27,72,15,93,0,1,0,0,1,fire,FIRE,LOW
39,77,15,97,0,0,0,0,0,other,OTHER,LOW
45,157,32,85,0,2,3,1,1,trauma,OTHER,CRITICAL
44,36,20,90,0,0,0,0,1,respiratory,NONE,HIGH
80,89,14,97,0,0,0,0,0,accident,ROAD,LOW
50,114,17,95,0,3,1,0,0,accident,ROAD,MEDIUM
69,126,25,90,1,0,0,1,1,respiratory,NONE,HIGH
20,110,21,93,0,0,0,0,0,respiratory,NONE,MEDIUM
79,115,16,94,0,2,0,0,1,trauma,FALL,MEDIUM
51,142,27,86,3,0,0,1,1,stroke,NONE,CRITICAL
93,152,25,84,0,0,2,1,0,stroke,NONE,CRITICAL
5,114,19,94,0,0,0,0,0,other,NONE,MEDIUM
62,109,19,93,0,0,0,0,1,cardiac,NONE,MEDIUM
23,125,20,90,1,0,0,1,0,respiratory,NONE,HIGH
69,123,20,91,1,0,2,1,1,trauma,OTHER,HIGH
31,25,27,84,3,3,2,1,0,accident,ROAD,CRITICAL
40,89,18,97,0,0,0,0,0,other,OTHER,LOW
49,134,23,90,1,0,0,1,1,cardiac,NONE,HIGH
23,133,19,91,1,0,2,0,0,trauma,FALL,HIGH
36,66,18,97,0,0,0,0,1,other,OTHER,LOW
6,105,26,94,0,1,1,0,0,trauma,INDUSTRIAL,MEDIUM
42,94,17,97,0,1,0,0,0,accident,INDUSTRIAL,LOW
54,108,21,95,0,0,0,0,0,stroke,NONE,MEDIUM
41,147,27,85,3,0,0,0,1,cardiac,NONE,CRITICAL
46,122,22,91,1,3,1,1,0,trauma,OTHER,HIGH
72,125,23,89,0,3,2,1,1,accident,ROAD,HIGH
50,148,30,85,1,2,1,1,1,trauma,INDUSTRIAL,CRITICAL
43,132,29,89,1,0,0,1,1,accident,ROAD,HIGH
57,114,22,93,0,0,2,0,1,cardiac,NONE,MEDIUM
32,87,16,96,0,0,0,0,0,accident,ROAD,LOW
60,143,28,86,3,0,0,1,1,stroke,NONE,CRITICAL
24,92,15,95,0,0,0,0,0,other,OTHER,LOW
9,105,19,94,0,1,1,0,0,trauma,INDUSTRIAL,MEDIUM
78,105,17,93,0,0,0,0,0,cardiac,NONE,MEDIUM
38,151,27,83,2,1,3,1,1,accident,INDUSTRIAL,CRITICAL
44,105,21,94,0,1,0,0,0,respiratory,NONE,MEDIUM
64,143,34,85,1,0,0,1,0,respiratory,NONE,CRITICAL
55,124,24,91,1,1,1,1,0,trauma,ROAD,HIGH
44,92,18,95,0,0,0,0,0,other,NONE,LOW
22,88,13,96,0,0,0,0,0,trauma,OTHER,LOW
35,96,14,97,0,0,0,0,0,other,OTHER,LOW
50,123,23,88,1,0,0,1,1,cardiac,NONE,HIGH
27,94,11,94,0,1,0,0,0,other,OTHER,LOW
56,34,26,91,0,1,2,1,0,trauma,INDUSTRIAL,HIGH
14,112,16,94,0,0,1,0,0,trauma,ROAD,MEDIUM
61,100,18,96,0,0,0,1,0,fire,FIRE,LOW
16,87,17,95,0,0,1,0,0,other,NONE,LOW
37,49,20,95,0,1,2,0,0,trauma,FALL,MEDIUM
28,111,18,94,1,2,0,0,0,accident,FALL,MEDIUM
20,128,25,91,2,1,3,1,0,trauma,INDUSTRIAL,HIGH
4,95,15,96,0,0,0,0,0,trauma,INDUSTRIAL,LOW
76,106,18,94,0,1,1,0,0,accident,ROAD,MEDIUM
19,87,12,96,0,1,0,0,0,respiratory,NONE,LOW
46,49,23,93,0,1,0,0,0,other,OTHER,MEDIUM
80,142,20,90,1,0,0,0,1,stroke,NONE,HIGH
34,151,31,85,1,0,1,0,0,cardiac,NONE,CRITICAL
34,122,25,91,0,0,1,1,0,accident,ROAD,HIGH
63,25,32,85,2,3,3,1,0,fire,FIRE,CRITICAL
82,89,18,96,0,0,0,0,0,accident,INDUSTRIAL,LOW
33,89,15,97,0,0,1,0,0,trauma,OTHER,LOW
64,114,18,94,0,1,1,0,0,accident,ROAD,MEDIUM
12,101,15,97,0,0,0,0,0,accident,FALL,LOW
64,142,31,83,3,2,0,0,1,stroke,NONE,CRITICAL
78,111,23,93,1,0,0,1,0,trauma,ROAD,MEDIUM
44,39,19,90,0,0,0,1,1,cardiac,NONE,HIGH
1,124,23,91,2,0,0,1,0,other,OTHER,HIGH
33,101,17,97,1,0,1,0,0,trauma,ROAD,LOW
45,156,23,84,1,0,0,1,0,respiratory,NONE,CRITICAL
62,95,18,96,0,0,1,1,0,accident,INDUSTRIAL,LOW
62,122,20,91,2,1,0,1,1,accident,ROAD,HIGH
86,114,21,91,0,0,0,0,1,cardiac,NONE,MEDIUM
20,47,21,94,1,0,0,1,0,respiratory,NONE,MEDIUM
73,68,16,94,0,0,0,0,0,other,OTHER,LOW
43,130,21,89,0,1,1,0,0,stroke,NONE,HIGH
92,148,31,84,0,0,1,1,0,stroke,NONE,CRITICAL
41,25,29,84,1,2,1,1,1,accident,ROAD,CRITICAL
48,151,25,86,1,0,1,1,1,respiratory,NONE,CRITICAL
60,90,13,97,0,1,0,0,0,accident,ROAD,LOW
91,110,21,92,0,0,1,1,0,stroke,NONE,MEDIUM
37,144,32,85,3,3,1,1,1,accident,ROAD,CRITICAL
7,105,20,95,0,0,0,1,0,respiratory,NONE,MEDIUM
55,149,29,84,3,0,1,1,1,respiratory,NONE,CRITICAL
79,128,30,90,0,0,0,1,1,cardiac,NONE,HIGH
35,130,25,90,3,0,0,1,0,respiratory,NONE,CRITICAL
49,147,30,84,2,1,3,0,0,trauma,INDUSTRIAL,CRITICAL
68,107,20,94,0,0,0,0,0,accident,ROAD,MEDIUM
81,156,28,84,0,0,0,1,1,cardiac,NONE,CRITICAL
67,117,22,95,0,0,1,0,0,fire,FIRE,MEDIUM
38,157,28,85,3,1,1,0,1,cardiac,NONE,CRITICAL
50,128,27,85,0,0,3,1,0,accident,INDUSTRIAL,HIGH
46,146,25,84,3,2,2,1,0,fire,FIRE,CRITICAL
63,90,14,97,0,0,0,0,0,respiratory,NONE,LOW
67,125,25,91,1,0,0,1,0,respiratory,NONE,HIGH
60,161,26,85,3,1,2,1,0,cardiac,NONE,CRITICAL
82,66,15,94,0,0,0,0,0,other,NONE,LOW
19,114,18,94,0,2,1,0,0,accident,ROAD,MEDIUM
7,110,23,95,0,1,0,0,1,trauma,OTHER,MEDIUM
27,130,26,90,0,2,0,1,0,respiratory,NONE,HIGH
81,27,25,90,1,0,2,0,1,cardiac,NONE,HIGH
87,156,23,84,0,0,0,0,0,cardiac,NONE,CRITICAL
71,88,16,96,0,0,0,0,0,other,OTHER,LOW
75,130,22,91,0,0,0,0,1,stroke,NONE,HIGH
42,133,23,90,0,0,0,0,0,respiratory,NONE,HIGH
55,90,15,96,0,0,0,0,0,stroke,NONE,LOW
61,111,19,93,0,0,1,0,1,cardiac,NONE,MEDIUM
63,30,21,87,2,1,0,1,1,cardiac,NONE,HIGH
63,125,22,90,0,0,0,0,1,cardiac,NONE,HIGH
50,121,23,93,2,0,0,0,0,respiratory,NONE,MEDIUM
69,145,26,84,0,0,1,1,1,cardiac,NONE,CRITICAL
26,156,29,85,1,1,2,1,1,accident,FALL,CRITICAL
37,132,29,90,2,1,0,0,1,respiratory,NONE,HIGH
35,123,26,90,2,3,2,0,0,trauma,OTHER,HIGH
40,27,22,89,2,2,0,1,0,accident,ROAD,HIGH
65,25,25,89,2,0,2,0,0,trauma,FALL,HIGH
81,157,28,86,2,0,0,1,1,stroke,NONE,CRITICAL
29,113,19,93,0,3,1,0,0,accident,INDUSTRIAL,MEDIUM
41,51,21,95,0,1,1,0,0,accident,ROAD,MEDIUM
65,88,17,97,0,0,0,0,1,cardiac,NONE,LOW
44,92,15,94,0,0,0,1,0,other,NONE,LOW
26,132,27,90,1,0,3,0,0,trauma,FALL,HIGH
33,156,30,84,2,0,0,1,0,respiratory,NONE,CRITICAL
66,123,26,91,0,0,0,1,0,cardiac,NONE,HIGH
78,126,28,91,1,2,1,1,1,trauma,INDUSTRIAL,HIGH
58,51,22,94,0,0,3,1,0,accident,ROAD,MEDIUM
22,112,21,93,0,0,1,1,1,trauma,INDUSTRIAL,MEDIUM
58,112,24,92,0,0,0,1,0,accident,ROAD,MEDIUM
42,105,18,92,0,0,2,0,0,fire,FIRE,MEDIUM
52,95,18,94,0,0,0,0,0,accident,INDUSTRIAL,LOW
59,132,25,91,0,0,1,0,1,accident,ROAD,HIGH
23,109,19,92,0,3,2,0,0,accident,INDUSTRIAL,MEDIUM
64,110,19,93,0,1,3,0,0,accident,ROAD,MEDIUM
71,109,16,93,0,1,1,0,0,accident,ROAD,MEDIUM
26,28,30,89,0,1,3,0,0,accident,ROAD,HIGH
52,36,20,89,0,0,0,1,1,respiratory,NONE,HIGH
45,123,26,90,0,3,0,0,0,accident,ROAD,HIGH
9,118,19,92,0,0,1,0,0,accident,ROAD,MEDIUM
62,88,14,97,0,0,0,0,0,accident,ROAD,LOW
80,129,22,91,0,1,1,1,0,stroke,NONE,HIGH
4,146,29,85,3,3,3,0,1,accident,ROAD,CRITICAL
13,124,26,90,1,1,1,0,0,accident,ROAD,HIGH
1,122,17,95,0,0,1,0,0,respiratory,NONE,MEDIUM
29,35,25,88,2,3,3,0,0,accident,ROAD,HIGH
43,107,20,93,0,0,0,0,0,other,NONE,MEDIUM
16,123,27,91,2,1,3,1,0,accident,INDUSTRIAL,HIGH
82,145,30,84,1,3,2,1,0,accident,FALL,CRITICAL
58,125,22,91,0,3,1,0,0,trauma,FALL,HIGH
21,77,15,96,0,0,0,0,0,respiratory,NONE,LOW
34,88,14,95,0,0,0,0,0,accident,ROAD,LOW
48,126,15,94,0,0,1,0,0,trauma,OTHER,MEDIUM
20,114,16,94,0,1,0,0,1,trauma,ROAD,MEDIUM
75,93,19,96,0,0,0,0,0,other,OTHER,LOW
86,151,29,85,0,2,3,1,0,trauma,INDUSTRIAL,CRITICAL
52,118,18,94,0,0,0,1,0,cardiac,NONE,MEDIUM
23,93,17,94,0,0,0,1,0,other,OTHER,LOW
37,110,21,93,0,3,2,0,0,accident,FALL,MEDIUM
61,89,19,94,0,1,1,0,1,other,NONE,LOW
60,123,24,91,1,0,0,0,1,cardiac,NONE,HIGH
88,25,22,90,1,0,0,0,1,cardiac,NONE,HIGH
37,129,26,91,3,0,0,0,0,other,NONE,HIGH
39,107,17,95,0,0,0,0,0,trauma,FALL,MEDIUM
49,90,17,95,0,0,0,1,0,other,OTHER,LOW
53,109,22,93,0,1,0,0,0,respiratory,NONE,MEDIUM
67,132,25,90,0,0,0,1,0,cardiac,NONE,HIGH
58,90,18,96,0,0,1,0,0,other,NONE,LOW
85,125,26,90,0,1,0,0,0,cardiac,NONE,HIGH
60,153,30,85,1,1,3,1,1,trauma,OTHER,CRITICAL
29,90,12,95,0,0,0,0,0,other,OTHER,LOW
27,144,28,84,2,3,1,0,0,trauma,OTHER,CRITICAL
58,89,16,95,0,0,1,1,0,accident,FALL,LOW
38,150,29,85,1,1,3,1,1,fire,FIRE,CRITICAL
32,91,14,95,0,0,0,0,0,other,NONE,LOW
29,124,23,89,1,1,2,1,1,accident,ROAD,HIGH
62,91,14,97,0,0,0,0,0,other,OTHER,LOW
2,144,29,84,2,0,1,1,1,respiratory,NONE,CRITICAL
46,122,25,91,1,1,3,0,1,accident,ROAD,HIGH
49,89,16,96,0,1,0,0,0,accident,ROAD,LOW
39,151,26,86,2,3,0,1,1,accident,FALL,CRITICAL
62,125,29,91,0,0,0,0,0,other,NONE,HIGH
69,99,18,94,0,0,0,0,0,cardiac,NONE,LOW
42,136,23,90,1,0,0,1,0,respiratory,NONE,HIGH
66,105,21,93,0,0,0,0,0,stroke,NONE,MEDIUM
13,114,16,90,0,0,0,0,0,respiratory,NONE,MEDIUM
53,131,24,91,1,1,3,0,1,accident,ROAD,HIGH
64,113,21,93,0,0,0,0,0,stroke,NONE,MEDIUM
28,108,21,92,0,1,0,1,0,other,NONE,MEDIUM
24,106,21,94,0,1,0,1,0,respiratory,NONE,MEDIUM
74,123,20,90,0,0,1,0,0,stroke,NONE,HIGH
35,25,21,90,3,1,0,0,1,cardiac,NONE,HIGH
99,131,28,91,0,0,1,0,1,cardiac,NONE,HIGH
1,112,25,95,0,0,0,0,0,other,OTHER,LOW
79,149,26,85,3,2,1,1,0,accident,FALL,CRITICAL
24,88,17,95,0,2,1,0,0,accident,FALL,LOW
41,128,25,91,2,1,3,0,0,fire,FIRE,HIGH
72,149,33,82,3,3,3,0,1,trauma,INDUSTRIAL,CRITICAL
49,106,19,93,0,0,0,0,0,trauma,FALL,MEDIUM
52,129,25,91,2,0,3,0,0,accident,INDUSTRIAL,HIGH
61,26,19,90,0,0,1,0,1,cardiac,NONE,HIGH
79,25,25,86,2,0,0,1,1,cardiac,NONE,CRITICAL
27,66,18,97,0,0,0,0,0,other,NONE,LOW
23,119,23,94,1,0,1,0,0,accident,FALL,MEDIUM
72,135,24,90,1,0,1,1,1,cardiac,NONE,HIGH
52,96,13,96,0,3,1,1,0,accident,ROAD,LOW
47,105,20,95,0,0,3,1,0,trauma,ROAD,MEDIUM
67,108,20,94,0,0,0,0,0,trauma,FALL,MEDIUM
24,115,19,94,0,0,0,0,0,other,NONE,MEDIUM
98,119,21,94,0,0,0,0,1,cardiac,NONE,MEDIUM
44,125,25,90,2,0,0,0,1,fire,FIRE,HIGH
7,98,18,97,0,0,0,0,0,respiratory,NONE,LOW
40,25,32,85,0,3,1,1,0,trauma,ROAD,CRITICAL
59,88,14,97,0,0,1,0,0,accident,ROAD,LOW
53,135,22,91,0,0,0,1,1,cardiac,NONE,HIGH
38,103,18,96,0,0,0,1,0,fire,FIRE,LOW
42,136,24,91,0,2,1,1,0,accident,ROAD,HIGH
62,113,21,92,0,1,2,0,0,accident,ROAD,MEDIUM
57,145,30,86,0,1,1,0,0,stroke,NONE,CRITICAL
5,112,19,94,0,0,0,1,0,other,OTHER,LOW
35,93,14,95,0,0,0,0,0,accident,FALL,LOW
53,125,18,94,0,0,1,0,0,trauma,OTHER,MEDIUM
34,129,29,91,1,1,1,1,1,other,NONE,HIGH
34,137,21,91,3,2,1,0,1,cardiac,NONE,HIGH
50,40,24,90,0,0,3,0,0,other,OTHER,HIGH
40,110,18,92,0,0,0,1,0,respiratory,NONE,MEDIUM
83,120,20,95,0,0,1,0,0,trauma,OTHER,MEDIUM
63,94,12,97,0,1,0,0,0,accident,FALL,LOW
63,25,33,85,2,0,2,0,0,stroke,NONE,CRITICAL
23,159,30,84,1,0,0,0,0,other,OTHER,CRITICAL
22,89,13,97,0,0,0,1,0,respiratory,NONE,LOW
47,91,18,97,0,0,0,0,0,fire,FIRE,LOW
22,53,21,94,0,1,2,1,0,fire,FIRE,MEDIUM
51,66,13,95,0,0,0,0,0,other,NONE,LOW
81,104,23,93,0,0,1,0,0,stroke,NONE,MEDIUM
16,58,17,92,0,0,0,0,0,accident,ROAD,MEDIUM
45,29,18,93,0,0,1,0,1,cardiac,NONE,MEDIUM
1,142,28,90,0,1,1,0,0,trauma,ROAD,HIGH
27,96,14,96,0,0,0,0,0,other,OTHER,LOW
24,75,16,97,1,0,0,0,0,accident,ROAD,LOW
27,154,35,83,3,0,0,1,0,respiratory,NONE,CRITICAL
34,127,25,91,0,0,0,0,1,cardiac,NONE,HIGH
34,110,20,94,0,0,0,0,0,other,NONE,MEDIUM
99,149,33,86,1,0,0,0,1,cardiac,NONE,CRITICAL
42,113,21,94,0,3,3,0,0,accident,FALL,MEDIUM
19,129,21,91,2,1,0,0,1,cardiac,NONE,HIGH
84,55,19,94,0,0,0,1,0,stroke,NONE,MEDIUM
71,105,20,94,0,0,0,1,0,cardiac,NONE,MEDIUM
53,108,20,92,0,1,0,0,0,accident,ROAD,MEDIUM
35,127,26,91,1,1,3,0,0,accident,ROAD,HIGH
53,87,16,96,0,0,0,0,0,cardiac,NONE,LOW
18,156,31,83,2,1,2,0,0,accident,ROAD,CRITICAL
24,54,20,93,0,0,0,0,0,stroke,NONE,MEDIUM
41,44,17,95,0,0,0,0,1,cardiac,NONE,MEDIUM
88,146,24,85,2,1,0,1,0,cardiac,NONE,CRITICAL
53,114,27,95,0,0,1,0,0,respiratory,NONE,MEDIUM
32,105,16,95,0,0,0,0,0,other,OTHER,LOW
38,140,31,91,2,1,1,1,1,respiratory,NONE,HIGH
30,124,27,90,2,0,1,1,0,respiratory,NONE,HIGH
1,41,20,91,1,1,2,0,0,fire,FIRE,HIGH
71,73,20,97,0,0,0,0,0,cardiac,NONE,LOW
25,100,19,96,0,2,1,0,0,trauma,INDUSTRIAL,LOW
79,153,27,85,3,0,1,0,1,cardiac,NONE,CRITICAL
14,94,16,97,1,0,0,0,0,other,OTHER,LOW
48,105,18,94,0,0,0,1,0,respiratory,NONE,MEDIUM
14,114,14,94,0,1,0,0,0,accident,INDUSTRIAL,MEDIUM
39,86,14,95,0,0,0,0,0,trauma,INDUSTRIAL,LOW
78,131,26,89,0,0,0,0,1,cardiac,NONE,MEDIUM
75,122,26,89,0,0,1,0,1,cardiac,NONE,HIGH
61,111,16,91,0,0,0,1,1,cardiac,NONE,MEDIUM
4,25,27,84,3,3,3,1,0,accident,FALL,CRITICAL
65,152,30,84,2,0,0,1,1,cardiac,NONE,CRITICAL
48,142,31,85,3,1,3,0,0,accident,INDUSTRIAL,CRITICAL
66,36,25,91,1,1,1,0,0,accident,ROAD,HIGH
46,90,18,93,0,0,0,0,0,trauma,FALL,LOW
76,156,27,83,2,3,3,1,1,fire,FIRE,CRITICAL
45,25,27,85,3,0,0,0,0,stroke,NONE,CRITICAL
79,145,20,91,0,0,0,1,1,cardiac,NONE,HIGH
56,117,21,94,0,0,0,0,0,respiratory,NONE,MEDIUM
21,146,30,85,1,0,1,1,1,cardiac,NONE,CRITICAL
65,143,26,86,2,0,0,0,0,accident,INDUSTRIAL,CRITICAL
27,88,19,94,0,0,0,0,1,other,NONE,LOW
26,105,20,93,0,0,0,0,0,other,NONE,MEDIUM
45,148,32,85,2,0,3,1,0,trauma,OTHER,CRITICAL
74,148,26,83,1,1,1,0,1,stroke,NONE,CRITICAL
43,56,20,95,0,0,1,0,1,other,NONE,MEDIUM
86,90,15,95,0,0,1,0,0,accident,ROAD,LOW
45,58,20,94,2,1,0,0,1,cardiac,NONE,MEDIUM
43,116,17,94,0,0,1,1,0,respiratory,NONE,MEDIUM
41,95,22,95,0,0,0,0,0,accident,FALL,LOW
27,94,14,95,0,0,0,0,0,other,NONE,LOW
51,122,19,92,0,0,0,0,1,cardiac,NONE,MEDIUM
78,128,25,91,1,0,1,0,1,cardiac,NONE,HIGH
16,113,19,95,0,0,1,1,1,respiratory,NONE,MEDIUM
22,163,28,85,3,2,2,1,1,accident,INDUSTRIAL,CRITICAL
59,114,22,92,1,1,0,1,0,other,OTHER,MEDIUM
65,145,31,85,3,2,1,1,0,fire,FIRE,CRITICAL
46,113,19,92,0,0,0,0,0,other,OTHER,MEDIUM
80,135,28,91,2,0,0,1,0,respiratory,NONE,HIGH
66,56,18,93,0,0,0,0,0,respiratory,NONE,MEDIUM
45,89,15,96,0,1,0,0,0,other,NONE,LOW
58,109,17,94,0,0,0,0,0,stroke,NONE,MEDIUM
27,77,16,97,0,1,0,0,0,accident,ROAD,LOW
67,125,24,88,0,0,0,0,1,cardiac,NONE,HIGH
51,91,19,95,0,0,0,1,0,respiratory,NONE,LOW
47,34,27,87,1,0,0,1,1,cardiac,NONE,HIGH
48,92,16,97,0,0,0,0,0,other,OTHER,LOW
46,151,32,86,0,1,3,1,1,accident,FALL,CRITICAL
52,54,22,94,0,0,0,1,0,other,NONE,MEDIUM
39,38,29,91,1,1,3,0,0,accident,INDUSTRIAL,HIGH
36,114,22,93,0,1,0,1,0,trauma,ROAD,MEDIUM
21,109,19,95,0,0,0,1,1,other,NONE,MEDIUM
51,108,17,94,0,1,0,0,0,accident,ROAD,MEDIUM
63,25,30,86,3,0,0,1,1,cardiac,NONE,CRITICAL
16,95,15,97,0,0,0,0,0,other,OTHER,LOW
42,128,26,91,2,0,0,1,0,respiratory,NONE,HIGH
67,136,23,91,0,2,2,0,0,trauma,OTHER,HIGH
67,25,28,86,3,0,1,0,1,cardiac,NONE,CRITICAL
53,92,14,96,0,0,0,0,0,other,NONE,LOW
31,113,20,93,0,0,2,0,0,fire,FIRE,MEDIUM
39,106,20,94,0,0,1,0,0,other,OTHER,MEDIUM
33,109,20,94,0,2,2,0,0,accident,ROAD,MEDIUM
31,113,20,93,0,1,2,1,0,accident,ROAD,MEDIUM
58,89,16,95,0,0,0,0,0,accident,FALL,LOW
73,88,16,95,0,0,0,0,0,accident,ROAD,LOW
67,112,20,95,0,0,0,0,0,cardiac,NONE,MEDIUM
21,73,17,97,0,0,0,0,0,other,NONE,LOW
75,114,18,93,0,0,0,0,1,stroke,NONE,MEDIUM
26,27,23,90,0,0,1,1,0,respiratory,NONE,HIGH
51,126,24,90,2,0,0,0,1,stroke,NONE,HIGH
15,154,32,86,0,2,1,0,1,cardiac,NONE,CRITICAL
7,109,22,91,0,0,0,0,0,other,OTHER,MEDIUM
27,87,11,97,0,0,0,1,0,respiratory,NONE,LOW
1,132,20,90,1,2,0,1,1,trauma,INDUSTRIAL,HIGH
63,156,30,84,3,0,0,1,0,respiratory,NONE,CRITICAL
35,96,14,97,0,0,0,0,0,other,NONE,LOW
41,121,21,94,0,0,3,1,0,fire,FIRE,MEDIUM
45,92,13,94,0,0,1,0,0,accident,INDUSTRIAL,LOW
41,67,19,97,0,0,0,1,0,other,OTHER,LOW
34,138,21,91,0,1,3,1,0,accident,ROAD,HIGH
86,41,25,91,1,0,0,0,1,accident,FALL,HIGH
11,107,21,90,0,1,0,1,0,trauma,INDUSTRIAL,MEDIUM
66,147,31,86,2,3,3,1,0,accident,INDUSTRIAL,CRITICAL
46,110,19,94,0,0,1,0,0,cardiac,NONE,MEDIUM
15,132,20,90,1,0,1,1,1,other,NONE,HIGH
78,129,24,91,0,0,0,1,0,trauma,INDUSTRIAL,HIGH
46,108,22,92,0,2,2,0,1,accident,INDUSTRIAL,MEDIUM
41,91,16,96,0,0,1,0,0,trauma,OTHER,LOW
13,150,26,82,1,1,2,1,1,trauma,OTHER,CRITICAL
65,107,17,93,0,0,0,0,1,respiratory,NONE,MEDIUM
34,130,23,89,2,3,2,1,0,trauma,OTHER,HIGH
51,115,22,95,0,0,0,1,1,other,OTHER,MEDIUM
46,127,29,91,0,2,3,1,0,accident,FALL,HIGH
37,130,26,89,3,1,0,0,0,respiratory,NONE,HIGH
44,108,18,95,0,0,1,0,0,respiratory,NONE,MEDIUM
42,92,18,97,0,0,0,0,0,fire,FIRE,LOW
48,87,17,96,0,0,0,0,0,respiratory,NONE,LOW
99,154,28,85,3,1,0,1,1,cardiac,NONE,CRITICAL
44,124,23,90,0,1,2,1,1,fire,FIRE,HIGH
41,116,21,95,0,1,2,0,0,accident,ROAD,MEDIUM
39,148,30,85,1,0,0,1,1,respiratory,NONE,CRITICAL
46,105,16,95,0,0,0,0,0,other,OTHER,MEDIUM
31,142,30,83,3,2,3,1,0,trauma,FALL,CRITICAL
51,129,25,91,3,0,0,1,0,respiratory,NONE,HIGH
37,93,12,95,0,1,1,0,0,accident,ROAD,LOW
26,105,27,94,0,0,0,1,0,respiratory,NONE,MEDIUM
57,148,30,82,2,0,0,1,1,trauma,ROAD,CRITICAL
55,126,25,91,2,0,0,1,0,stroke,NONE,HIGH
32,73,19,95,0,0,0,0,0,trauma,OTHER,LOW
62,122,22,90,1,0,0,1,0,cardiac,NONE,HIGH
74,144,26,82,1,1,0,0,1,cardiac,NONE,CRITICAL
67,25,25,85,3,0,0,1,1,cardiac,NONE,CRITICAL
58,25,28,85,3,3,1,1,0,accident,ROAD,CRITICAL
33,153,27,86,3,0,0,1,0,other,OTHER,CRITICAL
39,127,20,91,0,0,0,0,1,other,NONE,HIGH
40,99,17,97,0,0,0,0,0,other,OTHER,LOW
6,92,21,96,0,0,0,0,0,trauma,INDUSTRIAL,LOW
43,111,17,93,0,0,0,0,0,respiratory,NONE,MEDIUM
22,111,21,95,3,0,0,1,0,respiratory,NONE,MEDIUM
37,68,15,96,0,1,0,0,0,trauma,INDUSTRIAL,LOW
51,103,13,96,0,0,0,0,0,other,NONE,LOW
15,89,17,94,0,0,0,0,0,accident,INDUSTRIAL,LOW
56,112,21,94,0,0,0,1,0,stroke,NONE,MEDIUM
30,124,23,90,2,0,0,1,0,other,OTHER,HIGH
18,115,20,94,0,2,1,0,0,trauma,FALL,MEDIUM
45,25,29,86,0,3,1,1,0,accident,INDUSTRIAL,CRITICAL
99,123,24,90,1,0,0,1,1,stroke,NONE,HIGH
25,112,18,94,0,0,1,0,0,respiratory,NONE,MEDIUM
43,117,20,94,0,0,3,0,0,fire,FIRE,MEDIUM
69,77,17,96,0,0,0,0,0,other,OTHER,LOW
29,119,20,94,1,2,0,0,0,accident,ROAD,MEDIUM
51,126,23,91,0,1,0,1,0,accident,ROAD,MEDIUM
29,92,14,96,0,0,0,0,0,trauma,OTHER,MEDIUM
35,105,18,94,1,0,0,0,0,other,OTHER,MEDIUM
55,142,32,86,1,0,1,0,1,cardiac,NONE,CRITICAL
38,42,23,89,1,3,1,1,1,fire,FIRE,HIGH
32,99,16,96,0,0,0,0,0,fire,FIRE,LOW
66,108,18,93,0,0,0,0,0,fire,FIRE,MEDIUM
26,98,17,94,0,0,0,0,0,other,OTHER,LOW
42,132,28,91,1,1,2,0,1,accident,INDUSTRIAL,CRITICAL
52,95,13,95,0,0,0,0,0,other,OTHER,LOW
14,89,15,95,0,0,0,0,0,accident,FALL,LOW
49,91,17,95,0,0,0,0,0,accident,ROAD,LOW
39,108,20,92,0,0,0,0,1,respiratory,NONE,MEDIUM
7,70,17,95,0,0,0,1,0,other,OTHER,LOW
24,114,13,95,0,0,0,0,1,respiratory,NONE,MEDIUM
70,111,19,91,1,0,0,0,0,respiratory,NONE,MEDIUM
54,117,21,91,0,0,0,0,0,cardiac,NONE,MEDIUM
11,91,14,97,0,1,0,0,0,other,OTHER,LOW
33,102,10,95,0,0,0,0,0,other,OTHER,LOW
35,123,22,91,0,1,3,1,1,trauma,FALL,HIGH
47,112,22,93,0,0,0,1,0,trauma,OTHER,LOW
67,131,23,90,1,0,0,0,0,respiratory,NONE,HIGH
79,110,22,94,0,0,0,0,0,cardiac,NONE,MEDIUM
58,123,24,91,1,0,0,0,0,stroke,NONE,HIGH
40,126,26,90,0,3,0,1,0,accident,INDUSTRIAL,HIGH
36,147,32,85,3,1,1,0,1,cardiac,NONE,CRITICAL
60,106,19,91,0,0,0,0,0,respiratory,NONE,LOW
52,122,22,90,3,0,1,0,0,accident,ROAD,HIGH
6,91,15,96,0,0,1,0,0,other,NONE,LOW
30,117,22,95,0,0,1,0,0,trauma,INDUSTRIAL,MEDIUM
36,88,16,96,0,0,0,0,0,other,NONE,LOW
53,25,27,85,3,0,1,1,0,stroke,NONE,CRITICAL
26,107,21,92,0,1,0,0,0,accident,ROAD,MEDIUM
62,116,19,95,0,0,0,0,1,cardiac,NONE,MEDIUM
53,108,16,92,0,0,1,1,1,accident,INDUSTRIAL,MEDIUM
54,88,12,96,0,0,0,0,0,other,NONE,LOW
24,124,20,90,1,0,0,1,1,accident,FALL,HIGH
66,125,27,90,1,0,2,0,0,accident,ROAD,HIGH
44,120,18,92,0,0,0,1,0,fire,FIRE,MEDIUM
25,107,15,95,0,1,2,0,0,accident,ROAD,MEDIUM
39,138,27,91,2,1,3,1,0,accident,ROAD,HIGH
53,60,20,92,0,1,0,0,0,accident,FALL,MEDIUM
43,27,25,90,0,0,0,0,0,other,NONE,HIGH
47,89,16,97,0,0,0,0,0,other,OTHER,LOW
58,126,25,91,2,0,1,1,1,respiratory,NONE,HIGH
88,129,26,90,0,0,0,0,0,respiratory,NONE,HIGH
48,127,21,91,1,0,1,0,1,accident,ROAD,HIGH
24,125,21,90,0,0,1,1,0,trauma,ROAD,HIGH
51,112,18,92,0,0,0,1,0,accident,ROAD,MEDIUM
41,59,21,93,2,2,0,0,0,trauma,FALL,MEDIUM
56,110,23,94,0,0,1,0,0,other,OTHER,MEDIUM
56,91,17,96,0,0,1,0,0,fire,FIRE,LOW
56,124,20,89,2,0,0,1,1,stroke,NONE,HIGH
79,87,16,97,0,0,0,1,0,respiratory,NONE,LOW
86,148,26,86,3,0,1,0,1,stroke,NONE,CRITICAL
24,123,20,92,0,0,0,0,1,respiratory,NONE,MEDIUM
99,25,29,84,3,0,1,1,1,stroke,NONE,CRITICAL
24,112,18,93,0,2,2,0,0,trauma,FALL,MEDIUM
5,48,22,95,1,1,0,0,1,cardiac,NONE,MEDIUM
72,131,28,91,0,1,1,0,1,cardiac,NONE,HIGH
35,130,24,91,1,1,2,1,0,trauma,FALL,HIGH
39,25,25,90,1,0,1,0,1,respiratory,NONE,HIGH
49,59,20,94,0,1,0,0,0,stroke,NONE,MEDIUM
59,146,28,84,1,2,0,1,1,cardiac,NONE,CRITICAL
99,109,17,93,0,0,0,0,1,cardiac,NONE,MEDIUM
56,109,15,94,0,0,0,1,0,respiratory,NONE,MEDIUM
37,86,15,97,0,0,0,0,1,other,OTHER,LOW
13,74,16,96,0,1,0,0,0,trauma,ROAD,LOW
55,73,19,97,0,0,0,0,0,respiratory,NONE,LOW
20,78,17,97,0,0,0,0,0,accident,ROAD,LOW
5,25,28,85,1,0,3,0,0,accident,ROAD,CRITICAL
29,162,29,84,1,0,1,1,1,respiratory,NONE,CRITICAL
58,86,16,97,1,0,0,0,0,other,NONE,LOW
59,129,25,91,0,1,2,0,0,trauma,INDUSTRIAL,HIGH
40,106,22,94,0,0,0,0,0,respiratory,NONE,MEDIUM
44,93,14,96,0,0,1,0,0,accident,ROAD,LOW
67,123,25,91,1,1,0,1,1,other,OTHER,HIGH
36,105,18,93,0,0,2,0,0,accident,ROAD,MEDIUM
51,127,26,88,1,0,0,1,0,respiratory,NONE,HIGH
25,150,29,85,2,0,1,1,0,other,OTHER,CRITICAL
68,142,30,83,1,2,2,1,0,accident,INDUSTRIAL,CRITICAL
29,65,11,94,0,0,0,0,0,other,NONE,LOW
13,115,21,95,0,0,0,0,0,other,NONE,MEDIUM
13,125,23,87,3,1,1,0,1,fire,FIRE,HIGH
43,92,18,97,0,0,0,0,0,accident,ROAD,LOW
37,87,15,97,0,1,0,0,0,accident,FALL,LOW
55,25,27,85,2,1,0,0,0,stroke,NONE,CRITICAL
49,123,30,89,1,0,0,1,1,stroke,NONE,HIGH
10,97,16,95,0,0,0,0,0,other,OTHER,LOW
85,119,15,93,0,1,1,0,1,cardiac,NONE,MEDIUM
31,91,17,96,0,0,0,0,0,other,NONE,LOW
19,144,28,84,1,1,0,1,0,respiratory,NONE,CRITICAL
88,25,28,84,1,1,0,1,0,stroke,NONE,CRITICAL
52,90,15,94,0,0,0,0,0,other,NONE,LOW
74,54,22,91,0,0,0,1,0,other,OTHER,MEDIUM
44,113,21,92,0,2,1,1,1,fire,FIRE,MEDIUM
39,133,21,91,1,0,0,0,0,other,OTHER,HIGH
77,150,26,86,2,1,0,0,1,other,OTHER,CRITICAL
64,117,19,95,0,2,0,1,0,fire,FIRE,MEDIUM
80,96,13,95,0,0,0,0,0,respiratory,NONE,LOW
45,57,16,95,1,0,2,0,0,accident,ROAD,MEDIUM
57,120,21,94,0,0,1,0,0,trauma,FALL,MEDIUM
38,130,25,91,0,0,0,1,0,cardiac,NONE,HIGH
65,94,16,97,0,0,0,1,0,accident,ROAD,LOW
6,109,18,93,0,0,0,0,0,respiratory,NONE,MEDIUM
32,102,18,97,0,0,0,0,0,stroke,NONE,LOW
55,125,21,91,0,1,0,0,1,cardiac,NONE,HIGH
62,27,25,89,2,0,0,1,1,respiratory,NONE,HIGH
43,105,18,92,0,2,3,0,0,accident,ROAD,MEDIUM
34,106,20,92,0,1,0,1,0,accident,ROAD,MEDIUM
33,153,30,85,3,1,1,1,1,cardiac,NONE,CRITICAL
57,153,25,83,2,0,2,1,0,trauma,FALL,CRITICAL
64,158,28,84,1,1,0,1,1,stroke,NONE,CRITICAL
61,145,27,85,1,0,0,0,1,cardiac,NONE,CRITICAL
50,59,17,95,2,0,1,0,0,accident,FALL,MEDIUM
55,151,26,86,2,0,0,1,1,respiratory,NONE,CRITICAL
84,143,26,84,1,2,0,0,1,stroke,NONE,CRITICAL
64,112,21,95,0,3,1,0,0,accident,ROAD,MEDIUM
77,142,23,90,3,1,0,0,1,cardiac,NONE,CRITICAL
19,123,23,90,1,0,2,0,1,accident,ROAD,HIGH
27,111,20,92,0,2,2,0,0,accident,INDUSTRIAL,MEDIUM
54,131,26,90,0,0,0,0,0,other,OTHER,HIGH
42,105,20,94,0,0,1,0,0,accident,ROAD,MEDIUM
31,149,27,82,2,0,0,0,1,cardiac,NONE,HIGH
65,89,18,96,0,0,1,0,0,trauma,OTHER,LOW
47,91,14,97,0,0,1,0,0,other,OTHER,LOW
71,92,15,96,0,0,0,1,0,trauma,INDUSTRIAL,LOW
57,151,25,82,2,2,1,1,1,cardiac,NONE,CRITICAL
39,106,19,94,0,1,1,1,0,trauma,FALL,MEDIUM
51,130,25,91,1,1,2,0,1,fire,FIRE,MEDIUM
41,93,12,96,0,1,1,0,0,trauma,FALL,LOW
74,111,17,93,0,0,0,0,1,stroke,NONE,MEDIUM
64,105,17,95,0,1,0,0,0,cardiac,NONE,MEDIUM
52,143,28,84,3,0,1,1,0,stroke,NONE,CRITICAL
71,131,28,89,1,0,2,1,1,cardiac,NONE,HIGH
85,143,29,85,2,1,0,1,1,cardiac,NONE,CRITICAL
30,92,13,96,0,2,0,0,0,respiratory,NONE,LOW
37,150,28,84,3,0,0,0,0,accident,ROAD,CRITICAL
60,113,20,94,0,0,1,0,0,accident,INDUSTRIAL,HIGH
59,98,13,97,0,0,0,0,0,other,OTHER,LOW
58,147,32,85,1,1,2,1,1,cardiac,NONE,CRITICAL
60,37,25,90,1,0,0,1,1,cardiac,NONE,HIGH
31,107,18,95,0,2,0,0,0,accident,ROAD,MEDIUM
25,89,15,97,0,0,0,0,0,other,NONE,LOW
54,148,34,85,0,1,3,1,1,trauma,ROAD,CRITICAL
20,112,23,95,0,3,0,0,0,accident,INDUSTRIAL,MEDIUM
22,159,23,81,2,3,2,0,0,trauma,ROAD,CRITICAL
65,106,20,94,0,1,0,1,0,respiratory,NONE,MEDIUM
64,132,21,90,2,0,0,1,1,cardiac,NONE,HIGH
49,68,16,97,0,0,0,0,1,cardiac,NONE,LOW
66,132,24,91,2,0,0,1,0,cardiac,NONE,HIGH
6,110,17,94,0,0,0,0,0,other,OTHER,MEDIUM
64,125,20,94,0,0,2,0,0,accident,ROAD,MEDIUM
24,128,24,94,0,0,0,1,1,accident,INDUSTRIAL,MEDIUM
25,104,20,94,0,0,0,0,0,accident,FALL,MEDIUM
44,107,18,95,0,0,0,0,0,other,NONE,MEDIUM
47,111,19,95,0,0,2,1,1,trauma,FALL,MEDIUM
32,123,25,89,1,2,3,0,0,accident,ROAD,HIGH
57,90,14,96,0,0,0,1,0,fire,FIRE,LOW
28,110,19,93,0,0,0,0,0,other,NONE,MEDIUM
20,126,26,90,2,1,0,1,1,respiratory,NONE,HIGH
22,37,25,86,1,0,0,0,0,other,NONE,HIGH
13,91,17,97,0,1,0,0,0,accident,ROAD,LOW
16,110,26,94,0,1,1,0,0,trauma,INDUSTRIAL,MEDIUM
25,120,23,91,0,0,0,0,0,respiratory,NONE,MEDIUM
41,152,27,81,3,3,2,1,0,accident,ROAD,CRITICAL
66,56,20,90,0,1,1,0,0,accident,FALL,MEDIUM
28,104,15,97,0,0,0,0,0,other,NONE,LOW
64,130,24,91,0,0,0,0,0,other,NONE,HIGH
79,90,11,95,0,0,0,0,0,other,NONE,LOW
19,126,21,91,0,0,0,1,0,respiratory,NONE,HIGH
56,103,18,97,0,0,0,0,0,other,OTHER,LOW
43,60,17,93,0,1,0,0,1,other,OTHER,MEDIUM
26,97,15,97,0,0,0,0,0,accident,INDUSTRIAL,LOW
54,28,25,88,0,1,2,1,0,cardiac,NONE,HIGH
58,112,18,94,1,0,0,0,1,cardiac,NONE,HIGH
12,50,14,93,0,0,0,1,0,trauma,ROAD,MEDIUM
38,132,20,91,0,1,0,0,0,trauma,OTHER,HIGH
65,116,19,93,0,0,0,0,0,accident,INDUSTRIAL,MEDIUM
18,100,14,97,0,0,0,0,0,other,OTHER,LOW
16,124,24,94,0,0,1,0,0,accident,FALL,MEDIUM
80,56,20,94,0,0,0,0,1,stroke,NONE,MEDIUM
56,132,22,87,1,0,0,0,1,stroke,NONE,HIGH
54,123,21,87,1,0,1,0,0,cardiac,NONE,HIGH
31,117,22,94,0,0,0,1,1,respiratory,NONE,MEDIUM
12,105,23,95,0,2,0,0,0,trauma,INDUSTRIAL,MEDIUM
4,106,14,95,0,0,1,1,1,other,NONE,MEDIUM
49,126,21,89,1,0,2,0,0,accident,ROAD,HIGH
43,129,24,90,3,1,1,1,1,fire,FIRE,HIGH
47,144,28,86,3,3,1,1,1,trauma,ROAD,CRITICAL
63,88,18,97,0,1,0,0,0,accident,ROAD,LOW
48,34,23,89,0,0,0,0,1,other,OTHER,HIGH
65,149,28,84,0,0,0,0,1,cardiac,NONE,CRITICAL
57,107,16,95,0,1,0,0,1,accident,ROAD,MEDIUM
37,130,25,91,0,2,3,1,0,accident,ROAD,HIGH
1,116,16,94,0,1,1,0,0,accident,ROAD,MEDIUM
78,100,13,95,0,0,0,1,0,cardiac,NONE,LOW
51,125,25,91,0,0,0,1,1,cardiac,NONE,HIGH
47,110,24,92,0,0,0,1,0,respiratory,NONE,MEDIUM
18,90,20,97,0,0,0,1,0,respiratory,NONE,LOW
67,143,30,83,3,3,2,1,1,trauma,OTHER,CRITICAL
68,88,13,97,0,0,0,0,0,respiratory,NONE,LOW
91,88,15,97,0,0,0,0,0,other,NONE,LOW
47,89,19,96,0,0,0,0,0,other,NONE,LOW
17,65,15,96,0,0,0,0,0,other,OTHER,LOW
49,105,19,94,0,0,0,1,0,other,OTHER,MEDIUM
20,125,22,90,2,3,1,1,1,trauma,INDUSTRIAL,HIGH
41,90,16,96,0,0,0,0,0,other,OTHER,LOW
54,91,15,96,0,0,0,0,1,cardiac,NONE,LOW
52,31,24,90,1,0,0,1,1,stroke,NONE,HIGH
64,107,21,92,0,0,0,0,0,respiratory,NONE,MEDIUM
65,94,16,96,0,0,0,0,0,other,NONE,LOW
1,112,20,95,0,0,0,1,1,respiratory,NONE,MEDIUM
63,123,25,88,0,1,2,0,0,trauma,INDUSTRIAL,HIGH
67,126,15,92,2,0,0,0,1,cardiac,NONE,MEDIUM
30,128,21,93,0,0,3,1,1,accident,ROAD,MEDIUM
48,86,14,96,0,0,0,0,0,accident,INDUSTRIAL,LOW
31,148,27,86,2,3,2,0,1,accident,ROAD,CRITICAL
51,99,20,97,0,1,0,0,0,other,NONE,LOW
28,105,15,94,0,1,0,1,1,other,NONE,MEDIUM
54,136,28,89,0,0,0,1,0,respiratory,NONE,HIGH
77,77,16,96,0,0,1,0,0,other,NONE,LOW
42,60,19,95,0,0,1,0,0,cardiac,NONE,MEDIUM
52,34,25,88,2,3,2,1,1,trauma,OTHER,HIGH
26,156,26,83,3,1,2,0,0,accident,FALL,CRITICAL
42,126,24,91,1,0,3,1,1,fire,FIRE,HIGH
21,146,28,84,2,1,3,0,0,trauma,ROAD,CRITICAL
53,148,31,84,3,1,3,0,0,accident,FALL,CRITICAL
65,104,19,93,0,2,1,1,0,trauma,ROAD,MEDIUM
55,158,27,86,3,0,0,1,1,other,OTHER,CRITICAL
13,146,29,85,0,0,0,1,1,cardiac,NONE,CRITICAL
27,89,19,97,0,0,0,0,0,other,OTHER,LOW
25,107,17,94,0,0,1,0,0,other,OTHER,MEDIUM
83,106,19,95,0,2,1,0,0,trauma,FALL,MEDIUM
49,103,13,97,0,0,0,0,0,accident,ROAD,LOW
66,89,15,97,0,0,0,0,0,accident,ROAD,LOW
59,131,24,89,0,0,1,1,1,respiratory,NONE,HIGH
35,112,21,94,0,0,0,1,0,other,NONE,MEDIUM
73,104,20,95,1,0,0,0,0,cardiac,NONE,MEDIUM
36,158,28,85,1,3,1,1,0,accident,ROAD,CRITICAL
77,39,21,90,1,1,2,0,1,accident,INDUSTRIAL,HIGH
54,107,16,94,1,0,1,0,0,fire,FIRE,MEDIUM
31,127,25,91,0,0,0,0,0,other,OTHER,HIGH
42,131,21,91,1,0,1,1,1,respiratory,NONE,HIGH
40,56,19,94,1,0,0,0,1,trauma,INDUSTRIAL,MEDIUM
44,122,14,94,0,0,0,0,0,respiratory,NONE,MEDIUM
54,107,21,95,0,0,0,0,1,respiratory,NONE,MEDIUM
69,128,22,91,2,0,2,0,0,respiratory,NONE,HIGH
49,106,13,97,0,0,0,0,0,other,NONE,LOW
10,135,24,89,2,2,0,1,0,fire,FIRE,HIGH
40,25,26,91,1,0,0,1,0,cardiac,NONE,HIGH
51,148,30,84,0,1,0,1,0,respiratory,NONE,CRITICAL
38,138,25,90,2,1,0,1,0,respiratory,NONE,HIGH
88,123,24,90,0,0,0,1,0,cardiac,NONE,HIGH
63,47,21,93,0,0,2,0,0,trauma,INDUSTRIAL,MEDIUM
32,92,17,96,0,0,0,0,0,other,OTHER,LOW
38,100,15,96,0,0,1,0,0,accident,FALL,LOW
34,113,21,95,0,0,2,0,0,accident,ROAD,LOW
69,108,17,95,0,0,0,0,0,other,OTHER,LOW
75,142,29,86,3,0,0,1,1,stroke,NONE,CRITICAL
37,95,18,97,0,1,0,0,0,trauma,INDUSTRIAL,LOW
46,99,16,96,0,0,0,0,0,respiratory,NONE,LOW
57,111,22,92,0,0,1,1,0,trauma,OTHER,MEDIUM
27,109,21,94,0,0,0,0,0,other,OTHER,MEDIUM
37,113,22,95,0,1,0,0,0,accident,INDUSTRIAL,HIGH
37,64,17,97,0,0,0,1,0,other,NONE,LOW
61,151,29,85,0,1,0,1,0,respiratory,NONE,CRITICAL
34,110,21,95,0,0,0,0,0,other,OTHER,MEDIUM
37,91,14,97,0,0,0,0,0,trauma,FALL,LOW
57,31,22,91,1,0,0,0,0,stroke,NONE,HIGH
53,106,22,91,0,0,1,1,0,respiratory,NONE,MEDIUM
43,104,23,93,0,0,1,0,0,other,NONE,MEDIUM
59,112,21,93,0,1,0,0,1,stroke,NONE,MEDIUM
68,25,33,83,2,2,2,1,1,accident,FALL,CRITICAL
76,123,27,91,1,3,1,0,0,trauma,FALL,HIGH
38,106,20,94,0,1,1,0,1,accident,ROAD,MEDIUM
63,59,22,95,0,0,1,0,0,respiratory,NONE,MEDIUM
44,25,30,84,2,0,0,1,0,respiratory,NONE,CRITICAL
40,25,27,85,2,0,1,1,1,stroke,NONE,CRITICAL
57,147,29,83,3,0,0,1,1,stroke,NONE,CRITICAL
61,91,17,95,0,0,0,0,1,other,NONE,LOW
39,131,29,90,3,0,1,1,1,stroke,NONE,HIGH
37,97,15,97,0,0,0,0,0,accident,ROAD,LOW
8,132,24,91,0,1,2,1,0,trauma,ROAD,HIGH
66,88,11,95,0,0,0,1,1,cardiac,NONE,LOW
78,109,19,94,0,1,2,0,0,trauma,FALL,MEDIUM
73,123,24,89,1,2,2,0,0,accident,ROAD,HIGH
53,106,21,94,0,0,0,1,0,respiratory,NONE,MEDIUM
24,40,23,91,0,2,1,0,0,trauma,ROAD,HIGH
63,89,17,97,0,0,0,0,0,other,NONE,LOW
25,119,21,92,0,0,0,0,0,other,OTHER,MEDIUM
74,144,32,85,2,0,0,0,1,cardiac,NONE,CRITICAL
28,98,16,96,0,0,0,0,0,other,OTHER,LOW
52,107,18,94,1,1,0,0,0,accident,ROAD,MEDIUM
24,71,17,97,0,0,0,0,0,other,OTHER,LOW
87,109,22,94,0,0,0,0,0,cardiac,NONE,MEDIUM
36,125,23,89,2,0,0,0,0,cardiac,NONE,HIGH
43,121,20,92,1,0,0,0,1,respiratory,NONE,MEDIUM
30,123,30,90,0,1,1,0,0,other,NONE,HIGH
39,146,25,83,1,2,2,0,1,trauma,INDUSTRIAL,CRITICAL
36,67,14,96,0,0,1,0,0,accident,ROAD,MEDIUM
46,41,20,94,0,0,0,0,1,respiratory,NONE,MEDIUM
15,128,19,91,1,0,0,1,1,accident,INDUSTRIAL,HIGH
36,71,16,97,0,0,1,0,0,accident,ROAD,LOW
36,59,18,94,0,0,0,1,0,stroke,NONE,MEDIUM
33,89,24,96,0,0,1,1,0,accident,ROAD,LOW
28,133,25,90,2,0,1,1,0,accident,INDUSTRIAL,HIGH
47,113,20,93,0,0,0,0,0,other,NONE,MEDIUM
70,125,23,91,0,1,0,0,1,cardiac,NONE,HIGH
15,25,24,91,0,0,0,1,1,cardiac,NONE,HIGH
65,123,21,89,0,0,0,0,0,stroke,NONE,HIGH
7,105,19,94,0,1,3,0,1,trauma,ROAD,MEDIUM
57,135,26,90,1,1,0,0,0,other,NONE,HIGH
41,127,24,89,1,0,2,1,0,stroke,NONE,HIGH
23,100,14,96,0,0,1,0,0,other,OTHER,LOW
61,155,30,84,1,3,3,0,0,accident,INDUSTRIAL,CRITICAL
40,91,18,97,0,0,0,1,0,respiratory,NONE,LOW
54,25,28,84,1,0,2,1,1,cardiac,NONE,CRITICAL
76,33,26,91,0,0,1,1,0,accident,FALL,HIGH
52,90,13,97,0,0,0,1,0,fire,FIRE,LOW
28,89,16,97,0,0,0,0,0,other,NONE,LOW
22,111,24,94,0,0,0,0,0,other,NONE,MEDIUM
2,108,18,94,0,1,2,0,1,accident,ROAD,MEDIUM
40,124,20,91,2,1,0,1,0,other,OTHER,HIGH
95,92,15,97,0,0,0,0,0,stroke,NONE,LOW
35,114,18,94,0,1,3,0,0,accident,INDUSTRIAL,MEDIUM
11,41,25,91,2,0,0,0,1,accident,INDUSTRIAL,HIGH
69,133,26,89,1,2,0,1,0,cardiac,NONE,HIGH
67,138,27,90,1,2,0,0,0,trauma,OTHER,HIGH
11,128,23,91,1,0,0,0,0,respiratory,NONE,HIGH
74,56,17,95,1,0,2,0,0,accident,FALL,MEDIUM
57,149,32,85,3,0,0,1,1,cardiac,NONE,CRITICAL
57,127,23,88,0,0,0,0,0,other,OTHER,HIGH
70,34,25,91,0,0,0,1,0,stroke,NONE,HIGH
52,124,23,89,1,0,1,1,1,respiratory,NONE,HIGH
99,123,25,90,0,0,0,0,1,cardiac,NONE,CRITICAL
60,125,22,89,0,1,2,1,0,other,NONE,HIGH
39,135,24,90,3,2,2,0,0,accident,ROAD,HIGH
93,73,16,97,0,0,0,0,0,stroke,NONE,LOW
61,106,22,94,0,0,0,0,0,fire,FIRE,MEDIUM
74,155,26,84,3,1,1,1,1,cardiac,NONE,CRITICAL
23,105,17,94,0,1,1,0,0,trauma,FALL,MEDIUM
46,136,23,89,3,0,0,0,0,other,NONE,HIGH
72,139,23,90,0,0,0,0,0,other,OTHER,HIGH
59,91,13,97,0,0,0,0,0,fire,FIRE,MEDIUM
16,77,15,97,0,0,0,0,0,trauma,FALL,LOW
46,41,24,90,2,2,2,1,0,accident,ROAD,HIGH
60,111,20,92,2,1,1,0,0,trauma,ROAD,MEDIUM
31,105,19,93,0,0,0,1,0,fire,FIRE,MEDIUM
68,25,26,89,1,0,1,1,0,trauma,INDUSTRIAL,HIGH
36,53,19,93,0,0,1,0,0,cardiac,NONE,MEDIUM
